sample_id,test_row_index,dataset_index,true_label,predicted_label,model_score_logit,exact_top3_group_ids,exact_top3_groups,old_top3_group_ids,old_top3_groups,top3_overlap_count,top3_overlap_jaccard,exact_shap_Protocol,exact_shap_Application,exact_shap_ConnectionState,exact_shap_Ports,exact_shap_TrafficVolume,old_linear_attr_Protocol,old_linear_attr_Application,old_linear_attr_ConnectionState,old_linear_attr_Ports,old_linear_attr_TrafficVolume
2200,2200,2594643,1,1,5.284811798503978,3;1;5,ConnectionState;Protocol;TrafficVolume,2;3;1,Application;ConnectionState;Protocol,2,0.5,0.6300954784335281,-0.1814848606704793,1.848084826592887,-0.07542408858244266,0.19861014804812416,2.8708806550894317,8.479556326758077,3.0350091043783687,0.0754251726167007,0.5481075171030854
2455,2455,1559895,1,1,1.410219529936022,2;3;1,Application;ConnectionState;Protocol,2;1;5,Application;Protocol;TrafficVolume,2,0.5,0.630095478433528,-1.1512184560095486,-0.9486739447275768,0.19295673132531813,-0.17787057376805973,2.8708806550894317,9.449289922097146,0.23825033305790488,0.19295564729105996,0.2912615403943059
2659,2659,1972021,1,1,2.4114625471834645,2;3;5,Application;ConnectionState;TrafficVolume,2;1;5,Application;Protocol;TrafficVolume,2,0.5,0.630095478433528,-1.1512184560095486,-0.9486739447275768,0.1978234847221332,0.8185056900825671,2.8708806550894317,9.449289922097146,0.23825033305790488,0.1978224006878753,2.424250471670789
2725,2725,307965,1,1,5.4632029416754655,3;1;5,ConnectionState;Protocol;TrafficVolume,2;3;1,Application;ConnectionState;Protocol,2,0.5,0.6300954784335281,-0.1814848606704793,1.848084826592887,0.10457970617606449,0.19699749646110407,2.8708806550894317,8.479556326758077,3.0350091043783687,0.1045786221418063,0.5497201686901052
2746,2746,3288567,1,1,0.6234911025556356,1;2;3,Protocol;Application;ConnectionState,2;1;5,Application;Protocol;TrafficVolume,2,0.5,-7.698729316728816,6.009024690103391,-0.9486739447275769,0.2001843185226984,0.1967550607035762,5.45794414007291,16.073237693339912,0.23825033305790488,0.20018323448844041,0.5293151395011377
3268,3268,2602865,1,1,2.234600523916744,3;1;5,ConnectionState;Protocol;TrafficVolume,2;1;5,Application;Protocol;TrafficVolume,2,0.5,0.630095478433528,-0.18148486067047953,-1.3038756369745874,-0.017435203531145187,0.24237045197706708,2.8708806550894317,8.479556326758077,0.11695135918910537,0.0174362875654034,0.5918678476573883
3562,3562,132225,1,1,2.339432261567813,3;1;5,ConnectionState;Protocol;TrafficVolume,2;1;5,Application;Protocol;TrafficVolume,2,0.5,0.6300954784335281,-0.18148486067047953,-1.3038756369745874,0.08578387834585088,0.2439831077511396,2.8708806550894317,8.479556326758077,0.11695135918910537,0.1411095725781711,0.590255191883316
3703,3703,2342123,1,1,2.285279539544401,3;1;5,ConnectionState;Protocol;TrafficVolume,2;1;5,Application;Protocol;TrafficVolume,2,0.5,0.630095478433528,-0.18148486067047953,-1.3038756369745874,0.03324381209651151,0.24237045197706705,2.8708806550894317,8.479556326758077,0.11695135918910537,0.055187339031595575,0.5918678476573883
3955,3955,286903,1,1,5.469383113909869,3;1;5,ConnectionState;Protocol;TrafficVolume,2;3;1,Application;ConnectionState;Protocol,2,0.5,0.6300954784335282,-0.1814848606704793,1.848084826592887,0.11075989462187685,0.19699748024969566,2.8708806550894317,8.479556326758077,3.0350091043783687,0.11075881058761888,0.5497201849015139
5001,5001,1958080,1,1,2.0517062709467684,2;3;1,Application;ConnectionState;Protocol,2;5;1,Application;TrafficVolume;Protocol,2,0.5,0.6300954784335281,-1.1512184560095486,-0.9486739447275768,0.16998608058952502,0.4865868179784795,2.8708806550894317,9.449289922097146,0.23825033305790488,0.2158338525584646,3.3149557599380244
6077,6077,2588570,1,1,2.4181776573698683,3;1;5,ConnectionState;Protocol;TrafficVolume,2;1;5,Application;Protocol;TrafficVolume,2,0.5,0.630095478433528,-0.18148486067047953,-1.3038756369745874,0.1661419299219786,0.24237045197706705,2.8708806550894317,8.479556326758077,0.11695135918910537,0.21919931050954797,0.5918678476573883
6184,6184,2943026,1,1,1.3380572221759701,3;4;1,ConnectionState;Ports;Protocol,2;1;4,Application;Protocol;Ports,2,0.5,0.630095478433528,-0.18148486067047953,-1.3038756369745874,-0.915591161045992,0.24398310775113952,2.8708806550894317,8.479556326758077,0.11695135918910537,0.9341506644940545,0.590255191883316
7005,7005,880516,1,1,6.3141565295271604,3;1;2,ConnectionState;Protocol;Application,2;3;1,Application;ConnectionState;Protocol,3,1.0,0.6300954784335281,-0.1814848606704793,2.7433941825235064,0.1651283896943514,0.09209304486389303,2.8708806550894317,8.479556326758077,3.9303184603089885,0.1989707926448701,0.34298952884447176
7323,7323,2747430,1,1,4.876020089181313,3;1;2,ConnectionState;Protocol;Application,2;1;3,Application;Protocol;ConnectionState,3,1.0,0.6300954784335281,-0.18148486067047934,1.2681788538573024,0.1353710712369558,0.15892925164164456,2.8708806550894317,8.479556326758077,2.4551031316427845,0.22860845043210581,0.47617271200783395
7927,7927,2327316,1,1,5.530176096389486,3;1;5,ConnectionState;Protocol;TrafficVolume,2;3;1,Application;ConnectionState;Protocol,2,0.5,0.6300954784335281,-0.1814848606704793,1.848084826592887,0.1699402220789436,0.19861013527224555,2.8708806550894317,8.479556326758077,3.0350091043783687,0.2141444437173895,0.5481075298789637
8962,8962,373753,1,1,5.43753139689668,3;1;5,ConnectionState;Protocol;TrafficVolume,2;3;1,Application;ConnectionState;Protocol,2,0.5,0.6300954784335281,-0.1814848606704793,1.848084826592887,0.07890814754779729,0.19699751031058563,2.8708806550894317,8.479556326758077,3.0350091043783687,0.07890706351353909,0.5497201548406239
9023,9023,1355363,1,1,2.895839117324672,3;1;2,ConnectionState;Protocol;Application,2;1;5,Application;Protocol;TrafficVolume,2,0.5,0.6300954784335281,-0.18148486067047953,-0.7641960350411057,0.1803054900789571,0.16618874984141077,2.8708806550894317,8.479556326758077,0.42272824274437615,0.1837936922602645,0.4608556560181486
9786,9786,1085753,1,0,-0.39602771956999216,1;2;3,Protocol;Application;ConnectionState,2;1;5,Application;Protocol;TrafficVolume,2,0.5,-7.698729316728816,4.981301397145514,-0.9486739447275767,0.20345189430744193,0.20169195575108212,5.45794414007291,15.045514400382036,0.23825033305790488,0.20345081027318399,0.5294142073162623
9817,9817,2993980,1,1,5.064898895199083,3;1;4,ConnectionState;Protocol;Ports,2;3;1,Application;ConnectionState;Protocol,2,0.5,0.6300954784335281,-0.1814848606704793,1.848084826592887,-0.2969496352076124,0.2002227913683992,2.8708806550894317,8.479556326758077,3.0350091043783687,0.3045971044145313,0.5464948737828104
10629,10629,662149,1,1,3.5958949727931464,1;5;2,Protocol;TrafficVolume;Application,2;1;3,Application;Protocol;ConnectionState,2,0.5,0.630095478433528,-0.18148486067047953,-0.07440369469235474,0.1579436279431641,0.19881412709692683,2.8708806550894317,8.479556326758077,1.112520583093127,0.20615555439605718,0.5418603768825558
10851,10851,1797084,1,1,2.4007286199733437,3;1;5,ConnectionState;Protocol;TrafficVolume,2;1;5,Application;Protocol;TrafficVolume,2,0.5,0.630095478433528,-0.18148486067047953,-1.3038756369745874,0.14869289252545403,0.24237045197706705,2.8708806550894317,8.479556326758077,0.11695135918910537,0.21540628981376742,0.5918678476573883
11105,11105,1360183,1,1,2.8982618327306824,3;1;4,ConnectionState;Protocol;Ports,2;1;5,Application;Protocol;TrafficVolume,1,0.2,0.630095478433528,-0.18148486067047953,-0.7641960350411057,0.18272821740196357,0.16618873792441494,2.8708806550894317,8.479556326758077,0.42272824274437615,0.18272713336770535,0.4608556679351442
11401,11401,2013102,1,1,0.5131007837439632,1;2;3,Protocol;Application;ConnectionState,2;1;5,Application;Protocol;TrafficVolume,2,0.5,-7.698729316728816,6.009024690103391,-0.9486739447275769,0.17156241259402696,0.1149866478205752,5.45794414007291,16.073237693339912,0.23825033305790488,0.215873127235459,0.3902925575749403
11448,11448,1072606,1,1,2.872697486262938,3;1;4,ConnectionState;Protocol;Ports,2;1;3,Application;Protocol;ConnectionState,2,0.5,0.6300954784335281,-0.18148486067047953,-0.7641960350411057,0.1845066590911522,0.13884594976748185,2.8708806550894317,8.479556326758077,0.42272824274437615,0.18450557505689388,0.3897423796102397
12038,12038,2104877,1,1,0.5033297588445618,1;2;3,Protocol;Application;ConnectionState,2;1;5,Application;Protocol;TrafficVolume,2,0.5,-7.698729316728816,6.009024690103391,-0.9486739447275769,0.16179163354976142,0.11498640196543901,5.45794414007291,16.073237693339912,0.23825033305790488,0.22564390627972458,0.39029280343007644
12481,12481,137513,1,1,0.5660762267780024,4;3;1,Ports;ConnectionState;Protocol,2;1;4,Application;Protocol;Ports,2,0.5,0.630095478433528,-0.18148486067047953,-1.3038756369745874,-1.6875721564439599,0.24398310775113952,2.8708806550894317,8.479556326758077,0.11695135918910537,1.687573240478218,0.590255191883316
12597,12597,745910,1,1,6.333182949202538,3;1;4,ConnectionState;Protocol;Ports,2;3;1,Application;ConnectionState;Protocol,2,0.5,0.6300954784335282,-0.1814848606704793,2.743394182523506,0.18384994900093954,0.09239790523268178,2.8708806550894317,8.479556326758077,3.9303184603089885,0.18384886496668135,0.3432943892132606
14578,14578,758072,1,1,2.9040850397852895,3;1;4,ConnectionState;Protocol;Ports,2;1;5,Application;Protocol;TrafficVolume,1,0.2,0.630095478433528,-0.18148486067047953,-0.7641960350411057,0.1885514495788856,0.16618871280209957,2.8708806550894317,8.479556326758077,0.42272824274437615,0.19726848356910423,0.46085569305745944
15459,15459,1535914,1,1,0.9805251018636274,2;3;1,Application;ConnectionState;Protocol,2;1;5,Application;Protocol;TrafficVolume,2,0.5,0.630095478433528,-1.1512184560095486,-0.9486739447275767,0.18223283524796818,-0.5968411057631045,2.8708806550894317,9.449289922097146,0.23825033305790488,0.2035870979000214,0.6763662240198505
16013,16013,771880,1,1,6.313663704672376,3;1;2,ConnectionState;Protocol;Application,2;3;1,Application;ConnectionState;Protocol,3,1.0,0.6300954784335281,-0.1814848606704793,2.743394182523506,0.16461722082560273,0.0921113888778571,2.8708806550894317,8.479556326758077,3.9303184603089885,0.1994819615136189,0.3430078728584359
16252,16252,1872366,1,1,0.5211185789950545,1;2;3,Protocol;Application;ConnectionState,2;1;5,Application;Protocol;TrafficVolume,2,0.5,-7.698729316728816,6.009024690103391,-0.9486739447275769,0.1764398150386686,0.11812704062702471,5.45794414007291,16.073237693339912,0.23825033305790488,0.21099572479081752,0.3982312888028481
17408,17408,2767287,1,1,5.521202131912165,3;1;5,ConnectionState;Protocol;TrafficVolume,2;3;1,Application;ConnectionState;Protocol,2,0.5,0.6300954784335281,-0.1814848606704793,1.848084826592887,0.1609662580310649,0.19861013484280468,2.8708806550894317,8.479556326758077,3.0350091043783687,0.16645298858305044,0.5481075303084051
17658,17658,1366965,1,1,6.352474341659816,3;1;2,ConnectionState;Protocol;Application,2;3;1,Application;ConnectionState;Protocol,3,1.0,0.6300954784335282,-0.1814848606704793,2.743394182523506,0.1696117663916672,0.1259274802992323,2.8708806550894317,8.479556326758077,3.9303184603089885,0.19448741594755417,0.41875311079816835
18126,18126,2036095,1,1,0.4949860614700001,1;2;3,Protocol;Application;ConnectionState,2;1;5,Application;Protocol;TrafficVolume,2,0.5,-7.698729316728816,6.009024690103391,-0.9486739447275769,0.15344786810875632,0.11498647003188296,5.45794414007291,16.073237693339912,0.23825033305790488,0.23398767172072985,0.3902927353636326
18173,18173,3070842,1,1,5.402399448896748,3;1;5,ConnectionState;Protocol;TrafficVolume,2;3;1,Application;ConnectionState;Protocol,2,0.5,0.6300954784335281,-0.1814848606704793,1.848084826592887,0.04055091859741288,0.20022279126103878,2.8708806550894317,8.479556326758077,3.0350091043783687,0.04054983456315499,0.5464948738901707
18696,18696,1991070,1,1,1.8558363854942215,2;3;1,Application;ConnectionState;Protocol,2;1;5,Application;Protocol;TrafficVolume,2,0.5,0.630095478433528,-1.1512184560095486,-0.9486739447275768,0.16075309468742788,0.29994991842802965,2.8708806550894317,9.449289922097146,0.23825033305790488,0.22506683846056166,1.0882481510506086
18780,18780,354695,1,1,5.443838340534701,3;1;5,ConnectionState;Protocol;TrafficVolume,2;3;1,Application;ConnectionState;Protocol,2,0.5,0.6300954784335281,-0.1814848606704793,1.848084826592887,0.08521510965179414,0.1969974918446102,2.8708806550894317,8.479556326758077,3.0350091043783687,0.085214025617536,0.5497201733065991
20188,20188,1366654,1,1,6.342784071788506,3;1;4,ConnectionState;Protocol;Ports,2;3;1,Application;ConnectionState;Protocol,2,0.5,0.6300954784335281,-0.1814848606704793,2.7433941825235064,0.19602019463149217,0.08982878218809652,2.8708806550894317,8.479556326758077,3.9303184603089885,0.19601911059723426,0.3407252661686755
20276,20276,751645,1,0,-0.3966512701259819,1;2;3,Protocol;Application;ConnectionState,2;1;5,Application;Protocol;TrafficVolume,2,0.5,-7.698729316728816,4.981301397145514,-0.9486739447275767,0.20343414581450206,0.20108615368803284,5.45794414007291,15.045514400382036,0.23825033305790488,0.20343306178024403,0.5320344059975042
20891,20891,2972177,1,1,1.061438150284143,3;4;1,ConnectionState;Ports;Protocol,2;1;4,Application;Protocol;Ports,2,0.5,0.630095478433528,-0.18148486067047953,-1.3038756369745874,-1.192210232937819,0.24398310775113952,2.8708806550894317,8.479556326758077,0.11695135918910537,1.3027517331266145,0.590255191883316
21288,21288,1197616,1,1,2.864638287513385,3;1;2,ConnectionState;Protocol;Application,2;1;5,Application;Protocol;TrafficVolume,2,0.5,0.6300954784335281,-0.18148486067047953,-0.7641960350411057,0.14910466574304637,0.16618874436603412,2.8708806550894317,8.479556326758077,0.42272824274437615,0.21499451659617505,0.46085566149352497
21719,21719,170021,1,1,5.516859647054666,3;1;5,ConnectionState;Protocol;TrafficVolume,2;3;1,Application;ConnectionState;Protocol,2,0.5,0.6300954784335282,-0.1814848606704793,1.848084826592887,0.15823642755195255,0.19699748046441637,2.8708806550894317,8.479556326758077,3.0350091043783687,0.15823534351769444,0.5497201846867932
21837,21837,2990150,1,1,2.097639300439164,3;1;5,ConnectionState;Protocol;TrafficVolume,2;1;5,Application;Protocol;TrafficVolume,2,0.5,0.630095478433528,-0.18148486067047953,-1.3038756369745874,-0.15600908278279804,0.24398310775113954,2.8708806550894317,8.479556326758077,0.11695135918910537,0.2808668620178213,0.590255191883316
21970,21970,3125896,1,1,5.611812721971663,3;1;4,ConnectionState;Protocol;Ports,2;3;1,Application;ConnectionState;Protocol,2,0.5,0.6300954784335281,-0.1814848606704793,1.848084826592887,0.253189503757274,0.19699747917609242,2.8708806550894317,8.479556326758077,3.0350091043783687,0.2531884197230161,0.5497201859751171
22188,22188,407128,1,1,5.424061721086306,3;1;5,ConnectionState;Protocol;TrafficVolume,2;3;1,Application;ConnectionState;Protocol,2,0.5,0.6300954784335281,-0.1814848606704793,1.8480848265928873,0.06543850126151196,0.19699748078649731,2.8708806550894317,8.479556326758077,3.0350091043783687,0.06543741722725403,0.5497201843647121
22467,22467,2540702,1,1,5.416337972146652,3;1;5,ConnectionState;Protocol;TrafficVolume,2;3;1,Application;ConnectionState;Protocol,2,0.5,0.6300954784335281,-0.1814848606704793,1.8480848265928873,0.05610209772874852,0.1986101353796059,2.8708806550894317,8.479556326758077,3.0350091043783687,0.10915947831631773,0.5481075297716034
22526,22526,2977853,1,1,1.5041843079553334,3;4;1,ConnectionState;Ports;Protocol,2;1;4,Application;Protocol;Ports,2,0.5,0.630095478433528,-0.18148486067047953,-1.3038756369745874,-0.7494640752666287,0.24398310775113954,2.8708806550894317,8.479556326758077,0.11695135918910537,0.7494651593008869,0.590255191883316
24728,24728,2848935,1,1,2.324152860270382,3;1;5,ConnectionState;Protocol;TrafficVolume,2;1;5,Application;Protocol;TrafficVolume,2,0.5,0.630095478433528,-0.18148486067047953,-1.3038756369745874,0.07211713282249253,0.24237045197706705,2.8708806550894317,8.479556326758077,0.11695135918910537,0.14645901338955025,0.5918678476573883
25194,25194,3223562,1,1,5.573939239417494,3;1;4,ConnectionState;Protocol;Ports,2;3;1,Application;ConnectionState;Protocol,2,0.5,0.6300954784335281,-0.1814848606704793,1.848084826592887,0.2153160199147812,0.19699748046441637,2.8708806550894317,8.479556326758077,3.0350091043783687,0.21531493588052297,0.5497201846867932
25948,25948,1723820,1,1,3.699841828140419,3;2;1,ConnectionState;Application;Protocol,2;1;3,Application;Protocol;ConnectionState,3,1.0,0.6300954784335281,-1.1512184560095486,1.2681788538573024,0.011170647785377609,0.0766850093913982,2.8708806550894317,9.449289922097146,2.4551031316427845,0.032382920448564834,0.2668549122842385
26094,26094,2241465,1,1,5.285661279007391,3;1;5,ConnectionState;Protocol;TrafficVolume,2;3;1,Application;ConnectionState;Protocol,2,0.5,0.6300954784335281,-0.1814848606704793,1.848084826592887,-0.0761872611690941,0.20022280113818816,2.8708806550894317,8.479556326758077,3.0350091043783687,0.07618834520335202,0.5464948640130212
26654,26654,1346256,1,1,9.693187873449258,5;3;1,TrafficVolume;ConnectionState;Protocol,2;3;5,Application;ConnectionState;TrafficVolume,2,0.5,0.6300954784335282,-0.18148486067047953,2.743394182523506,0.16937393147290616,3.4668788470074343,2.8708806550894317,8.479556326758077,3.9303184603089885,0.19472525086631542,3.625685520332797
26820,26820,2988348,1,1,4.3009493771268685,3;4;1,ConnectionState;Ports;Protocol,2;3;1,Application;ConnectionState;Protocol,2,0.5,0.6300954784335281,-0.18148486067047934,1.848084826592887,-1.060899355868754,0.20022299395732546,2.8708806550894317,8.479556326758077,3.0350091043783687,1.137870553712477,0.5464946711938838
27408,27408,3237093,1,1,5.571340394111641,3;1;4,ConnectionState;Protocol;Ports,2;3;1,Application;ConnectionState;Protocol,2,0.5,0.6300954784335282,-0.1814848606704793,1.848084826592887,0.21271717482364938,0.19699748024969566,2.8708806550894317,8.479556326758077,3.0350091043783687,0.21271609078939108,0.5497201849015139
27841,27841,3182576,1,1,5.591497323305752,3;1;4,ConnectionState;Protocol;Ports,2;3;1,Application;ConnectionState;Protocol,2,0.5,0.6300954784335282,-0.1814848606704793,1.848084826592887,0.23287410358831817,0.19699748067913705,2.8708806550894317,8.479556326758077,3.0350091043783687,0.2328730195540603,0.5497201844720725
28792,28792,1620912,1,1,1.3638250017139495,2;3;1,Application;ConnectionState;Protocol,2;1;5,Application;Protocol;TrafficVolume,2,0.5,0.630095478433528,-1.1512184560095486,-0.9486739447275768,0.19577880924713825,-0.22708717991195246,2.8708806550894317,9.449289922097146,0.23825033305790488,0.19577772521288012,0.25339454918277543
29292,29292,358384,1,1,5.443774965033517,3;1;5,ConnectionState;Protocol;TrafficVolume,2;3;1,Application;ConnectionState;Protocol,2,0.5,0.6300954784335282,-0.1814848606704793,1.848084826592887,0.08515172234097523,0.19699750365424598,2.8708806550894317,8.479556326758077,3.0350091043783687,0.08515063830671694,0.5497201614969638
30743,30743,2583502,1,1,2.7594242233579105,4;1;5,Ports;Protocol;TrafficVolume,2;1;3,Application;Protocol;ConnectionState,1,0.2,0.6300954784335281,-0.18148486067047953,0.049936817686782924,-0.844811302977277,0.24075779620299498,2.8708806550894317,8.479556326758077,1.2368610954722645,0.9800983441507255,0.5934805034314606
30791,30791,37299,1,0,-0.48918005252222363,1;2;3,Protocol;Application;ConnectionState,2;1;5,Application;Protocol;TrafficVolume,2,0.5,-7.698729316728816,4.981301397145514,-0.9486739447275767,0.19318769482345055,0.11880382228284189,5.45794414007291,15.045514400382036,0.23825033305790488,0.1942478450060355,0.4166911889713075
32039,32039,2539577,1,1,2.4380918670446023,3;1;5,ConnectionState;Protocol;TrafficVolume,2;1;5,Application;Protocol;TrafficVolume,2,0.5,0.630095478433528,-0.18148486067047953,-1.3038756369745874,0.1860561395967126,0.24237045197706705,2.8708806550894317,8.479556326758077,0.11695135918910537,0.18605505556245452,0.5918678476573883
32623,32623,88222,1,1,2.4095527617572374,3;1;5,ConnectionState;Protocol;TrafficVolume,2;1;5,Application;Protocol;TrafficVolume,2,0.5,0.630095478433528,-0.18148486067047953,-1.3038756369745874,0.15751703430934783,0.24237045197706705,2.8708806550894317,8.479556326758077,0.11695135918910537,0.16212341813537523,0.5918678476573883
33449,33449,67100,1,1,1.7099407822462285,3;1;4,ConnectionState;Protocol;Ports,2;1;4,Application;Protocol;Ports,2,0.5,0.6300954784335282,-0.18148486067047953,-1.3038756369745874,-0.5437076009757336,0.24398310775113954,2.8708806550894317,8.479556326758077,0.11695135918910537,0.6410084043119461,0.590255191883316
33984,33984,940062,1,1,2.8781345351910614,3;1;2,ConnectionState;Protocol;Application,2;1;5,Application;Protocol;TrafficVolume,2,0.5,0.630095478433528,-0.18148486067047953,-0.7641960350411057,0.1626009449846575,0.16618871280209957,2.8708806550894317,8.479556326758077,0.42272824274437615,0.20149823735456382,0.46085569305745944
34098,34098,1746526,1,1,1.4357172071010011,3;4;1,ConnectionState;Ports;Protocol,2;1;4,Application;Protocol;Ports,2,0.5,0.6300954784335282,-0.18148486067047953,-1.3038756369745874,-0.8179311761209609,0.24398310775113954,2.8708806550894317,8.479556326758077,0.11695135918910537,0.8763547519342536,0.590255191883316
35324,35324,2994177,1,1,3.60623102874395,3;4;1,ConnectionState;Ports;Protocol,2;3;1,Application;ConnectionState;Protocol,2,0.5,0.630095478433528,-0.18148486067047945,1.848084826592887,-1.7556175150827862,0.2002228047884392,2.8708806550894317,8.479556326758077,3.0350091043783687,1.755618599117044,0.5464948603627702
36107,36107,409660,1,0,-1.5091439389634012,5;3;1,TrafficVolume;ConnectionState;Protocol,2;5;1,Application;TrafficVolume;Protocol,2,0.5,0.630095478433528,-0.18148486067047953,-1.3038756369745874,0.06914661671075763,-3.5879558311449813,2.8708806550894317,8.479556326758077,0.11695135918910537,0.06914553267649959,6.992678483393781
36450,36450,588652,1,1,2.9030172218657917,3;1;4,ConnectionState;Protocol;Ports,2;1;5,Application;Protocol;TrafficVolume,1,0.2,0.6300954784335281,-0.18148486067047953,-0.7641960350411057,0.1874829647370708,0.16618937972441652,2.8708806550894317,8.479556326758077,0.42272824274437615,0.19833696841091888,0.4608550261351426
38339,38339,406057,1,1,5.423744814769247,3;1;5,ConnectionState;Protocol;TrafficVolume,2;3;1,Application;ConnectionState;Protocol,2,0.5,0.6300954784335281,-0.1814848606704793,1.8480848265928873,0.06512157132518293,0.1969975044057681,2.8708806550894317,8.479556326758077,3.0350091043783687,0.06512048729092472,0.5497201607454414
39768,39768,900006,1,1,2.872719185563065,3;1;2,ConnectionState;Protocol;Application,2;1;5,Application;Protocol;TrafficVolume,2,0.5,0.6300954784335281,-0.18148486067047953,-0.7641960350411057,0.1571855606792774,0.16618874747948362,2.8708806550894317,8.479556326758077,0.42272824274437615,0.22863437246871243,0.4608556583800756
39805,39805,49666,1,1,5.238949809638466,3;1;5,ConnectionState;Protocol;TrafficVolume,2;3;1,Application;ConnectionState;Protocol,2,0.5,0.6300954784335281,-0.1814848606704793,1.848084826592887,-0.12289874760830964,0.20022281820847956,2.8708806550894317,8.479556326758077,3.0350091043783687,0.16300898763401858,0.54649484694273
40643,40643,107427,1,1,2.2581250644675372,3;1;5,ConnectionState;Protocol;TrafficVolume,2;1;5,Application;Protocol;TrafficVolume,2,0.5,0.6300954784335282,-0.18148486067047953,-1.3038756369745874,0.0044766812455750244,0.2439831077511396,2.8708806550894317,8.479556326758077,0.11695135918910537,0.09370092116335405,0.590255191883316
41558,41558,2107992,1,1,2.568485810488723,3;1;4,ConnectionState;Protocol;Ports,2;1;5,Application;Protocol;TrafficVolume,1,0.2,0.630095478433528,-0.18148486067047953,-0.9486739447275768,0.1996303247670306,0.003988518003859464,2.8708806550894317,8.479556326758077,0.23825033305790488,0.19962924073277263,2.2840732663072028
42400,42400,295776,1,1,5.467101196762005,3;1;5,ConnectionState;Protocol;TrafficVolume,2;3;1,Application;ConnectionState;Protocol,2,0.5,0.6300954784335282,-0.1814848606704793,1.848084826592887,0.10847797790345481,0.19699747982025428,2.8708806550894317,8.479556326758077,3.0350091043783687,0.10847689386919684,0.549720185330955
42410,42410,238957,1,1,5.492772769883917,3;1;5,ConnectionState;Protocol;TrafficVolume,2;3;1,Application;ConnectionState;Protocol,2,0.5,0.6300954784335282,-0.1814848606704793,1.848084826592887,0.13414953653172199,0.19699749431389793,2.8708806550894317,8.479556326758077,3.0350091043783687,0.13414845249746404,0.5497201708373116
42475,42475,2439699,1,1,3.9199521077758477,3;4;1,ConnectionState;Ports;Protocol,2;3;1,Application;ConnectionState;Protocol,2,0.5,0.6300954784335281,-0.18148486067047945,1.848084826592887,-1.4418964374465721,0.20022280618412347,2.8708806550894317,8.479556326758077,3.0350091043783687,1.4891559442829347,0.5464948589670859
43135,43135,2212599,1,1,5.295414309072845,3;1;5,ConnectionState;Protocol;TrafficVolume,2;3;1,Application;ConnectionState;Protocol,2,0.5,0.6300954784335281,-0.1814848606704793,1.848084826592887,-0.06643423164044139,0.20022280167498982,2.8708806550894317,8.479556326758077,3.0350091043783687,0.06643531567469957,0.5464948634762195
43257,43257,1288171,1,1,6.3553027716024415,3;1;2,ConnectionState;Protocol;Application,2;3;1,Application;ConnectionState;Protocol,3,1.0,0.6300954784335282,-0.1814848606704793,2.743394182523506,0.17252258979826876,0.12584508683525628,2.8708806550894317,8.479556326758077,3.9303184603089885,0.19157659254095252,0.41867071733419237
43364,43364,1344546,1,1,6.319009840441829,3;1;2,ConnectionState;Protocol;Application,2;3;1,Application;ConnectionState;Protocol,3,1.0,0.6300954784335281,-0.1814848606704793,2.743394182523506,0.16999869274181667,0.09207605273109642,2.8708806550894317,8.479556326758077,3.9303184603089885,0.19410048959740459,0.34297253671167527
44000,44000,591531,1,1,6.36310896570312,3;1;2,ConnectionState;Protocol;Application,2;3;1,Application;ConnectionState;Protocol,3,1.0,0.6300954784335281,-0.1814848606704793,2.7433941825235064,0.18025401817108946,0.12591985256311397,2.8708806550894317,8.479556326758077,3.9303184603089885,0.18384516416813185,0.41874548306204995
44078,44078,410169,1,1,5.423681416722396,3;1;5,ConnectionState;Protocol;TrafficVolume,2;3;1,Application;ConnectionState;Protocol,2,0.5,0.6300954784335281,-0.1814848606704793,1.848084826592887,0.06505818401436358,0.19699749366973585,2.8708806550894317,8.479556326758077,3.0350091043783687,0.06505709998010567,0.5497201714814737
44788,44788,2259028,1,1,5.277619254445425,3;1;5,ConnectionState;Protocol;TrafficVolume,2;3;1,Application;ConnectionState;Protocol,2,0.5,0.6300954784335281,-0.1814848606704793,1.848084826592887,-0.08422929507140786,0.2002228104785362,2.8708806550894317,8.479556326758077,3.0350091043783687,0.08423037910566582,0.5464948546726731
45147,45147,1865923,1,0,-3.0328080113364075,3;1;2,ConnectionState;Protocol;Application,2;3;1,Application;ConnectionState;Protocol,3,1.0,0.6300954784335282,-0.18148486067047953,-6.644039454576472,0.15318850393792083,0.1445020268567329,2.8708806550894317,8.479556326758077,5.45711517679099,0.2326314292100687,0.3609322429400357
45212,45212,1812017,1,1,1.3756664522625695,2;3;1,Application;ConnectionState;Protocol,2;1;5,Application;Protocol;TrafficVolume,2,0.5,0.630095478433528,-1.1512184560095486,-0.9486739447275768,0.15800200976263223,-0.17746892987882656,2.8708806550894317,9.449289922097146,0.23825033305790488,0.2278179233853574,0.29166621957248506
45296,45296,441388,1,1,4.374791990935002,3;2;5,ConnectionState;Application;TrafficVolume,2;3;1,Application;ConnectionState;Protocol,2,0.5,0.6300954784335281,-1.1512184560095484,2.743394182523506,0.1613139593364086,-0.8737234680312547,2.8708806550894317,9.449289922097146,3.9303184603089885,0.224505973811581,1.0128796654712333
45480,45480,1286383,1,1,2.8575457893786407,3;1;2,ConnectionState;Protocol;Application,2;1;5,Application;Protocol;TrafficVolume,2,0.5,0.6300954784335281,-0.18148486067047953,-0.7641960350411057,0.1420122002458397,0.1661887117284966,2.8708806550894317,8.479556326758077,0.42272824274437615,0.22208698209338168,0.46085569413106264
45485,45485,1359618,1,1,6.316429669752319,3;1;2,ConnectionState;Protocol;Application,2;3;1,Application;ConnectionState;Protocol,3,1.0,0.6300954784335282,-0.1814848606704793,2.743394182523506,0.1674641476122742,0.0920304271711281,2.8708806550894317,8.479556326758077,3.9303184603089885,0.19663503472694743,0.3429269111517068
45559,45559,460551,1,0,-1.8216938988016826,5;2;3,TrafficVolume;Application;ConnectionState,2;5;1,Application;TrafficVolume;Protocol,2,0.5,0.630095478433528,-1.1512184560095486,-0.9486739447275768,0.18750426343993534,-3.4043315346203826,2.8708806550894317,9.449289922097146,0.23825033305790488,0.19831566970805434,3.537880732159899
45682,45682,1012023,1,1,2.896456553684211,3;1;2,ConnectionState;Protocol;Application,2;1;5,Application;Protocol;TrafficVolume,2,0.5,0.630095478433528,-0.18148486067047953,-0.7641960350411057,0.18092296476613123,0.1661887115137759,2.8708806550894317,8.479556326758077,0.42272824274437615,0.2048969683818585,0.46085569434578333
46148,46148,3144925,1,1,5.606298086500539,3;1;4,ConnectionState;Protocol;Ports,2;3;1,Application;ConnectionState;Protocol,2,0.5,0.6300954784335282,-0.1814848606704793,1.848084826592887,0.24767486667574445,0.19699748078649731,2.8708806550894317,8.479556326758077,3.0350091043783687,0.24767378264148654,0.5497201843647121
46262,46262,530490,1,1,4.9752245061262395,3;2;1,ConnectionState;Application;Protocol,2;3;1,Application;ConnectionState;Protocol,3,1.0,0.6300954784335281,-1.1512184560095486,2.7433941825235064,0.19937829003124444,-0.3113552835348521,2.8708806550894317,9.449289922097146,3.9303184603089885,0.19937720599698622,0.3129663447971474
46917,46917,2351080,1,1,2.4303639881147014,3;1;5,ConnectionState;Protocol;TrafficVolume,2;1;5,Application;Protocol;TrafficVolume,2,0.5,0.630095478433528,-0.18148486067047953,-1.3038756369745874,0.1783282606668117,0.24237045197706705,2.8708806550894317,8.479556326758077,0.11695135918910537,0.18577092167240983,0.5918678476573883
47000,47000,1412526,1,1,2.6712387358687195,3;1;4,ConnectionState;Protocol;Ports,2;1;3,Application;Protocol;ConnectionState,2,0.5,0.6300954784335281,-0.18148486067047953,-0.7641960350411057,0.20132357138909285,-0.07942971292467771,2.8708806550894317,8.479556326758077,0.42272824274437615,0.2013224873548347,0.2684782724484601
47286,47286,2082453,1,1,2.097355398289358,2;3;1,Application;ConnectionState;Protocol,2;1;5,Application;Protocol;TrafficVolume,2,0.5,0.6300954784335281,-1.1512184560095486,-0.9066335089672222,0.18412131989439914,0.4760602702558403,2.8708806550894317,9.449289922097146,0.28029076881825965,0.20169861325359054,1.291918913583791
47474,47474,436841,1,1,1.0360775686238335,2;3;1,Application;ConnectionState;Protocol,2;1;5,Application;Protocol;TrafficVolume,2,0.5,0.630095478433528,-1.1512184560095486,-0.9486739447275768,0.16387690307732858,-0.5229327068322589,2.8708806550894317,9.449289922097146,0.23825033305790488,0.22194303007066105,0.5839122451301824
47574,47574,706315,1,1,2.8945684050755864,3;1;2,ConnectionState;Protocol;Application,2;1;5,Application;Protocol;TrafficVolume,2,0.5,0.6300954784335281,-0.18148486067047953,-0.7641960350411057,0.17903448011970013,0.16618904755158193,2.8708806550894317,8.479556326758077,0.42272824274437615,0.20678545302828938,0.4608553583079772
47801,47801,2616560,1,1,2.40672636295609,3;1;5,ConnectionState;Protocol;TrafficVolume,2;1;5,Application;Protocol;TrafficVolume,2,0.5,0.630095478433528,-0.18148486067047953,-1.3038756369745874,0.15469063550820067,0.24237045197706705,2.8708806550894317,8.479556326758077,0.11695135918910537,0.15468955147394245,0.5918678476573883
47821,47821,541430,1,1,6.3258246867921155,3;1;2,ConnectionState;Protocol;Application,2;3;1,Application;ConnectionState;Protocol,3,1.0,0.6300954784335281,-0.1814848606704793,2.743394182523506,0.1429919375095887,0.12589765431360966,2.8708806550894317,8.479556326758077,3.9303184603089885,0.22110724482963265,0.4187232848125457
47924,47924,3150630,1,1,5.604808523585362,3;1;4,ConnectionState;Protocol;Ports,2;3;1,Application;ConnectionState;Protocol,2,0.5,0.6300954784335281,-0.1814848606704793,1.848084826592887,0.2461852800339362,0.19699750451312853,2.8708806550894317,8.479556326758077,3.0350091043783687,0.24618419599967828,0.549720160638081
48118,48118,1186439,1,1,6.303419285356159,3;1;2,ConnectionState;Protocol;Application,2;3;1,Application;ConnectionState;Protocol,3,1.0,0.6300954784335282,-0.1814848606704793,2.7433941825235064,0.1543796446562746,0.09210454573096795,2.8708806550894317,8.479556326758077,3.9303184603089885,0.2097195376829468,0.3430010297115468
48411,48411,1103698,1,1,2.88614643597472,3;1;2,ConnectionState;Protocol;Application,2;1;5,Application;Protocol;TrafficVolume,2,0.5,0.6300954784335281,-0.18148486067047953,-0.7641960350411057,0.17061280593763684,0.16618875263277877,2.8708806550894317,8.479556326758077,0.42272824274437615,0.19348637640158453,0.46085565322678024
48808,48808,613533,1,1,2.868523322714672,3;1;2,ConnectionState;Protocol;Application,2;1;5,Application;Protocol;TrafficVolume,2,0.5,0.6300954784335281,-0.18148486067047953,-0.7641960350411057,0.1529897167263008,0.16618872858406689,2.8708806550894317,8.479556326758077,0.42272824274437615,0.23283021642168888,0.46085567727549215
49821,49821,1956914,1,1,0.5220401969356221,1;2;3,Protocol;Application;ConnectionState,2;1;5,Application;Protocol;TrafficVolume,2,0.5,-7.698729316728816,6.009024690103391,-0.9486739447275769,0.18050254273791236,0.1149859308683485,5.45794414007291,16.073237693339912,0.23825033305790488,0.20693299709157364,0.390293274527167
50284,50284,3243635,1,1,5.567251971119045,3;1;4,ConnectionState;Protocol;Ports,2;3;1,Application;ConnectionState;Protocol,2,0.5,0.6300954784335281,-0.1814848606704793,1.848084826592887,0.20862875150897187,0.1969974805717767,2.8708806550894317,8.479556326758077,3.0350091043783687,0.2086276674747139,0.5497201845794328
51097,51097,2793808,1,1,2.286423597986737,3;1;5,ConnectionState;Protocol;TrafficVolume,2;1;5,Application;Protocol;TrafficVolume,2,0.5,0.630095478433528,-0.18148486067047953,-1.3038756369745874,0.0343878705388474,0.24237045197706705,2.8708806550894317,8.479556326758077,0.11695135918910537,0.05338507810412302,0.5918678476573883
51945,51945,712102,1,1,3.06886815514103,3;2;5,ConnectionState;Application;TrafficVolume,2;3;1,Application;ConnectionState;Protocol,2,0.5,0.6300954784335282,-1.8697164196210028,2.7433941825235064,0.18323583644429003,-1.483071217321653,2.8708806550894317,10.167787885708602,3.9303184603089885,0.183234752410032,1.6052051998712378
52909,52909,398559,1,1,5.425995010367305,3;1;5,ConnectionState;Protocol;TrafficVolume,2;3;1,Application;ConnectionState;Protocol,2,0.5,0.6300954784335281,-0.1814848606704793,1.848084826592887,0.06737179107931221,0.19699748024969566,2.8708806550894317,8.479556326758077,3.0350091043783687,0.06737070704505427,0.5497201849015139
53209,53209,416455,1,1,0.5913665843702995,1;2;3,Protocol;Application;ConnectionState,2;1;5,Application;Protocol;TrafficVolume,2,0.5,-7.698729316728816,6.009024690103391,-0.9486739447275769,0.17239128715644977,0.19242357388448836,5.45794414007291,16.073237693339912,0.23825033305790488,0.21504425267303623,0.5265962668394024
53298,53298,1647573,1,1,1.0267448969111126,2;3;1,Application;ConnectionState;Protocol,2;1;5,Application;Protocol;TrafficVolume,2,0.5,0.630095478433528,-1.1512184560095486,-0.9486739447275768,0.20022313823731297,-0.5686116137049642,2.8708806550894317,9.449289922097146,0.23825033305790488,0.20022205420305497,0.5685607614546495
53521,53521,325874,1,1,5.455850082091105,3;1;5,ConnectionState;Protocol;TrafficVolume,2;3;1,Application;ConnectionState;Protocol,2,0.5,0.6300954784335281,-0.1814848606704793,1.848084826592887,0.0972268625883925,0.19699748046441637,2.8708806550894317,8.479556326758077,3.0350091043783687,0.09722577855413425,0.5497201846867932
53657,53657,2329835,1,1,4.905635592889412,3;1;2,ConnectionState;Protocol;Application,2;1;3,Application;Protocol;ConnectionState,3,1.0,0.6300954784335281,-0.18148486067047934,1.2681788538573024,0.1649826602656539,0.15893316632104537,2.8708806550894317,8.479556326758077,2.4551031316427845,0.2208372728823359,0.476168797328433
54122,54122,2811125,1,1,5.526518490904655,3;1;5,ConnectionState;Protocol;TrafficVolume,2;3;1,Application;ConnectionState;Protocol,2,0.5,0.6300954784335281,-0.1814848606704793,1.848084826592887,0.16628260285199056,0.19861014901436677,2.8708806550894317,8.479556326758077,3.0350091043783687,0.1843533155643177,0.5481075161368425
54545,54545,3275770,1,1,5.555874086654931,3;1;4,ConnectionState;Protocol;Ports,2;3;1,Application;ConnectionState;Protocol,2,0.5,0.6300954784335282,-0.1814848606704793,1.848084826592887,0.19725086253572496,0.19699748508091022,2.8708806550894317,8.479556326758077,3.0350091043783687,0.197249778501467,0.5497201800702993
54858,54858,3229759,1,1,5.573558936831924,3;1;4,ConnectionState;Protocol;Ports,2;3;1,Application;ConnectionState;Protocol,2,0.5,0.6300954784335281,-0.1814848606704793,1.848084826592887,0.21493570423125236,0.19699749356237548,2.8708806550894317,8.479556326758077,3.0350091043783687,0.21493462019699405,0.549720171588834
55633,55633,1757432,1,1,1.640578505021761,3;1;4,ConnectionState;Protocol;Ports,2;1;4,Application;Protocol;Ports,2,0.5,0.6300954784335282,-0.18148486067047953,-1.3038756369745874,-0.613069878200201,0.24398310775113954,2.8708806550894317,8.479556326758077,0.11695135918910537,0.6130709622344591,0.590255191883316
57180,57180,2814560,1,1,1.446550119351205,3;4;1,ConnectionState;Ports;Protocol,2;1;4,Application;Protocol;Ports,2,0.5,0.630095478433528,-0.18148486067047953,-1.3038756369745874,-0.8054856080966851,0.24237045197706708,2.8708806550894317,8.479556326758077,0.11695135918910537,0.8054866921309429,0.5918678476573883
57230,57230,249420,1,1,5.484437421706648,3;1;5,ConnectionState;Protocol;TrafficVolume,2;3;1,Application;ConnectionState;Protocol,2,0.5,0.6300954784335281,-0.1814848606704793,1.848084826592887,0.12581419973464758,0.19699748293370356,2.8708806550894317,8.479556326758077,3.0350091043783687,0.12581311570038967,0.5497201822175057
57526,57526,572927,1,1,6.337946441426802,3;1;4,ConnectionState;Protocol;Ports,2;3;1,Application;ConnectionState;Protocol,2,0.5,0.6300954784335282,-0.1814848606704793,2.743394182523506,0.18897938618136753,0.09203196027651828,2.8708806550894317,8.479556326758077,3.9303184603089885,0.18897830214710926,0.3429284442570971
58064,58064,2947572,1,1,3.782154859377183,3;4;1,ConnectionState;Ports;Protocol,2;3;1,Application;ConnectionState;Protocol,2,0.5,0.6300954784335281,-0.18148486067047945,1.8480848265928873,-1.5796936874556426,0.20022280779452825,2.8708806550894317,8.479556326758077,3.0350091043783687,1.6885987387564663,0.5464948573566812
58281,58281,371735,1,1,5.437119353406159,3;1;5,ConnectionState;Protocol;TrafficVolume,2;3;1,Application;ConnectionState;Protocol,2,0.5,0.6300954784335281,-0.1814848606704793,1.8480848265928873,0.07849613411816604,0.19699748024969566,2.8708806550894317,8.479556326758077,3.0350091043783687,0.07849505008390796,0.5497201849015139
58902,58902,2611681,1,1,5.2999775119111145,3;1;5,ConnectionState;Protocol;TrafficVolume,2;3;1,Application;ConnectionState;Protocol,2,0.5,0.6300954784335281,-0.1814848606704793,1.848084826592887,-0.06025836250678895,0.1986101353796059,2.8708806550894317,8.479556326758077,3.0350091043783687,0.06025944654104691,0.5481075297716034
59280,59280,887960,1,1,6.303855668333587,3;1;2,ConnectionState;Protocol;Application,2;3;1,Application;ConnectionState;Protocol,3,1.0,0.6300954784335281,-0.1814848606704793,2.743394182523506,0.1544683901889938,0.09245218317567638,2.8708806550894317,8.479556326758077,3.9303184603089885,0.2096307921502275,0.34334866715625534
59595,59595,728598,1,1,2.9015328002978737,3;1;4,ConnectionState;Protocol;Ports,2;1;5,Application;Protocol;TrafficVolume,1,0.2,0.6300954784335281,-0.18148486067047953,-0.7641960350411057,0.18599915544506596,0.1661887674485034,2.8708806550894317,8.479556326758077,0.42272824274437615,0.1998207777029236,0.4608556384110558
59738,59738,988380,1,1,2.738821607294359,3;1;4,ConnectionState;Protocol;Ports,2;1;3,Application;Protocol;ConnectionState,2,0.5,0.6300954784335281,-0.18148486067047953,-0.7641960350411057,0.1874403673313418,0.0020363625587127634,2.8708806550894317,8.479556326758077,0.42272824274437615,0.19837956581664795,0.2326568000845219
59771,59771,1375753,1,1,6.307291268130289,3;1;2,ConnectionState;Protocol;Application,2;3;1,Application;ConnectionState;Protocol,3,1.0,0.6300954784335282,-0.1814848606704793,2.743394182523506,0.15829328194680328,0.09206289121456912,2.8708806550894317,8.479556326758077,3.9303184603089885,0.20580590039241808,0.3429593751951481
59988,59988,550906,1,1,2.871946256841823,3;1;2,ConnectionState;Protocol;Application,2;1;5,Application;Protocol;TrafficVolume,2,0.5,0.6300954784335281,-0.18148486067047953,-0.7641960350411057,0.15641012133691803,0.1661912581006004,2.8708806550894317,8.479556326758077,0.42272824274437615,0.20768906100230358,0.46085314775895847
60217,60217,1863225,1,1,0.5298266492513601,1;2;3,Protocol;Application;ConnectionState,2;1;5,Application;Protocol;TrafficVolume,2,0.5,-7.698729316728816,6.009024690103391,-0.9486739447275769,0.1882889932285252,0.11498593269347394,5.45794414007291,16.073237693339912,0.23825033305790488,0.19914654660096107,0.3902932727020415
60488,60488,2538740,1,1,3.7506545924607746,1;5;2,Protocol;TrafficVolume;Application,2;1;3,Application;Protocol;ConnectionState,2,0.5,0.630095478433528,-0.18148486067047953,0.04993681768678293,0.14641906612558753,0.24075779620299498,2.8708806550894317,8.479556326758077,1.2368610954722645,0.23940086702240226,0.5934805034314606
61229,61229,1701805,1,1,0.9752591870797429,3;4;1,ConnectionState;Ports;Protocol,2;1;4,Application;Protocol;Ports,2,0.5,0.630095478433528,-0.18148486067047953,-1.3038756369745874,-1.278389196142219,0.24398310775113952,2.8708806550894317,8.479556326758077,0.11695135918910537,1.3489317313287479,0.590255191883316
61321,61321,1477575,1,1,5.567215887660158,3;1;5,ConnectionState;Protocol;TrafficVolume,2;3;1,Application;ConnectionState;Protocol,2,0.5,0.6300954784335281,-0.1814848606704793,1.848084826592887,0.20052936612043507,0.20506078250142612,2.8708806550894317,8.479556326758077,3.0350091043783687,0.2005282820861771,0.5416568826497834
61684,61684,1850099,1,1,0.9788575237148334,2;3;1,Application;ConnectionState;Protocol,2;1;5,Application;Protocol;TrafficVolume,2,0.5,0.630095478433528,-1.1512184560095486,-0.9486739447275767,0.18056443702735867,-0.5968402856912891,2.8708806550894317,9.449289922097146,0.23825033305790488,0.205255496120631,0.676365403948035
61728,61728,230197,1,1,5.4928361561211325,3;1;5,ConnectionState;Protocol;TrafficVolume,2;3;1,Application;ConnectionState;Protocol,2,0.5,0.6300954784335281,-0.1814848606704793,1.8480848265928873,0.13421292384254116,0.19699749324029445,2.8708806550894317,8.479556326758077,3.0350091043783687,0.1342118398082831,0.5497201719109148
61882,61882,565637,1,0,-2.37360943224885,3;1;2,ConnectionState;Protocol;Application,2;3;1,Application;ConnectionState;Protocol,3,1.0,0.6300954784335281,-0.18148486067047953,-6.018059454933889,0.16454071409872692,0.1663683961409026,2.8708806550894317,8.479556326758077,4.831135177148409,0.22127921904926276,0.4656446690146232
62190,62190,2445172,1,1,2.410685020878779,3;1;5,ConnectionState;Protocol;TrafficVolume,2;1;5,Application;Protocol;TrafficVolume,2,0.5,0.630095478433528,-0.18148486067047953,-1.3038756369745874,0.15864929343088943,0.24237045197706705,2.8708806550894317,8.479556326758077,0.11695135918910537,0.16727403218980083,0.5918678476573883
62849,62849,1246023,1,1,2.8712885966640305,3;1;2,ConnectionState;Protocol;Application,2;1;5,Application;Protocol;TrafficVolume,2,0.5,0.630095478433528,-0.18148486067047953,-0.7641960350411057,0.1557550004454486,0.16618871881427788,2.8708806550894317,8.479556326758077,0.42272824274437615,0.23006493270254122,0.46085568704528146
63319,63319,2684354,1,0,-2.268354664338476,3;1;5,ConnectionState;Protocol;TrafficVolume,2;3;1,Application;ConnectionState;Protocol,2,0.5,0.6300954784335281,-0.18148486067047953,-6.018059454933889,0.1954060819470089,0.24075779620299498,2.8708806550894317,8.479556326758077,4.831135177148409,0.1954049979127508,0.5934805034314606
63417,63417,1327922,1,1,6.3142027726246255,3;1;2,ConnectionState;Protocol;Application,2;3;1,Application;ConnectionState;Protocol,3,1.0,0.6300954784335281,-0.1814848606704793,2.743394182523506,0.16798400354293205,0.08928367411277716,2.8708806550894317,8.479556326758077,3.9303184603089885,0.21783592960505754,0.340180158093356
64083,64083,1667638,1,1,0.9405470908392377,4;3;1,Ports;ConnectionState;Protocol,2;1;4,Application;Protocol;Ports,2,0.5,0.630095478433528,-0.18148486067047953,-1.3038756369745874,-1.3131012923827245,0.24398310775113952,2.8708806550894317,8.479556326758077,0.11695135918910537,1.3461723113673738,0.590255191883316
64318,64318,1717084,1,1,1.454189676612135,3;4;1,ConnectionState;Ports;Protocol,2;1;4,Application;Protocol;Ports,2,0.5,0.6300954784335282,-0.18148486067047953,-1.3038756369745874,-0.7994587066098271,0.24398310775113954,2.8708806550894317,8.479556326758077,0.11695135918910537,0.9176251434467987,0.590255191883316
64326,64326,1823845,1,1,0.8665868659745004,2;3;5,Application;ConnectionState;TrafficVolume,2;1;5,Application;Protocol;TrafficVolume,2,0.5,0.630095478433528,-1.1512184560095486,-0.9486739447275767,0.152645386759207,-0.6811918931634705,2.8708806550894317,9.449289922097146,0.23825033305790488,0.2331745463887826,0.6811410409131557
64690,64690,466653,1,0,-1.8758935372456964,5;2;3,TrafficVolume;Application;ConnectionState,2;5;1,Application;TrafficVolume;Protocol,2,0.5,0.630095478433528,-1.1512184560095486,-0.9486739447275768,0.16432417737149366,-3.4353510869959525,2.8708806550894317,9.449289922097146,0.23825033305790488,0.22149575577649608,3.6164737310827046
65024,65024,1496217,1,1,2.4619017007976742,3;1;5,ConnectionState;Protocol;TrafficVolume,2;1;5,Application;Protocol;TrafficVolume,2,0.5,0.630095478433528,-0.18148486067047953,-1.3038756369745874,0.20341534061424763,0.24882108471260395,2.8708806550894317,8.479556326758077,0.11695135918910537,0.20341425657998963,0.5854172149218513
65054,65054,2078879,1,1,2.0189513584717895,2;3;1,Application;ConnectionState;Protocol,2;1;3,Application;Protocol;ConnectionState,3,1.0,0.630095478433528,-1.1512184560095486,-0.7641960350411057,0.1920905840808201,0.24724949232573437,2.8708806550894317,9.449289922097146,0.42272824274437615,0.19372934906716957,0.32393743178138723
65224,65224,3080136,1,1,5.102615870390215,3;1;4,ConnectionState;Protocol;Ports,2;3;1,Application;ConnectionState;Protocol,2,0.5,0.6300954784335281,-0.1814848606704793,1.848084826592887,-0.2592327189572972,0.2002228503092154,2.8708806550894317,8.479556326758077,3.0350091043783687,0.25923380299155535,0.5464948148419939
65860,65860,877984,1,1,47.65075510400522,5;3;1,TrafficVolume;ConnectionState;Protocol,5;2;3,TrafficVolume;Application;ConnectionState,2,0.5,0.6300954784335264,-0.1814848606704797,2.7433941825235078,0.16251575017319922,41.43130425886311,2.8708806550894317,8.479556326758077,3.9303184603089885,0.20158343216602195,41.56845785140339
66239,66239,2215706,1,1,5.534914064181425,3;1;5,ConnectionState;Protocol;TrafficVolume,2;3;1,Application;ConnectionState;Protocol,2,0.5,0.6300954784335281,-0.1814848606704793,1.848084826592887,0.17306551928108574,0.20022280586204236,2.8708806550894317,8.479556326758077,3.0350091043783687,0.21275441386690408,0.546494859289167
66415,66415,3101757,1,1,2.159419140894064,3;1;5,ConnectionState;Protocol;TrafficVolume,2;1;5,Application;Protocol;TrafficVolume,2,0.5,0.6300954784335281,-0.18148486067047953,-1.3038756369745874,-0.09422924232789763,0.2439831077511396,2.8708806550894317,8.479556326758077,0.11695135918910537,0.22536658665268705,0.590255191883316
66439,66439,122912,1,1,2.1019757160849037,3;1;5,ConnectionState;Protocol;TrafficVolume,2;1;5,Application;Protocol;TrafficVolume,2,0.5,0.630095478433528,-0.18148486067047953,-1.3038756369745874,-0.15167266713705854,0.2439831077511396,2.8708806550894317,8.479556326758077,0.11695135918910537,0.27778351554047187,0.590255191883316
67455,67455,920170,1,1,2.8562482147660697,3;1;4,ConnectionState;Protocol;Ports,2;1;3,Application;Protocol;ConnectionState,2,0.5,0.630095478433528,-0.18148486067047953,-0.7641960350411057,0.19208703431831523,0.11481630304345061,2.8708806550894317,8.479556326758077,0.42272824274437615,0.19373289882967465,0.4146355470389722
67626,67626,1999023,1,1,0.5040305638477593,1;2;3,Protocol;Application;ConnectionState,2;1;5,Application;Protocol;TrafficVolume,2,0.5,-7.698729316728816,6.009024690103391,-0.9486739447275769,0.15937245515833817,0.11810638536006039,5.45794414007291,16.073237693339912,0.23825033305790488,0.228063084671148,0.39825194406981246
68625,68625,2437949,1,1,2.3782175931143366,3;1;5,ConnectionState;Protocol;TrafficVolume,2;1;5,Application;Protocol;TrafficVolume,2,0.5,0.630095478433528,-0.18148486067047953,-1.3038756369745874,0.12618186566644682,0.24237045197706705,2.8708806550894317,8.479556326758077,0.11695135918910537,0.14205881249506352,0.5918678476573883
69052,69052,1095739,1,1,2.910570565450631,3;1;4,ConnectionState;Protocol;Ports,2;1;5,Application;Protocol;TrafficVolume,1,0.2,0.630095478433528,-0.18148486067047953,-0.7641960350411057,0.19503690460113574,0.1661887834451914,2.8708806550894317,8.479556326758077,0.42272824274437615,0.19503582056687774,0.46085562241436795
69940,69940,1020326,1,1,6.317032734090852,3;1;2,ConnectionState;Protocol;Application,2;3;1,Application;ConnectionState;Protocol,3,1.0,0.6300954784335281,-0.1814848606704793,2.7433941825235064,0.16784042486665954,0.0922572142552758,2.8708806550894317,8.479556326758077,3.9303184603089885,0.19625875747256183,0.34315369823585473
70148,70148,2040351,1,1,1.5475169322668623,2;3;1,Application;ConnectionState;Protocol,2;1;5,Application;Protocol;TrafficVolume,2,0.5,0.630095478433528,-1.1512184560095486,-0.9486739447275768,0.1542924878109618,-0.0019089279228633388,2.8708806550894317,9.449289922097146,0.23825033305790488,0.2315274453370278,0.3228831396052231
70172,70172,516423,1,1,2.8872910622489862,3;1;2,ConnectionState;Protocol;Application,2;1;5,Application;Protocol;TrafficVolume,2,0.5,0.6300954784335281,-0.18148486067047953,-0.7641960350411057,0.17175742415987916,0.16618876068480315,2.8708806550894317,8.479556326758077,0.42272824274437615,0.21406250898811058,0.4608556451747561
70232,70232,2072557,1,1,2.5268094651289728,2;3;5,Application;ConnectionState;TrafficVolume,2;1;5,Application;Protocol;TrafficVolume,2,0.5,0.6300954784335281,-1.1512184560095486,-0.9486739447275768,0.1949055625575266,0.9367705301926829,2.8708806550894317,9.449289922097146,0.23825033305790488,0.1949044785232684,2.3148552816946864
70347,70347,1323690,1,1,6.295772552941822,3;1;2,ConnectionState;Protocol;Application,2;3;1,Application;ConnectionState;Protocol,3,1.0,0.6300954784335281,-0.1814848606704793,2.7433941825235064,0.1464707280303665,0.09236672994253928,2.8708806550894317,8.479556326758077,3.9303184603089885,0.21762845430885483,0.343263213923118
70414,70414,1895454,1,1,0.5391528350089079,1;2;3,Protocol;Application;ConnectionState,2;1;5,Application;Protocol;TrafficVolume,2,0.5,-7.698729316728816,6.009024690103391,-0.9486739447275769,0.19761250002397193,0.11498861165557503,5.45794414007291,16.073237693339912,0.23825033305790488,0.1976114159897139,0.39029059373994035
70435,70435,2171394,1,1,1.3117777202743848,2;3;1,Application;ConnectionState;Protocol,2;1;5,Application;Protocol;TrafficVolume,2,0.5,0.630095478433528,-1.1512184560095486,-0.9486739447275768,0.18210149333219314,-0.2654571454365722,2.8708806550894317,9.449289922097146,0.23825033305790488,0.20371843981579663,1.9076489282781228
70504,70504,477520,1,1,2.6751867792359927,5;1;4,TrafficVolume;Protocol;Ports,2;1;3,Application;Protocol;ConnectionState,1,0.2,0.6300954784335281,-0.18148486067047953,-0.07440369469235464,0.18884253202181303,-0.7527929705388755,2.8708806550894317,8.479556326758077,1.112520583093127,0.19697740112617673,0.989706227887571
70955,70955,1546683,1,1,2.525167797333248,3;1;2,ConnectionState;Protocol;Application,2;1;5,Application;Protocol;TrafficVolume,2,0.5,0.630095478433528,-0.18148486067047953,-0.9486739447275768,0.16180383001362947,-0.0015030003982144122,2.8708806550894317,8.479556326758077,0.23825033305790488,0.22401610313436016,0.2599853283355729
71931,71931,1908575,1,1,1.441732564658283,2;3;1,Application;ConnectionState;Protocol,2;1;5,Application;Protocol;TrafficVolume,2,0.5,0.630095478433528,-1.1512184560095486,-0.9486739447275768,0.18782374398290325,-0.1412245517033841,2.8708806550894317,9.449289922097146,0.23825033305790488,0.19799618916508635,0.28928768976654273
72303,72303,1866198,1,1,3.7877979020631733,3;2;1,ConnectionState;Application;Protocol,2;1;3,Application;Protocol;ConnectionState,3,1.0,0.6300954784335281,-1.1512184560095486,1.2681788538573024,0.17955984778280104,-0.003748116683270908,2.8708806550894317,9.449289922097146,2.4551031316427845,0.20626008536518864,0.2519584518251716
72308,72308,2909393,1,1,1.5671880141461303,3;4;1,ConnectionState;Ports;Protocol,2;1;4,Application;Protocol;Ports,2,0.5,0.6300954784335282,-0.18148486067047953,-1.3038756369745874,-0.6864603690758319,0.24398310775113954,2.8708806550894317,8.479556326758077,0.11695135918910537,0.6864614531100898,0.590255191883316
72591,72591,1092200,1,1,2.8903793894349743,3;1;2,ConnectionState;Protocol;Application,2;1;5,Application;Protocol;TrafficVolume,2,0.5,0.630095478433528,-0.18148486067047953,-0.7641960350411057,0.17484573556389996,0.16618877646677044,2.8708806550894317,8.479556326758077,0.42272824274437615,0.21097419758408986,0.4608556293927888
73001,73001,3298139,1,1,5.5473485982429915,3;1;5,ConnectionState;Protocol;TrafficVolume,2;3;1,Application;ConnectionState;Protocol,2,0.5,0.6300954784335281,-0.1814848606704793,1.848084826592887,0.1887253678968861,0.196997491307809,2.8708806550894317,8.479556326758077,3.0350091043783687,0.18872428386262816,0.5497201738434008
73391,73391,1371195,1,0,-0.4175526923137869,1;2;3,Protocol;Application;ConnectionState,2;1;5,Application;Protocol;TrafficVolume,2,0.5,-7.698729316728816,4.981301397145514,-0.9486739447275767,0.17965591968254965,0.20396295763218017,5.45794414007291,15.045514400382036,0.23825033305790488,0.2077796201469364,0.5195892611412184
73471,73471,360670,1,1,5.440415454184235,3;1;5,ConnectionState;Protocol;TrafficVolume,2;3;1,Application;ConnectionState;Protocol,2,0.5,0.6300954784335282,-0.1814848606704793,1.848084826592887,0.08179223457416107,0.1969974805717767,2.8708806550894317,8.479556326758077,3.0350091043783687,0.08179115053990293,0.5497201845794328
74321,74321,437823,1,1,2.116201473527889,3;1;5,ConnectionState;Protocol;TrafficVolume,2;1;5,Application;Protocol;TrafficVolume,2,0.5,0.630095478433528,-0.18148486067047953,-0.9486739447275768,0.18565127680205767,-0.4343167709920013,2.8708806550894317,8.479556326758077,0.23825033305790488,0.20016865634593214,0.588793229613222
74427,74427,539129,1,1,4.8714525173204635,3;2;1,ConnectionState;Application;Protocol,2;3;1,Application;ConnectionState;Protocol,3,1.0,0.6300954784335281,-1.1512184560095484,2.743394182523506,0.16727404746256336,-0.38302302977194724,2.8708806550894317,9.449289922097146,3.9303184603089885,0.21854588568542652,0.48850185402222285
74486,74486,1037830,1,0,-0.4289701636184602,1;2;3,Protocol;Application;ConnectionState,2;1;5,Application;Protocol;TrafficVolume,2,0.5,-7.698729316728816,4.981301397145514,-0.9486739447275767,0.1711151403452085,0.20108626566484816,5.45794414007291,15.045514400382036,0.23825033305790488,0.21632039948427761,0.5320342940206889
74488,74488,3010425,1,1,4.107032136149228,3;4;1,ConnectionState;Ports;Protocol,2;3;1,Application;ConnectionState;Protocol,2,0.5,0.6300954784335281,-0.18148486067047936,1.848084826592887,-1.2548163945795483,0.20022279169048016,2.8708806550894317,8.479556326758077,3.0350091043783687,1.3559296662398492,0.5464948734607293
74690,74690,132579,1,1,4.944725757263534,3;1;4,ConnectionState;Protocol;Ports,2;1;3,Application;Protocol;ConnectionState,2,0.5,0.6300954784335281,-0.18148486067047934,1.2681788538573024,0.20347119016848608,0.15953480079233517,2.8708806550894317,8.479556326758077,2.4551031316427845,0.203470106134228,0.4735527662389508
74803,74803,1895769,1,0,-0.5061032173443478,1;2;3,Protocol;Application;ConnectionState,2;1;5,Application;Protocol;TrafficVolume,2,0.5,-7.698729316728816,4.981301397145514,-0.9486739447275767,0.18008189373984043,0.11498645854432847,5.45794414007291,15.045514400382036,0.23825033305790488,0.20735364608964574,0.3902927468511871
76110,76110,2156040,1,1,1.6091801934706307,2;3;1,Application;ConnectionState;Protocol,2;1;5,Application;Protocol;TrafficVolume,2,0.5,0.630095478433528,-1.1512184560095486,-0.9486739447275768,0.18974772689355565,0.02429909419831134,2.8708806550894317,9.449289922097146,0.23825033305790488,0.19607220625443408,0.3490865217142518
76145,76145,1573323,1,1,1.3655443215610295,2;3;1,Application;ConnectionState;Protocol,2;1;5,Application;Protocol;TrafficVolume,2,0.5,0.630095478433528,-1.1512184560095486,-0.9486739447275768,0.1937696317806962,-0.22335868259843036,2.8708806550894317,9.449289922097146,0.23825033305790488,0.193768547746438,0.25611668701460216
76494,76494,837130,1,1,2.9568449542305264,3;2;5,ConnectionState;Application;TrafficVolume,2;3;1,Application;ConnectionState;Protocol,2,0.5,0.6300954784335282,-1.8697164196210028,2.743394182523506,0.14650267634033173,-1.5583612581281976,2.8708806550894317,10.167787885708602,3.9303184603089885,0.21759650599888974,1.9659673263371047
77036,77036,336026,1,1,5.454265417932389,3;1;5,ConnectionState;Protocol;TrafficVolume,2;3;1,Application;ConnectionState;Protocol,2,0.5,0.6300954784335281,-0.1814848606704793,1.8480848265928873,0.09564219810759435,0.19699748078649731,2.8708806550894317,8.479556326758077,3.0350091043783687,0.09564111407333634,0.5497201843647121
77209,77209,1866837,1,1,0.5317031297315897,1;2;3,Protocol;Application;ConnectionState,2;1;5,Application;Protocol;TrafficVolume,2,0.5,-7.698729316728816,6.009024690103391,-0.9486739447275769,0.19016505392989785,0.11498635247233077,5.45794414007291,16.073237693339912,0.23825033305790488,0.19727048589958815,0.3902928529231846
77223,77223,2599844,1,1,2.3769649279505343,3;1;5,ConnectionState;Protocol;TrafficVolume,2;1;5,Application;Protocol;TrafficVolume,2,0.5,0.6300954784335281,-0.18148486067047953,-1.3038756369745874,0.123316544728572,0.2439831077511396,2.8708806550894317,8.479556326758077,0.11695135918910537,0.1392396386615058,0.590255191883316
77476,77476,2358416,1,1,2.241748137143253,3;1;5,ConnectionState;Protocol;TrafficVolume,2;1;5,Application;Protocol;TrafficVolume,2,0.5,0.630095478433528,-0.18148486067047953,-1.3038756369745874,-0.010287590304636662,0.24237045197706705,2.8708806550894317,8.479556326758077,0.11695135918910537,0.06880035283663394,0.5918678476573883
78075,78075,1283917,1,1,2.8865795116837534,3;1;2,ConnectionState;Protocol;Application,2;1;5,Application;Protocol;TrafficVolume,2,0.5,0.630095478433528,-0.18148486067047953,-0.7641960350411057,0.17104587939210344,0.16618875488734552,2.8708806550894317,8.479556326758077,0.42272824274437615,0.19305330294711787,0.4608556509722135
78341,78341,507561,1,1,2.792097679622254,3;1;2,ConnectionState;Protocol;Application,2;1;3,Application;Protocol;ConnectionState,3,1.0,0.6300954784335281,-0.18148486067047953,-0.7641960350411057,0.15582244369594722,0.08693035852200293,2.8708806550894317,8.479556326758077,0.42272824274437615,0.22999748945204257,0.33782684250258155
78632,78632,2741070,1,1,5.5048975285483674,3;1;5,ConnectionState;Protocol;TrafficVolume,2;3;1,Application;ConnectionState;Protocol,2,0.5,0.6300954784335282,-0.1814848606704793,1.848084826592887,0.14465999852694725,0.19861179098312312,2.8708806550894317,8.479556326758077,3.0350091043783687,0.1611581579485599,0.5481058741680862
79265,79265,3346468,1,1,5.527413518062978,3;1;5,ConnectionState;Protocol;TrafficVolume,2;3;1,Application;ConnectionState;Protocol,2,0.5,0.6300954784335281,-0.1814848606704793,1.8480848265928873,0.1687902875021521,0.19699749152252966,2.8708806550894317,8.479556326758077,3.0350091043783687,0.16878920346789397,0.5497201736286801
79453,79453,996217,1,1,3.006572838185666,3;2;5,ConnectionState;Application;TrafficVolume,2;3;1,Application;ConnectionState;Protocol,2,0.5,0.6300954784335282,-1.8697164196210028,2.7433941825235064,0.1768142776584675,-1.5389449754911944,2.8708806550894317,10.167787885708602,3.9303184603089885,0.18728490468075396,1.9853812877652397
79890,79890,483076,1,0,-1.847891706294888,5;2;3,TrafficVolume;Application;ConnectionState,2;5;1,Application;TrafficVolume;Protocol,2,0.5,0.630095478433528,-1.1512184560095486,-0.9486739447275768,0.1669332682167307,-3.4099583468903827,2.8708806550894317,9.449289922097146,0.23825033305790488,0.21888666493125905,3.5322189347328976
80697,80697,2073134,1,1,1.165314863513165,2;3;1,Application;ConnectionState;Protocol,2;1;5,Application;Protocol;TrafficVolume,2,0.5,0.630095478433528,-1.1512184560095486,-0.9486739447275768,0.17323768221928615,-0.4030561910848848,2.8708806550894317,9.449289922097146,0.23825033305790488,0.2125822509287036,1.456627469319564
80898,80898,2319292,1,1,3.8160907748000747,3;4;1,ConnectionState;Ports;Protocol,2;3;1,Application;ConnectionState;Protocol,2,0.5,0.6300954784335281,-0.18148486067047945,1.8480848265928873,-1.5457582357219788,0.20022327148375665,2.8708806550894317,8.479556326758077,3.0350091043783687,1.5631889084295574,0.5464943936674529
81007,81007,705580,1,1,6.315821598517617,3;1;2,ConnectionState;Protocol;Application,2;3;1,Application;ConnectionState;Protocol,3,1.0,0.6300954784335281,-0.1814848606704793,2.7433941825235064,0.16687488332924294,0.09201162021945762,2.8708806550894317,8.479556326758077,3.9303184603089885,0.1972242990099784,0.3429081042000365
82730,82730,1826019,1,1,1.39969699954477,2;3;1,Application;ConnectionState;Protocol,2;1;5,Application;Protocol;TrafficVolume,2,0.5,0.630095478433528,-1.1512184560095486,-0.9486739447275768,0.17960954458570605,-0.17504591741969977,2.8708806550894317,9.449289922097146,0.23825033305790488,0.20621038856228358,0.29408118407482303
82983,82983,1054496,1,1,2.8816240510788615,3;1;2,ConnectionState;Protocol;Application,2;1;5,Application;Protocol;TrafficVolume,2,0.5,0.6300954784335281,-0.18148486067047953,-0.7641960350411057,0.1660903815331798,0.16618879214137736,2.8708806550894317,8.479556326758077,0.42272824274437615,0.19800880080604155,0.46085561371818184
83035,83035,3186735,1,1,5.587377202778985,3;1;4,ConnectionState;Protocol;Ports,2;3;1,Application;ConnectionState;Protocol,2,0.5,0.6300954784335282,-0.1814848606704793,1.848084826592887,0.22875398349099285,0.19699748024969566,2.8708806550894317,8.479556326758077,3.0350091043783687,0.22875289945673472,0.5497201849015139
83222,83222,1831975,1,1,0.8845638391533928,2;3;5,Application;ConnectionState;TrafficVolume,2;1;5,Application;Protocol;TrafficVolume,2,0.5,0.630095478433528,-1.1512184560095486,-0.9486739447275767,0.17066053968401412,-0.6812300729093853,2.8708806550894317,9.449289922097146,0.23825033305790488,0.2151593934639755,0.6811792206590704
83435,83435,3080750,1,1,4.1090077823547615,3;4;1,ConnectionState;Ports;Protocol,2;3;1,Application;ConnectionState;Protocol,2,0.5,0.6300954784335281,-0.18148486067047936,1.8480848265928873,-1.2528407474077723,0.20022279072423724,2.8708806550894317,8.479556326758077,3.0350091043783687,1.2528418314420304,0.5464948744269724
83510,83510,423978,1,1,5.417786451905465,3;1;5,ConnectionState;Protocol;TrafficVolume,2;3;1,Application;ConnectionState;Protocol,2,0.5,0.6300954784335281,-0.1814848606704793,1.848084826592887,0.05916323261747247,0.19699748024969566,2.8708806550894317,8.479556326758077,3.0350091043783687,0.05916214858321422,0.5497201849015139
83884,83884,2837092,1,1,2.5705233990614893,4;1;5,Ports;Protocol;TrafficVolume,2;1;3,Application;Protocol;ConnectionState,1,0.2,0.630095478433528,-0.18148486067047953,0.0499368176867829,-1.0337121272736982,0.24075779620299498,2.8708806550894317,8.479556326758077,1.2368610954722645,1.160330597915292,0.5934805034314606
84351,84351,896987,1,1,1.5177949732503937,2;3;1,Application;ConnectionState;Protocol,2;1;5,Application;Protocol;TrafficVolume,2,0.5,0.630095478433528,-1.1512184560095486,-0.9486739447275768,0.16838512868743377,-0.04572352781580369,2.8708806550894317,9.449289922097146,0.23825033305790488,0.217434804460556,0.3214385241414679
84526,84526,712837,1,0,-2.2810703674689696,3;1;5,ConnectionState;Protocol;TrafficVolume,2;3;1,Application;ConnectionState;Protocol,2,0.5,0.6300954784335282,-0.18148486067047953,-6.018059454933889,0.17785240185505022,0.24559577316445938,2.8708806550894317,8.479556326758077,4.831135177148409,0.20796753129293927,0.5886425264699959
85190,85190,748515,1,1,2.8802999010677106,3;1;2,ConnectionState;Protocol;Application,2;1;5,Application;Protocol;TrafficVolume,2,0.5,0.6300954784335281,-0.18148486067047953,-0.7641960350411057,0.16476631225699068,0.16618871140641558,2.8708806550894317,8.479556326758077,0.42272824274437615,0.19933287008223058,0.46085569445314367
85718,85718,2471696,1,1,5.517114329064089,3;1;5,ConnectionState;Protocol;TrafficVolume,2;3;1,Application;ConnectionState;Protocol,2,0.5,0.6300954784335281,-0.1814848606704793,1.848084826592887,0.15687845507562684,0.198610134950165,2.8708806550894317,8.479556326758077,3.0350091043783687,0.16934405974733047,0.5481075302010447
86148,86148,1443273,1,1,0.534803069831554,2;5;3,Application;TrafficVolume;ConnectionState,2;1;5,Application;Protocol;TrafficVolume,2,0.5,0.630095478433528,-1.1512184560095486,-0.9486739447275767,0.16253863500678764,-1.0228689375539979,2.8708806550894317,9.449289922097146,0.23825033305790488,0.22328129814120204,1.0491763068248208
86954,86954,573263,1,0,-2.3012205270208783,3;1;5,ConnectionState;Protocol;TrafficVolume,2;3;1,Application;ConnectionState;Protocol,2,0.5,0.6300954784335281,-0.18148486067047953,-6.018059454933889,0.15770224230314203,0.24559577316445938,2.8708806550894317,8.479556326758077,4.831135177148409,0.2063969400360796,0.5886425264699959
87125,87125,2505159,1,1,5.496432366660755,3;1;5,ConnectionState;Protocol;TrafficVolume,2;3;1,Application;ConnectionState;Protocol,2,0.5,0.6300954784335282,-0.1814848606704793,1.848084826592887,0.13616088608488305,0.19864574153757528,2.8708806550894317,8.479556326758077,3.0350091043783687,0.19071982496873352,0.5480719236136342
87599,87599,373525,1,1,5.4381018461227555,3;1;5,ConnectionState;Protocol;TrafficVolume,2;3;1,Application;ConnectionState;Protocol,2,0.5,0.6300954784335281,-0.1814848606704793,1.8480848265928873,0.0794786267274026,0.19699748035705605,2.8708806550894317,8.479556326758077,3.0350091043783687,0.0794775426931446,0.5497201847941535
87805,87805,2816264,1,1,2.4243428877562545,3;1;5,ConnectionState;Protocol;TrafficVolume,2;1;5,Application;Protocol;TrafficVolume,2,0.5,0.6300954784335281,-0.18148486067047953,-1.3038756369745874,0.17230716030836474,0.24237045197706705,2.8708806550894317,8.479556326758077,0.11695135918910537,0.21237588389250306,0.5918678476573883
88022,88022,1825137,1,1,0.967806485956265,2;3;1,Application;ConnectionState;Protocol,2;1;5,Application;Protocol;TrafficVolume,2,0.5,0.630095478433528,-1.1512184560095486,-0.9486739447275767,0.16951751014917846,-0.5968443965716774,2.8708806550894317,9.449289922097146,0.23825033305790488,0.21630242299881114,0.6763695148284234
88523,88523,2135283,1,1,1.3652123020459217,2;3;1,Application;ConnectionState;Protocol,2;1;5,Application;Protocol;TrafficVolume,2,0.5,0.630095478433528,-1.1512184560095486,-0.9486739447275768,0.1542995892534842,-0.1842206595863263,2.8708806550894317,9.449289922097146,0.23825033305790488,0.23152034389450546,0.33228379764948507
88807,88807,653226,1,1,6.337207408419131,3;1;4,ConnectionState;Protocol;Ports,2;3;1,Application;ConnectionState;Protocol,2,0.5,0.6300954784335281,-0.1814848606704793,2.7433941825235064,0.18816293607533915,0.09210937737487446,2.8708806550894317,8.479556326758077,3.9303184603089885,0.18816185204108102,0.3430058613554533
88860,88860,1295906,1,1,2.877098022058262,3;1;2,ConnectionState;Protocol;Application,2;1;5,Application;Protocol;TrafficVolume,2,0.5,0.6300954784335281,-0.18148486067047953,-0.7641960350411057,0.1615644064074617,0.1661887382464959,2.8708806550894317,8.479556326758077,0.42272824274437615,0.20253477593175973,0.4608556676130633
90086,90086,1932518,1,1,2.447090236609898,2;3;5,Application;ConnectionState;TrafficVolume,2;1;5,Application;Protocol;TrafficVolume,2,0.5,0.6300954784335281,-1.1512184560095486,-0.9486739447275768,0.19246331138094946,0.859493552850185,2.8708806550894317,9.449289922097146,0.23825033305790488,0.19335662176704024,1.5962848175343056
90148,90148,2016781,1,1,0.5078713178910963,1;2;3,Protocol;Application;ConnectionState,2;1;5,Application;Protocol;TrafficVolume,2,0.5,-7.698729316728816,6.009024690103391,-0.9486739447275769,0.16321332107112999,0.11810627349060535,5.45794414007291,16.073237693339912,0.23825033305790488,0.22422221875835602,0.3982520559392674
90804,90804,575036,1,1,6.33165166772098,3;1;2,ConnectionState;Protocol;Application,2;3;1,Application;ConnectionState;Protocol,3,1.0,0.6300954784335281,-0.1814848606704793,2.7433941825235064,0.14880293420435484,0.12591363854770865,2.8708806550894317,8.479556326758077,3.9303184603089885,0.2152962481348665,0.4187392690466445
91212,91212,1499151,1,1,0.88171317764477,2;3;5,Application;ConnectionState;TrafficVolume,2;1;5,Application;Protocol;TrafficVolume,2,0.5,0.630095478433528,-1.1512184560095486,-0.9486739447275767,0.16780651452283996,-0.6812267092568339,2.8708806550894317,9.449289922097146,0.23825033305790488,0.21801341862514978,0.6811758570065193
91250,91250,864878,1,1,6.300197880996382,3;1;2,ConnectionState;Protocol;Application,2;3;1,Application;ConnectionState;Protocol,3,1.0,0.6300954784335281,-0.1814848606704793,2.7433941825235064,0.15065947258616696,0.09260331344129889,2.8708806550894317,8.479556326758077,3.9303184603089885,0.21343970975305437,0.34349979742187753
91669,91669,3230746,1,1,5.575428828969032,3;1;4,ConnectionState;Protocol;Ports,2;3;1,Application;ConnectionState;Protocol,2,0.5,0.6300954784335281,-0.1814848606704793,1.848084826592887,0.21680561064728202,0.1969974792834528,2.8708806550894317,8.479556326758077,3.0350091043783687,0.2168045266130239,0.5497201858677567
91983,91983,934500,1,1,2.9102191685246614,3;1;4,ConnectionState;Protocol;Ports,2;1;5,Application;Protocol;TrafficVolume,1,0.2,0.6300954784335281,-0.18148486067047953,-0.7641960350411057,0.1946854760038712,0.16618881511648584,2.8708806550894317,8.479556326758077,0.42272824274437615,0.19468439196961293,0.46085559074307314
92347,92347,600452,1,1,6.2999044393478085,3;1;2,ConnectionState;Protocol;Application,2;3;1,Application;ConnectionState;Protocol,3,1.0,0.6300954784335282,-0.1814848606704793,2.743394182523506,0.15087245859213905,0.09209688578675301,2.8708806550894317,8.479556326758077,3.9303184603089885,0.2132267237470822,0.34299336976733197
93361,93361,724768,1,0,-0.4432137651143715,1;2;3,Protocol;Application;ConnectionState,2;1;5,Application;Protocol;TrafficVolume,2,0.5,-7.698729316728816,4.981301397145514,-0.9486739447275767,0.15687163472206403,0.2010861697920809,5.45794414007291,15.045514400382036,0.23825033305790488,0.230563905107422,0.532034389893456
94594,94594,2817592,1,1,5.467499383195407,3;1;5,ConnectionState;Protocol;TrafficVolume,2;3;1,Application;ConnectionState;Protocol,2,0.5,0.6300954784335281,-0.1814848606704793,1.848084826592887,0.1068054040573232,0.199068240099787,2.8708806550894317,8.479556326758077,3.0350091043783687,0.17226572808655352,0.5476494250514226
95191,95191,102146,1,1,2.3648461053940344,3;1;5,ConnectionState;Protocol;TrafficVolume,2;1;5,Application;Protocol;TrafficVolume,2,0.5,0.630095478433528,-0.18148486067047953,-1.3038756369745874,0.11119772217207254,0.2439831077511396,2.8708806550894317,8.479556326758077,0.11695135918910537,0.13215085967962403,0.590255191883316
96711,96711,1015609,1,1,6.340442689928626,3;1;4,ConnectionState;Protocol;Ports,2;3;1,Application;ConnectionState;Protocol,2,0.5,0.6300954784335281,-0.1814848606704793,2.743394182523506,0.1914180874036882,0.09208950755602174,2.8708806550894317,8.479556326758077,3.9303184603089885,0.19141700336943002,0.3429859915366006
97167,97167,2501731,1,1,4.06410221480733,3;4;1,ConnectionState;Ports;Protocol,2;3;1,Application;ConnectionState;Protocol,2,0.5,0.6300954784335281,-0.18148486067047936,1.848084826592887,-1.2964162343922359,0.19889271016126922,2.8708806550894317,8.479556326758077,3.0350091043783687,1.2964173184264935,0.5478249549899403
97257,97257,672395,1,0,-2.2693044220567167,3;1;5,ConnectionState;Protocol;TrafficVolume,2;3;1,Application;ConnectionState;Protocol,2,0.5,0.6300954784335282,-0.18148486067047953,-6.018059454933889,0.18961834726730317,0.24559577316445938,2.8708806550894317,8.479556326758077,4.831135177148409,0.18961726323304526,0.5886425264699959
97799,97799,948988,1,1,3.7616396811235484,2;5;3,Application;TrafficVolume;ConnectionState,2;1;5,Application;Protocol;TrafficVolume,2,0.5,0.630095478433528,2.2551875452127126,-0.7641960350411057,0.16499349807998814,-1.3893711002439366,2.8708806550894317,14.292691850542319,0.42272824274437615,0.19910568425923328,1.789701878662706
97996,97996,491172,1,1,0.9903995461222452,2;3;1,Application;ConnectionState;Protocol,2;1;5,Application;Protocol;TrafficVolume,2,0.5,0.630095478433528,-1.1512184560095486,-0.9486739447275767,0.16194227132658065,-0.5666760975830994,2.8708806550894317,9.449289922097146,0.23825033305790488,0.22387766182140897,0.6276556358810228
98774,98774,432850,1,1,0.54352079594993,1;2;3,Protocol;Application;ConnectionState,2;1;5,Application;Protocol;TrafficVolume,2,0.5,-7.698729316728816,6.009024690103391,-0.9486739447275769,0.19886202409580345,0.11810704852476597,5.45794414007291,16.073237693339912,0.23825033305790488,0.19886094006154537,0.39825128090510686
99179,99179,1178856,1,1,2.881283238551329,3;1;2,ConnectionState;Protocol;Application,2;1;5,Application;Protocol;TrafficVolume,2,0.5,0.6300954784335281,-0.18148486067047953,-0.7641960350411057,0.16574960228734748,0.16618875885967777,2.8708806550894317,8.479556326758077,0.42272824274437615,0.19834958005187406,0.4608556469998816
99759,99759,2485061,1,1,0.9485078249230772,3;4;1,ConnectionState;Ports;Protocol,2;1;4,Application;Protocol;Ports,2,0.5,0.630095478433528,-0.18148486067047953,-1.3038756369745874,-1.3035279025248128,0.24237045197706705,2.8708806550894317,8.479556326758077,0.11695135918910537,1.3156551987304592,0.5918678476573883
100444,100444,2381543,1,1,5.495508328811633,3;1;5,ConnectionState;Protocol;TrafficVolume,2;3;1,Application;ConnectionState;Protocol,2,0.5,0.6300954784335281,-0.1814848606704793,1.848084826592887,0.13527243259958488,0.19861015717375158,2.8708806550894317,8.479556326758077,3.0350091043783687,0.1910099000494972,0.5481075079774582
100449,100449,1445576,1,1,2.4254728749016503,3;1;5,ConnectionState;Protocol;TrafficVolume,2;1;5,Application;Protocol;TrafficVolume,2,0.5,0.630095478433528,-0.18148486067047953,-1.3038756369745874,0.16698651471822368,0.24882108471260395,2.8708806550894317,8.479556326758077,0.11695135918910537,0.21883341842976603,0.5854172149218513
101191,101191,3044604,1,1,0.8530657263479586,4;3;1,Ports;ConnectionState;Protocol,2;1;4,Application;Protocol;Ports,2,0.5,0.630095478433528,-0.18148486067047953,-1.3038756369745874,-1.4005826568740036,0.24398310775113952,2.8708806550894317,8.479556326758077,0.11695135918910537,1.446159563627385,0.590255191883316
101548,101548,2978022,1,1,2.1440831300993577,4;1;5,Ports;Protocol;TrafficVolume,2;1;4,Application;Protocol;Ports,2,0.5,0.630095478433528,-0.18148486067047953,0.04993681768678289,-1.4601523962358298,0.24075779620299498,2.8708806550894317,8.479556326758077,1.2368610954722645,1.5502435909534122,0.5934805034314606
101697,101697,1349846,1,1,6.314017444621269,3;1;2,ConnectionState;Protocol;Application,2;3;1,Application;ConnectionState;Protocol,3,1.0,0.6300954784335282,-0.1814848606704793,2.743394182523506,0.16503964518430525,0.09204270446804766,2.8708806550894317,8.479556326758077,3.9303184603089885,0.19905953715491623,0.3429391884486265
101788,101788,232174,1,1,5.495435025475697,3;1;5,ConnectionState;Protocol;TrafficVolume,2;3;1,Application;ConnectionState;Protocol,2,0.5,0.6300954784335281,-0.1814848606704793,1.848084826592887,0.13681176893367294,0.19699751750372732,2.8708806550894317,8.479556326758077,3.0350091043783687,0.136810684899415,0.5497201476474822
101812,101812,2973348,1,1,1.10611715583056,3;4;1,ConnectionState;Ports;Protocol,2;1;4,Application;Protocol;Ports,2,0.5,0.630095478433528,-0.18148486067047953,-1.3038756369745874,-1.1475312273914027,0.24398310775113952,2.8708806550894317,8.479556326758077,0.11695135918910537,1.2539656230239016,0.590255191883316
101905,101905,2230564,1,1,5.2896388239704635,3;1;5,ConnectionState;Protocol;TrafficVolume,2;3;1,Application;ConnectionState;Protocol,2,0.5,0.6300954784335281,-0.1814848606704793,1.848084826592887,-0.07220972930398141,0.2002228142361477,2.8708806550894317,8.479556326758077,3.0350091043783687,0.07221081333823948,0.546494850915062
104804,104804,942964,1,1,6.312261956060874,3;1;2,ConnectionState;Protocol;Application,2;3;1,Application;ConnectionState;Protocol,3,1.0,0.6300954784335281,-0.1814848606704793,2.743394182523506,0.16331800046220282,0.09200886062975511,2.8708806550894317,8.479556326758077,3.9303184603089885,0.20078118187701885,0.34290534461033395
107833,107833,1554706,1,1,0.8860065225323703,2;3;5,Application;ConnectionState;TrafficVolume,2;1;5,Application;Protocol;TrafficVolume,2,0.5,0.630095478433528,-1.1512184560095486,-0.9486739447275767,0.17208755328727454,-0.6812144031336681,2.8708806550894317,9.449289922097146,0.23825033305790488,0.2137323798607152,0.6811635508833532
109549,109549,1784243,1,1,2.4297427757773735,3;1;5,ConnectionState;Protocol;TrafficVolume,2;1;5,Application;Protocol;TrafficVolume,2,0.5,0.630095478433528,-0.18148486067047953,-1.3038756369745874,0.1777070483294838,0.24237045197706705,2.8708806550894317,8.479556326758077,0.11695135918910537,0.18639213400973756,0.5918678476573883
110297,110297,1827738,1,1,5.55869994351895,3;1;5,ConnectionState;Protocol;TrafficVolume,2;3;1,Application;ConnectionState;Protocol,2,0.5,0.6300954784335282,-0.1814848606704793,1.848084826592887,0.19201343518454636,0.20506076929610648,2.8708806550894317,8.479556326758077,3.0350091043783687,0.1973368755107919,0.5416568958551029
112326,112326,1766585,1,1,2.290930794689342,3;1;5,ConnectionState;Protocol;TrafficVolume,2;1;5,Application;Protocol;TrafficVolume,2,0.5,0.630095478433528,-0.18148486067047953,-1.3038756369745874,0.038895067241452086,0.24237045197706705,2.8708806550894317,8.479556326758077,0.11695135918910537,0.04953608388665488,0.5918678476573883
113565,113565,2919872,1,1,1.0824735975247648,3;4;1,ConnectionState;Ports;Protocol,2;1;4,Application;Protocol;Ports,2,0.5,0.630095478433528,-0.18148486067047953,-1.3038756369745874,-1.1711747856971972,0.24398310775113952,2.8708806550894317,8.479556326758077,0.11695135918910537,1.1711758697314552,0.590255191883316
114002,114002,2400064,1,1,5.344883473833976,3;1;5,ConnectionState;Protocol;TrafficVolume,2;3;1,Application;ConnectionState;Protocol,2,0.5,0.6300954784335281,-0.1814848606704793,1.848084826592887,-0.015352435905472417,0.19861017070115203,2.8708806550894317,8.479556326758077,3.0350091043783687,0.05202477444958567,0.5481074944500577
114159,114159,1733037,1,1,3.221997956386507,1;4;5,Protocol;Ports;TrafficVolume,2;1;3,Application;Protocol;ConnectionState,1,0.2,0.6300954784335281,-0.18148486067047953,0.04993681768678293,-0.3822375699486806,0.24075779620299498,2.8708806550894317,8.479556326758077,1.2368610954722645,0.44046590518092155,0.5934805034314606
114712,114712,253007,1,1,5.485356526421478,3;1;5,ConnectionState;Protocol;TrafficVolume,2;3;1,Application;ConnectionState;Protocol,2,0.5,0.6300954784335282,-0.1814848606704793,1.848084826592887,0.1267333065966847,0.19699748078649731,2.8708806550894317,8.479556326758077,3.0350091043783687,0.12673222256242672,0.5497201843647121
115464,115464,3226623,1,1,5.573210312444667,3;1;4,ConnectionState;Protocol;Ports,2;3;1,Application;ConnectionState;Protocol,2,0.5,0.6300954784335281,-0.1814848606704793,1.848084826592887,0.21458708123967885,0.19699749216669127,2.8708806550894317,8.479556326758077,3.0350091043783687,0.21458599720542093,0.549720172984518
115725,115725,1070820,1,1,2.383861373227331,3;1;5,ConnectionState;Protocol;TrafficVolume,2;1;5,Application;Protocol;TrafficVolume,2,0.5,0.630095478433528,-0.18148486067047953,-1.3038756369745874,0.1862724888837169,0.18792360887279105,2.8708806550894317,8.479556326758077,0.11695135918910537,0.19954744426427268,0.4271120090596262
116977,116977,1340401,1,1,6.293760366043289,3;1;2,ConnectionState;Protocol;Application,2;3;1,Application;ConnectionState;Protocol,3,1.0,0.6300954784335281,-0.1814848606704793,2.743394182523506,0.14477747987429465,0.09204779120007787,2.8708806550894317,8.479556326758077,3.9303184603089885,0.2193217024649267,0.34294427518065684
117527,117527,238803,1,1,5.492329053254808,3;1;5,ConnectionState;Protocol;TrafficVolume,2;3;1,Application;ConnectionState;Protocol,2,0.5,0.6300954784335282,-0.1814848606704793,1.848084826592887,0.1337058335373742,0.19699748067913705,2.8708806550894317,8.479556326758077,3.0350091043783687,0.1337047495031161,0.5497201844720725
118388,118388,3349081,1,1,5.5260824188387225,3;1;5,ConnectionState;Protocol;TrafficVolume,2;3;1,Application;ConnectionState;Protocol,2,0.5,0.6300954784335281,-0.1814848606704793,1.8480848265928873,0.1674591744284155,0.19699750537201077,2.8708806550894317,8.479556326758077,3.0350091043783687,0.16745809039415743,0.5497201597791985
118537,118537,2776483,1,1,2.2726996937426667,3;1;5,ConnectionState;Protocol;TrafficVolume,2;1;5,Application;Protocol;TrafficVolume,2,0.5,0.630095478433528,-0.18148486067047953,-1.3038756369745874,0.02066396629477696,0.24237045197706705,2.8708806550894317,8.479556326758077,0.11695135918910537,0.11390134548992706,0.5918678476573883
118805,118805,2282248,1,1,5.506489168493339,3;1;5,ConnectionState;Protocol;TrafficVolume,2;3;1,Application;ConnectionState;Protocol,2,0.5,0.6300954784335282,-0.1814848606704793,1.848084826592887,0.14464062520340357,0.20022280425163788,2.8708806550894317,8.479556326758077,3.0350091043783687,0.24117930794458592,0.5464948608995719
118961,118961,3157166,1,1,5.600244665563004,3;1;4,ConnectionState;Protocol;Ports,2;3;1,Application;ConnectionState;Protocol,2,0.5,0.6300954784335282,-0.1814848606704793,1.848084826592887,0.24162144659709217,0.19699747992761463,2.8708806550894317,8.479556326758077,3.0350091043783687,0.2416203625628342,0.5497201852235947
119016,119016,1177039,1,1,6.332571171697571,3;1;4,ConnectionState;Protocol;Ports,2;3;1,Application;ConnectionState;Protocol,2,0.5,0.6300954784335281,-0.1814848606704793,2.743394182523506,0.1836156632694295,0.09202041345922574,2.8708806550894317,8.479556326758077,3.9303184603089885,0.18361457923517147,0.3429168974398046
119954,119954,1660817,1,1,1.1456975510737641,3;4;1,ConnectionState;Ports;Protocol,2;1;4,Application;Protocol;Ports,2,0.5,0.630095478433528,-0.18148486067047953,-1.3038756369745874,-1.1079508321481981,0.24398310775113952,2.8708806550894317,8.479556326758077,0.11695135918910537,1.2085777858978852,0.590255191883316
120026,120026,320036,1,1,5.45987513047998,3;1;5,ConnectionState;Protocol;TrafficVolume,2;3;1,Application;ConnectionState;Protocol,2,0.5,0.6300954784335281,-0.1814848606704793,1.848084826592887,0.10125190893742088,0.19699748250426263,2.8708806550894317,8.479556326758077,3.0350091043783687,0.10125082490316288,0.5497201826469471
120330,120330,3128834,1,1,5.612890302319034,3;1;4,ConnectionState;Protocol;Ports,2;3;1,Application;ConnectionState;Protocol,2,0.5,0.6300954784335282,-0.1814848606704793,1.848084826592887,0.25426706542394933,0.1969974978567883,2.8708806550894317,8.479556326758077,3.0350091043783687,0.2542659813896913,0.549720167294421
120624,120624,3029385,1,1,1.6357223541752721,3;1;4,ConnectionState;Protocol;Ports,2;1;4,Application;Protocol;Ports,2,0.5,0.6300954784335282,-0.18148486067047953,-1.3038756369745874,-0.6179260290466899,0.24398310775113954,2.8708806550894317,8.479556326758077,0.11695135918910537,0.7123728051763817,0.590255191883316
121117,121117,2629717,1,1,2.3983342904947094,3;1;5,ConnectionState;Protocol;TrafficVolume,2;1;5,Application;Protocol;TrafficVolume,2,0.5,0.630095478433528,-0.18148486067047953,-1.3038756369745874,0.1462985630468197,0.24237045197706705,2.8708806550894317,8.479556326758077,0.11695135918910537,0.2178006192924017,0.5918678476573883
121169,121169,2551543,1,1,2.4412536028428695,3;1;5,ConnectionState;Protocol;TrafficVolume,2;1;5,Application;Protocol;TrafficVolume,2,0.5,0.630095478433528,-0.18148486067047953,-1.3038756369745874,0.18921787539497978,0.24237045197706705,2.8708806550894317,8.479556326758077,0.11695135918910537,0.19307170522357248,0.5918678476573883
122586,122586,1060937,1,1,6.325422343378927,3;1;2,ConnectionState;Protocol;Application,2;3;1,Application;ConnectionState;Protocol,3,1.0,0.6300954784335281,-0.1814848606704793,2.7433941825235064,0.17606172366103287,0.09242552474897801,2.8708806550894317,8.479556326758077,3.9303184603089885,0.1880374586781886,0.34332200872955676
123235,123235,1835626,1,1,0.9442130834498181,2;3;5,Application;ConnectionState;TrafficVolume,2;1;5,Application;Protocol;TrafficVolume,2,0.5,0.630095478433528,-1.1512184560095486,-0.9486739447275767,0.186556471418132,-0.6374767603470777,2.8708806550894317,9.449289922097146,0.23825033305790488,0.19926346172985776,0.6374259080967629
123327,123327,1315341,1,1,3.6268878951783465,1;5;4,Protocol;TrafficVolume;Ports,2;1;3,Application;Protocol;ConnectionState,1,0.2,0.6300954784335281,-0.18148486067047953,-0.07440369469235467,0.18893678877563813,0.19881388864965288,2.8708806550894317,8.479556326758077,1.112520583093127,0.1889357047413802,0.5418606153298298
123753,123753,2247334,1,1,5.283575779605742,3;1;5,ConnectionState;Protocol;TrafficVolume,2;3;1,Application;ConnectionState;Protocol,2,0.5,0.6300954784335281,-0.1814848606704793,1.848084826592887,-0.07827275971186066,0.2002228002793058,2.8708806550894317,8.479556326758077,3.0350091043783687,0.07827384374611886,0.5464948648719037
123980,123980,1744183,1,1,1.4630778107861586,3;4;1,ConnectionState;Ports;Protocol,2;1;4,Application;Protocol;Ports,2,0.5,0.6300954784335282,-0.18148486067047953,-1.3038756369745874,-0.7905705724358034,0.24398310775113954,2.8708806550894317,8.479556326758077,0.11695135918910537,0.8976119859576397,0.590255191883316
124648,124648,54893,1,1,5.211915315626889,3;1;5,ConnectionState;Protocol;TrafficVolume,2;3;1,Application;ConnectionState;Protocol,2,0.5,0.6300954784335281,-0.1814848606704793,1.848084826592887,-0.14993325997850168,0.20022283656709464,2.8708806550894317,8.479556326758077,3.0350091043783687,0.17947579470748734,0.5464948285841151
124987,124987,165710,1,1,5.5178104454276955,3;1;5,ConnectionState;Protocol;TrafficVolume,2;3;1,Application;ConnectionState;Protocol,2,0.5,0.6300954784335281,-0.1814848606704793,1.848084826592887,0.15918722710594513,0.1969974792834528,2.8708806550894317,8.479556326758077,3.0350091043783687,0.15918614307168724,0.5497201858677567
125433,125433,297986,1,1,5.4678301422283875,3;1;5,ConnectionState;Protocol;TrafficVolume,2;3;1,Application;ConnectionState;Protocol,2,0.5,0.6300954784335281,-0.1814848606704793,1.848084826592887,0.10920692283303504,0.19699748035705605,2.8708806550894317,8.479556326758077,3.0350091043783687,0.10920583879877674,0.5497201847941535
125653,125653,335824,1,1,5.4518884355039035,3;1;5,ConnectionState;Protocol;TrafficVolume,2;3;1,Application;ConnectionState;Protocol,2,0.5,0.6300954784335281,-0.1814848606704793,1.848084826592887,0.09326520451363661,0.19699749195197055,2.8708806550894317,8.479556326758077,3.0350091043783687,0.09326412047937843,0.5497201731992387
125969,125969,1009051,1,1,2.8193474274261665,3;1;4,ConnectionState;Protocol;Ports,2;1;3,Application;Protocol;ConnectionState,2,0.5,0.630095478433528,-0.18148486067047953,-0.7641960350411057,0.18306348414834825,0.08693906587351384,2.8708806550894317,8.479556326758077,0.42272824274437615,0.2027564489996412,0.3378355498540924
127130,127130,3252227,1,0,-5.238367633746952,5;3;1,TrafficVolume;ConnectionState;Protocol,5;2;1,TrafficVolume;Application;Protocol,2,0.5,0.6300954784335282,-0.18148486067047934,-1.3038756369745876,0.2073293248727133,-7.455362234090488,2.8708806550894317,8.479556326758077,0.11695135918910537,0.20732824083845527,14.085403066286334
127480,127480,2560684,1,1,0.967303606681813,3;4;1,ConnectionState;Ports;Protocol,2;1;4,Application;Protocol;Ports,2,0.5,0.630095478433528,-0.18148486067047953,-1.3038756369745874,-1.284732120766077,0.24237045197706705,2.8708806550894317,8.479556326758077,0.11695135918910537,1.2847332048003348,0.5918678476573883
128089,128089,2662927,1,1,2.4393786637186126,3;1;5,ConnectionState;Protocol;TrafficVolume,2;1;5,Application;Protocol;TrafficVolume,2,0.5,0.630095478433528,-0.18148486067047953,-1.3038756369745874,0.18734293627072282,0.24237045197706705,2.8708806550894317,8.479556326758077,0.11695135918910537,0.1873418522364648,0.5918678476573883
128667,128667,2879786,1,1,2.7687690200535857,4;1;5,Ports;Protocol;TrafficVolume,2;1;3,Application;Protocol;ConnectionState,1,0.2,0.6300954784335281,-0.18148486067047953,0.049936817686782924,-0.8354665062816019,0.24075779620299498,2.8708806550894317,8.479556326758077,1.2368610954722645,0.8622899064411029,0.5934805034314606
129604,129604,3279547,1,1,5.553085079818484,3;1;5,ConnectionState;Protocol;TrafficVolume,2;3;1,Application;ConnectionState;Protocol,2,0.5,0.6300954784335281,-0.1814848606704793,1.848084826592887,0.19446184925765836,0.19699749152252966,2.8708806550894317,8.479556326758077,3.0350091043783687,0.1944607652234001,0.5497201736286801
131259,131259,1461013,1,1,0.698184420625954,2;3;5,Application;ConnectionState;TrafficVolume,2;1;5,Application;Protocol;TrafficVolume,2,0.5,0.630095478433528,-1.1512184560095486,-0.9486739447275767,0.187933787195814,-0.884882738948624,2.8708806550894317,9.449289922097146,0.23825033305790488,0.19788614595217568,0.9273166972877249
131946,131946,666830,1,1,6.336257878651071,3;1;4,ConnectionState;Protocol;Ports,2;3;1,Application;ConnectionState;Protocol,2,0.5,0.6300954784335282,-0.1814848606704793,2.743394182523506,0.18726129115785284,0.09206149252430153,2.8708806550894317,8.479556326758077,3.9303184603089885,0.18726020712359465,0.34295797650488025
132434,132434,2590333,1,1,2.342888860897196,3;1;5,ConnectionState;Protocol;TrafficVolume,2;1;5,Application;Protocol;TrafficVolume,2,0.5,0.6300954784335281,-0.18148486067047953,-1.3038756369745874,0.09085313344930637,0.24237045197706705,2.8708806550894317,8.479556326758077,0.11695135918910537,0.1781055837868985,0.5918678476573883
133624,133624,2053336,1,1,2.216367789438301,2;3;5,Application;ConnectionState;TrafficVolume,2;1;5,Application;Protocol;TrafficVolume,2,0.5,0.630095478433528,-1.1512184560095486,-0.9486739447275768,0.15728495633043374,0.6639494607291034,2.8708806550894317,9.449289922097146,0.23825033305790488,0.228534976817556,1.6531401853507464
134056,134056,69171,1,1,4.666984413795619,3;4;1,ConnectionState;Ports;Protocol,2;3;1,Application;ConnectionState;Protocol,2,0.5,0.6300954784335281,-0.1814848606704793,1.848084826592887,-0.6950065027005972,0.20036517745792004,2.8708806550894317,8.479556326758077,3.0350091043783687,0.6950075867348554,0.5463524876932893
134211,134211,1324503,1,1,6.298470314449235,3;1;2,ConnectionState;Protocol;Application,2;3;1,Application;ConnectionState;Protocol,3,1.0,0.6300954784335281,-0.1814848606704793,2.7433941825235064,0.14947384462292934,0.0920613748573891,2.8708806550894317,8.479556326758077,3.9303184603089885,0.21462533771629225,0.3429578588379679
135147,135147,1063267,1,1,2.8796439585854774,3;1;4,ConnectionState;Protocol;Ports,2;1;3,Application;Protocol;ConnectionState,2,0.5,0.6300954784335281,-0.18148486067047953,-0.7641960350411057,0.1911518538735497,0.1391472273076233,2.8708806550894317,8.479556326758077,0.42272824274437615,0.19115076983929163,0.39004365715038114
136143,136143,2809656,1,1,5.396622446835704,3;1;5,ConnectionState;Protocol;TrafficVolume,2;3;1,Application;ConnectionState;Protocol,2,0.5,0.6300954784335282,-0.1814848606704793,1.848084826592887,0.036386555884312166,0.19861015191309575,2.8708806550894317,8.479556326758077,3.0350091043783687,0.08094575556294262,0.5481075132381139
136307,136307,418214,1,1,5.422223522756045,3;1;5,ConnectionState;Protocol;TrafficVolume,2;3;1,Application;ConnectionState;Protocol,2,0.5,0.6300954784335281,-0.1814848606704793,1.8480848265928873,0.06360029240994057,0.196997491307809,2.8708806550894317,8.479556326758077,3.0350091043783687,0.06359920837568236,0.5497201738434008
136378,136378,2779692,1,1,3.0156373148488163,2;3;1,Application;ConnectionState;Protocol,2;1;3,Application;Protocol;ConnectionState,3,1.0,0.6300954784335282,-1.8697164196210028,1.2681788538573024,0.14796738148011365,-0.025818273983486646,2.8708806550894317,10.167787885708602,2.4551031316427845,0.18310190335151016,0.23174983978562236
136588,136588,1073362,1,0,-0.41564199793274703,1;2;3,Protocol;Application;ConnectionState,2;1;5,Application;Protocol;TrafficVolume,2,0.5,-7.698729316728816,4.981301397145514,-0.9486739447275767,0.18383756484117425,0.20169200685459504,5.45794414007291,15.045514400382036,0.23825033305790488,0.20359797498831192,0.5294141562127492
136844,136844,2575913,1,1,5.498781173975859,3;1;5,ConnectionState;Protocol;TrafficVolume,2;3;1,Application;ConnectionState;Protocol,2,0.5,0.6300954784335281,-0.1814848606704793,1.8480848265928873,0.13854457745243454,0.19861085748512794,2.8708806550894317,8.479556326758077,3.0350091043783687,0.22543494421662694,0.5481068076660813
137790,137790,1942878,1,0,-3.0150068433551285,3;1;4,ConnectionState;Protocol;Ports,2;3;1,Application;ConnectionState;Protocol,2,0.5,0.6300954784335281,-0.18148486067047953,-6.644039454576472,0.18767465306285167,0.127817045713082,2.8708806550894317,8.479556326758077,5.45711517679099,0.19814528008513807,0.39969793773608947
137861,137861,2813015,1,1,2.393766296675008,3;1;5,ConnectionState;Protocol;TrafficVolume,2;1;5,Application;Protocol;TrafficVolume,2,0.5,0.630095478433528,-0.18148486067047953,-1.3038756369745874,0.1417305692271182,0.24237045197706705,2.8708806550894317,8.479556326758077,0.11695135918910537,0.18179929281125665,0.5918678476573883
138677,138677,3079318,1,1,5.1333494481824715,3;1;4,ConnectionState;Protocol;Ports,2;3;1,Application;ConnectionState;Protocol,2,0.5,0.6300954784335282,-0.1814848606704793,1.848084826592887,-0.22849909424857984,0.20022280339275508,2.8708806550894317,8.479556326758077,3.0350091043783687,0.22850017828283808,0.5464948617584544
138995,138995,2105367,1,1,1.2669451312197173,2;3;1,Application;ConnectionState;Protocol,2;1;5,Application;Protocol;TrafficVolume,2,0.5,0.630095478433528,-1.1512184560095486,-0.9486739447275768,0.18597785674220144,-0.31416609790124805,2.8708806550894317,9.449289922097146,0.23825033305790488,0.19984207640578816,0.5654394272077318
139068,139068,1009698,1,1,2.997451053901529,3;2;5,ConnectionState;Application;TrafficVolume,2;3;1,Application;ConnectionState;Protocol,2,0.5,0.6300954784335282,-1.8697164196210028,2.7433941825235064,0.16128752378155925,-1.5325400058984229,2.8708806550894317,10.167787885708602,3.9303184603089885,0.20281165855766206,1.9917854826129386
139275,139275,3117770,1,1,5.61916555337525,3;1;4,ConnectionState;Protocol;Ports,2;3;1,Application;ConnectionState;Protocol,2,0.5,0.6300954784335282,-0.1814848606704793,1.848084826592887,0.2605423338725368,0.19699748046441637,2.8708806550894317,8.479556326758077,3.0350091043783687,0.2605412498382787,0.5497201846867932
140008,140008,140044,1,1,0.6755167838161698,4;3;1,Ports;ConnectionState;Protocol,2;1;4,Application;Protocol;Ports,2,0.5,0.630095478433528,-0.18148486067047953,-1.3038756369745874,-1.5781315994057925,0.24398310775113952,2.8708806550894317,8.479556326758077,0.11695135918910537,1.6368462566393394,0.590255191883316
140452,140452,2967423,1,1,2.108820767080628,3;1;5,ConnectionState;Protocol;TrafficVolume,2;1;5,Application;Protocol;TrafficVolume,2,0.5,0.6300954784335282,-0.18148486067047953,-1.3038756369745874,-0.14482761614133374,0.2439831077511396,2.8708806550894317,8.479556326758077,0.11695135918910537,0.1869150843008464,0.590255191883316
141046,141046,2681970,1,1,2.1006816028672937,3;1;5,ConnectionState;Protocol;TrafficVolume,2;1;5,Application;Protocol;TrafficVolume,2,0.5,0.630095478433528,-0.18148486067047953,-1.3038756369745874,-0.151354124580596,0.24237045197706705,2.8708806550894317,8.479556326758077,0.11695135918910537,0.15135520861485402,0.5918678476573883
141384,141384,2910815,1,1,1.019094968938164,3;4;1,ConnectionState;Ports;Protocol,2;1;4,Application;Protocol;Ports,2,0.5,0.630095478433528,-0.18148486067047953,-1.3038756369745874,-1.2345534142837973,0.24398310775113952,2.8708806550894317,8.479556326758077,0.11695135918910537,1.3025933536734222,0.590255191883316
141410,141410,501308,1,1,1.5608109750290489,5;3;1,TrafficVolume;ConnectionState;Protocol,2;1;5,Application;Protocol;TrafficVolume,2,0.5,0.630095478433528,-0.18148486067047953,-0.9486739447275768,0.19745075767767245,-1.0015067503664565,2.8708806550894317,8.479556326758077,0.23825033305790488,0.19744967364341426,1.0192173114438547
141991,141991,2799395,1,1,2.16814082396918,4;1;5,Ports;Protocol;TrafficVolume,2;1;4,Application;Protocol;Ports,2,0.5,0.630095478433528,-0.18148486067047953,0.04993681768678289,-1.4360947023660076,0.24075779620299498,2.8708806550894317,8.479556326758077,1.2368610954722645,1.5644880591178307,0.5934805034314606
142437,142437,938524,1,0,-0.4398460667638866,1;2;3,Protocol;Application;ConnectionState,2;1;5,Application;Protocol;TrafficVolume,2,0.5,-7.698729316728816,4.981301397145514,-0.9486739447275767,0.15963336567460423,0.20169213719002538,5.45794414007291,15.045514400382036,0.23825033305790488,0.22780217415488183,0.529414025877319
142901,142901,1148725,1,1,6.301188234584156,3;1;2,ConnectionState;Protocol;Application,2;3;1,Application;ConnectionState;Protocol,3,1.0,0.6300954784335282,-0.1814848606704793,2.7433941825235064,0.1521397306455743,0.09211340896966558,2.8708806550894317,8.479556326758077,3.9303184603089885,0.21195945169364735,0.3430098929502443
143062,143062,865382,1,1,2.660272263710966,3;1;4,ConnectionState;Protocol;Ports,2;1;3,Application;Protocol;ConnectionState,2,0.5,0.6300954784335281,-0.18148486067047953,-0.7641960350411057,0.19035119022660663,-0.07942380391994551,2.8708806550894317,8.479556326758077,0.42272824274437615,0.1954687429213829,0.2684841814531924
143215,143215,2577884,1,1,2.439481607534347,3;1;5,ConnectionState;Protocol;TrafficVolume,2;1;5,Application;Protocol;TrafficVolume,2,0.5,0.630095478433528,-0.18148486067047953,-1.3038756369745874,0.1874458800864574,0.24237045197706705,2.8708806550894317,8.479556326758077,0.11695135918910537,0.18744479605219946,0.5918678476573883
144053,144053,1468948,1,1,5.528065361395936,3;1;5,ConnectionState;Protocol;TrafficVolume,2;3;1,Application;ConnectionState;Protocol,2,0.5,0.6300954784335281,-0.1814848606704793,1.8480848265928873,0.1613788026021814,0.20506081975545773,2.8708806550894317,8.479556326758077,3.0350091043783687,0.22797150809315683,0.5416568453957518
144809,144809,1251996,1,1,2.715661589300245,3;1;2,ConnectionState;Protocol;Application,2;1;3,Application;Protocol;ConnectionState,3,1.0,0.630095478433528,-0.18148486067047953,-0.7641960350411057,0.16430997653179527,0.002006735364145744,2.8708806550894317,8.479556326758077,0.42272824274437615,0.22150995661619438,0.2326271728899545
144863,144863,192037,1,1,5.509348339280638,3;1;5,ConnectionState;Protocol;TrafficVolume,2;3;1,Application;ConnectionState;Protocol,2,0.5,0.6300954784335281,-0.1814848606704793,1.848084826592887,0.15072511977792558,0.19699748046441637,2.8708806550894317,8.479556326758077,3.0350091043783687,0.15072403574366747,0.5497201846867932
144884,144884,1599360,1,1,1.3053649805177416,2;3;1,Application;ConnectionState;Protocol,2;1;5,Application;Protocol;TrafficVolume,2,0.5,0.630095478433528,-1.1512184560095486,-0.9486739447275768,0.1779162984749805,-0.2676846903360026,2.8708806550894317,9.449289922097146,0.23825033305790488,0.2079036346730091,0.26763383808568814
144973,144973,2086181,1,1,1.4952249098291763,2;3;1,Application;ConnectionState;Protocol,2;1;5,Application;Protocol;TrafficVolume,2,0.5,0.630095478433528,-1.1512184560095486,-0.9486739447275768,0.18123534540058658,-0.0811438079501739,2.8708806550894317,9.449289922097146,0.23825033305790488,0.20458458774740307,0.34935005662178403
145416,145416,1835935,1,1,1.4087033973592173,2;3;1,Application;ConnectionState;Protocol,2;1;5,Application;Protocol;TrafficVolume,2,0.5,0.630095478433528,-1.1512184560095486,-0.9486739447275768,0.19184564906179513,-0.17827562408134145,2.8708806550894317,9.449289922097146,0.23825033305790488,0.19397428408619463,0.29086025800092774
145779,145779,3272453,1,1,5.555462065481568,3;1;5,ConnectionState;Protocol;TrafficVolume,2;3;1,Application;ConnectionState;Protocol,2,0.5,0.6300954784335281,-0.1814848606704793,1.848084826592887,0.19683884597885493,0.19699748046441637,2.8708806550894317,8.479556326758077,3.0350091043783687,0.19683776194459696,0.5497201846867932
146257,146257,2571495,1,1,2.4212703656296437,3;1;5,ConnectionState;Protocol;TrafficVolume,2;1;5,Application;Protocol;TrafficVolume,2,0.5,0.630095478433528,-0.18148486067047953,-1.3038756369745874,0.16923463818175397,0.24237045197706705,2.8708806550894317,8.479556326758077,0.11695135918910537,0.1692335541474959,0.5918678476573883
147546,147546,57311,1,1,4.87149247569765,3;1;4,ConnectionState;Protocol;Ports,2;3;1,Application;ConnectionState;Protocol,2,0.5,0.6300954784335281,-0.1814848606704793,1.848084826592887,-0.4903560553532075,0.2002227920125609,2.8708806550894317,8.479556326758077,3.0350091043783687,0.52220950011,0.5464948731386485
148173,148173,582984,1,1,2.839350283121085,3;1;2,ConnectionState;Protocol;Application,2;1;3,Application;Protocol;ConnectionState,3,1.0,0.6300954784335281,-0.18148486067047953,-0.7641960350411057,0.15111029351090052,0.1388951122058799,2.8708806550894317,8.479556326758077,0.42272824274437615,0.21298888882832093,0.389791542048638
148658,148658,1611796,1,1,1.4703520785899726,2;3;1,Application;ConnectionState;Protocol,2;1;3,Application;Protocol;ConnectionState,3,1.0,0.630095478433528,-1.1512184560095486,-0.9486739447275768,0.1895560385677748,-0.11433733235656607,2.8708806550894317,9.449289922097146,0.23825033305790488,0.19626389458021487,0.21060104737585372
148970,148970,823736,1,0,-0.4269787403350547,1;2;3,Protocol;Application;ConnectionState,2;1;5,Application;Protocol;TrafficVolume,2,0.5,-7.698729316728816,4.981301397145514,-0.9486739447275767,0.17310656931871055,0.20108625997475105,5.45794414007291,15.045514400382036,0.23825033305790488,0.21432897051077549,0.5320342997107859
149022,149022,2690818,1,0,-2.3039518939212718,3;1;5,ConnectionState;Protocol;TrafficVolume,2;3;1,Application;ConnectionState;Protocol,2,0.5,0.6300954784335281,-0.18148486067047953,-6.018059454933889,0.15980885236421244,0.24075779620299498,2.8708806550894317,8.479556326758077,4.831135177148409,0.22601108078377713,0.5934805034314606
149126,149126,2173600,1,1,0.5004168158498112,1;2;3,Protocol;Application;ConnectionState,2;1;5,Application;Protocol;TrafficVolume,2,0.5,-7.698729316728816,6.009024690103391,-0.9486739447275769,0.15575877404587019,0.11810631847458022,5.45794414007291,16.073237693339912,0.23825033305790488,0.23167676578361582,0.3982520109552927
149370,149370,1124855,1,1,6.3021943555572495,3;1;2,ConnectionState;Protocol;Application,2;3;1,Application;ConnectionState;Protocol,3,1.0,0.6300954784335281,-0.1814848606704793,2.7433941825235064,0.15315851970715674,0.09210074088117559,2.8708806550894317,8.479556326758077,3.9303184603089885,0.2109406626320646,0.34299722486175455
150256,150256,2512804,1,1,2.2628228516082722,3;1;5,ConnectionState;Protocol;TrafficVolume,2;1;5,Application;Protocol;TrafficVolume,2,0.5,0.630095478433528,-0.18148486067047953,-1.3038756369745874,0.010787124160382484,0.24237045197706705,2.8708806550894317,8.479556326758077,0.11695135918910537,0.07740468060949313,0.5918678476573883
150296,150296,973193,1,0,-0.4004760643751544,1;2;3,Protocol;Application;ConnectionState,2;1;5,Application;Protocol;TrafficVolume,2,0.5,-7.698729316728816,4.981301397145514,-0.9486739447275767,0.19960925354535602,0.2010862517080062,5.45794414007291,15.045514400382036,0.23825033305790488,0.19960816951109803,0.5320343079775307
150397,150397,1711827,1,1,2.3443210567841186,3;1;5,ConnectionState;Protocol;TrafficVolume,2;1;5,Application;Protocol;TrafficVolume,2,0.5,0.630095478433528,-0.18148486067047953,-1.3038756369745874,0.09228532933622931,0.24237045197706705,2.8708806550894317,8.479556326758077,0.11695135918910537,0.10875863984505282,0.5918678476573883
150818,150818,2385766,1,1,5.363589372068823,3;1;5,ConnectionState;Protocol;TrafficVolume,2;3;1,Application;ConnectionState;Protocol,2,0.5,0.6300954784335281,-0.1814848606704793,1.848084826592887,0.0033531134083302216,0.19861051962219656,2.8708806550894317,8.479556326758077,3.0350091043783687,0.08501820113021899,0.548107145529013
151357,151357,1780496,1,1,2.4210511301593503,3;1;5,ConnectionState;Protocol;TrafficVolume,2;1;5,Application;Protocol;TrafficVolume,2,0.5,0.6300954784335281,-0.18148486067047953,-1.3038756369745874,0.16901540271146048,0.24237045197706705,2.8708806550894317,8.479556326758077,0.11695135918910537,0.1950837796277611,0.5918678476573883
151553,151553,1325470,1,1,10.019145312338749,5;3;1,TrafficVolume;ConnectionState;Protocol,2;5;3,Application;TrafficVolume;ConnectionState,2,0.5,0.6300954784335281,-0.18148486067047953,2.7433941825235064,0.17587713473242786,3.7863330826374035,2.8708806550894317,8.479556326758077,3.9303184603089885,0.18822204760679342,3.9451397559627672
151712,151712,1150228,1,1,2.8755357585043355,3;1;2,ConnectionState;Protocol;Application,2;1;5,Application;Protocol;TrafficVolume,2,0.5,0.6300954784335281,-0.18148486067047953,-0.7641960350411057,0.16000054017865664,0.1661903409213745,2.8708806550894317,8.479556326758077,0.42272824274437615,0.2258193929693329,0.4608540649381847
151929,151929,1424668,1,1,2.8801453445491894,3;1;2,ConnectionState;Protocol;Application,2;1;5,Application;Protocol;TrafficVolume,2,0.5,0.630095478433528,-0.18148486067047953,-0.7641960350411057,0.1646117080704867,0.16618875907439848,2.8708806550894317,8.479556326758077,0.42272824274437615,0.22120822507750293,0.4608556467851609
151966,151966,2758570,1,1,2.2570322573723685,3;1;5,ConnectionState;Protocol;TrafficVolume,2;1;5,Application;Protocol;TrafficVolume,2,0.5,0.6300954784335281,-0.18148486067047953,-1.3038756369745874,0.004996529924478337,0.24237045197706705,2.8708806550894317,8.479556326758077,0.11695135918910537,0.06506473191905751,0.5918678476573883
152747,152747,2501637,1,1,2.1974780340480877,3;1;5,ConnectionState;Protocol;TrafficVolume,2;1;5,Application;Protocol;TrafficVolume,2,0.5,0.630095478433528,-0.18148486067047953,-1.3038756369745874,-0.054557693399802036,0.24237045197706705,2.8708806550894317,8.479556326758077,0.11695135918910537,0.05455877743406021,0.5918678476573883
153404,153404,864794,1,1,6.338600491816705,3;1;4,ConnectionState;Protocol;Ports,2;3;1,Application;ConnectionState;Protocol,2,0.5,0.6300954784335281,-0.1814848606704793,2.7433941825235064,0.1896502955772685,0.0920151012705206,2.8708806550894317,8.479556326758077,3.9303184603089885,0.18964921154301034,0.3429115852510992
153792,153792,1433069,1,1,5.621605988645719,3;1;4,ConnectionState;Protocol;Ports,2;3;1,Application;ConnectionState;Protocol,2,0.5,0.6300954784335282,-0.1814848606704793,1.848084826592887,0.26298272415903057,0.1969975254483911,2.8708806550894317,8.479556326758077,3.0350091043783687,0.26298164012477243,0.5497201397028184
155159,155159,1307520,1,1,6.306919807602348,3;1;2,ConnectionState;Protocol;Application,2;3;1,Application;ConnectionState;Protocol,3,1.0,0.6300954784335281,-0.1814848606704793,2.743394182523506,0.16060400325603985,0.08938070937739263,2.8708806550894317,8.479556326758077,3.9303184603089885,0.22521592989195,0.34027719335797135
155825,155825,1904338,1,1,1.4826798118008322,2;3;1,Application;ConnectionState;Protocol,2;1;5,Application;Protocol;TrafficVolume,2,0.5,0.630095478433528,-1.1512184560095486,-0.9486739447275768,0.1777743064407682,-0.09022786701869992,2.8708806550894317,9.449289922097146,0.23825033305790488,0.20804562670722143,2.1750946189482465
156024,156024,2865960,1,1,5.366656080068006,3;1;5,ConnectionState;Protocol;TrafficVolume,2;3;1,Application;ConnectionState;Protocol,2,0.5,0.6300954784335281,-0.1814848606704793,1.848084826592887,0.006420036450237588,0.19861030457947262,2.8708806550894317,8.479556326758077,3.0350091043783687,0.03653516588812626,0.5481073605717368
156071,156071,1381744,1,1,3.59143265433704,1;5;2,Protocol;TrafficVolume;Application,2;1;3,Application;Protocol;ConnectionState,2,0.5,0.6300954784335281,-0.18148486067047953,-0.07440369469235465,0.1534815494373762,0.19881388714660853,2.8708806550894317,8.479556326758077,1.112520583093127,0.21061763290184518,0.5418606168328742
156925,156925,126299,1,1,2.495566886209674,3;1;5,ConnectionState;Protocol;TrafficVolume,2;1;5,Application;Protocol;TrafficVolume,2,0.5,0.6300954784335281,-0.18148486067047953,-1.3038756369745874,0.24191850298771203,0.2439831077511396,2.8708806550894317,8.479556326758077,0.11695135918910537,0.24191741895345392,0.590255191883316
157088,157088,928738,1,0,-0.44493139313713925,1;2;3,Protocol;Application;ConnectionState,2;1;5,Application;Protocol;TrafficVolume,2,0.5,-7.698729316728816,4.981301397145514,-0.9486739447275767,0.15454830126053595,0.20169187523084095,5.45794414007291,15.045514400382036,0.23825033305790488,0.2328872385689501,0.5294142878365033
157470,157470,1344924,1,1,2.9057305650074112,3;1;4,ConnectionState;Protocol;Ports,2;1;5,Application;Protocol;TrafficVolume,1,0.2,0.6300954784335281,-0.18148486067047953,-0.7641960350411057,0.19019696245457057,0.16618872514853678,2.8708806550894317,8.479556326758077,0.42272824274437615,0.19019587842031224,0.46085568071102245
157735,157735,1765517,1,1,4.079550520356957,3;4;1,ConnectionState;Ports;Protocol,2;3;1,Application;ConnectionState;Protocol,2,0.5,0.6300954784335281,-0.18148486067047936,1.848084826592887,-1.280685354597748,0.19861013591640767,2.8708806550894317,8.479556326758077,3.0350091043783687,1.280686438632006,0.5481075292348017
158180,158180,1772411,1,1,1.2657144217902991,3;4;1,ConnectionState;Ports;Protocol,2;1;4,Application;Protocol;Ports,2,0.5,0.630095478433528,-0.18148486067047953,-1.3038756369745874,-0.9879339614316631,0.24398310775113952,2.8708806550894317,8.479556326758077,0.11695135918910537,0.987935045465921,0.590255191883316
158656,158656,2664592,1,1,2.1679774681471224,3;1;5,ConnectionState;Protocol;TrafficVolume,2;1;5,Application;Protocol;TrafficVolume,2,0.5,0.6300954784335281,-0.18148486067047953,-1.3038756369745874,-0.08405825930076766,0.24237045197706708,2.8708806550894317,8.479556326758077,0.11695135918910537,0.08405934333502559,0.5918678476573883
158675,158675,984859,1,1,2.9036255293802893,3;1;4,ConnectionState;Protocol;Ports,2;1;5,Application;Protocol;TrafficVolume,1,0.2,0.6300954784335281,-0.18148486067047953,-0.7641960350411057,0.18809194056956935,0.16618871140641558,2.8708806550894317,8.479556326758077,0.42272824274437615,0.18809085653531143,0.46085569445314367
158793,158793,2633083,1,1,2.391335892521421,3;1;5,ConnectionState;Protocol;TrafficVolume,2;1;5,Application;Protocol;TrafficVolume,2,0.5,0.630095478433528,-0.18148486067047953,-1.3038756369745874,0.13930016507353168,0.24237045197706705,2.8708806550894317,8.479556326758077,0.11695135918910537,0.22479901726568996,0.5918678476573883
159151,159151,2382111,1,1,4.867839026331212,3;1;2,ConnectionState;Protocol;Application,2;1;3,Application;Protocol;ConnectionState,3,1.0,0.6300954784335281,-0.18148486067047934,1.2681788538573024,0.12718532640323654,0.1589339336252629,2.8708806550894317,8.479556326758077,2.4551031316427845,0.20885041412512534,0.4761680300242156
159384,159384,1161490,1,1,2.9973908489037457,3;2;5,ConnectionState;Application;TrafficVolume,2;3;1,Application;ConnectionState;Protocol,2,0.5,0.6300954784335281,-1.8697164196210028,2.743394182523506,0.1869702087149253,-1.5582828958295718,2.8708806550894317,10.167787885708602,3.9303184603089885,0.18696912468066715,1.9660456886357307
159548,159548,1313822,1,1,6.318338053240507,3;1;2,ConnectionState;Protocol;Application,2;3;1,Application;ConnectionState;Protocol,3,1.0,0.6300954784335282,-0.1814848606704793,2.743394182523506,0.1691520696864543,0.0922508885851361,2.8708806550894317,8.479556326758077,3.9303184603089885,0.19494711265276732,0.3431473725657149
159875,159875,3319421,1,1,5.539235104904857,3;1;5,ConnectionState;Protocol;TrafficVolume,2;3;1,Application;ConnectionState;Protocol,2,0.5,0.6300954784335281,-0.1814848606704793,1.8480848265928873,0.18061188572422468,0.1969974801423353,2.8708806550894317,8.479556326758077,3.0350091043783687,0.18061080168996668,0.549720185008874
160243,160243,1864517,1,1,1.5400364073282995,2;3;1,Application;ConnectionState;Protocol,2;1;5,Application;Protocol;TrafficVolume,2,0.5,0.630095478433528,-1.1512184560095486,-0.9486739447275768,0.16722434963698485,-0.02232131468744926,2.8708806550894317,9.449289922097146,0.23825033305790488,0.21859558351100475,0.34457829112194327
160334,160334,80387,1,0,-2.2696947075139793,3;1;5,ConnectionState;Protocol;TrafficVolume,2;3;1,Application;ConnectionState;Protocol,2,0.5,0.6300954784335281,-0.18148486067047953,-6.018059454933889,0.19406603877150538,0.24075779620299498,2.8708806550894317,8.479556326758077,4.831135177148409,0.19406495473724747,0.5934805034314606
161046,161046,2831308,1,1,2.3692251347006783,3;1;5,ConnectionState;Protocol;TrafficVolume,2;1;5,Application;Protocol;TrafficVolume,2,0.5,0.630095478433528,-0.18148486067047953,-1.3038756369745874,0.11718940725278898,0.24237045197706705,2.8708806550894317,8.479556326758077,0.11695135918910537,0.1308264410933782,0.5918678476573883
161153,161153,3312621,1,1,5.541897346674736,3;1;5,ConnectionState;Protocol;TrafficVolume,2;3;1,Application;ConnectionState;Protocol,2,0.5,0.6300954784335281,-0.1814848606704793,1.848084826592887,0.18327412438065355,0.1969974832557846,2.8708806550894317,8.479556326758077,3.0350091043783687,0.18327304034639547,0.5497201818954247
161235,161235,618697,1,0,-0.41462375513479355,1;2;3,Protocol;Application;ConnectionState,2;1;5,Application;Protocol;TrafficVolume,2,0.5,-7.698729316728816,4.981301397145514,-0.9486739447275767,0.18546159080676067,0.20108622368696236,5.45794414007291,15.045514400382036,0.23825033305790488,0.20197394902272542,0.5320343359985745
161260,161260,589373,1,1,6.320731876255772,3;1;2,ConnectionState;Protocol;Application,2;3;1,Application;ConnectionState;Protocol,3,1.0,0.6300954784335281,-0.1814848606704793,2.743394182523506,0.1742316223680796,0.08956515891877692,2.8708806550894317,8.479556326758077,3.9303184603089885,0.21158831077990992,0.34046164289935554
161364,161364,466903,1,1,1.020669600038186,2;3;1,Application;ConnectionState;Protocol,2;1;5,Application;Protocol;TrafficVolume,2,0.5,0.630095478433528,-1.1512184560095486,-0.9486739447275767,0.16905248838474674,-0.5435162607253243,2.8708806550894317,9.449289922097146,0.23825033305790488,0.2167674447632429,0.6690021697552322
162445,162445,1516659,1,1,1.3398645710948889,2;3;1,Application;ConnectionState;Protocol,2;1;5,Application;Protocol;TrafficVolume,2,0.5,0.630095478433528,-1.1512184560095486,-0.9486739447275768,0.16859101529622983,-0.2238598165801048,2.8708806550894317,9.449289922097146,0.23825033305790488,0.2172289178517598,0.25661782099627656
163190,163190,763928,1,0,-0.41859203865914596,1;2;3,Protocol;Application;ConnectionState,2;1;5,Application;Protocol;TrafficVolume,2,0.5,-7.698729316728816,4.981301397145514,-0.9486739447275767,0.18149293216544493,0.2010865988039256,5.45794414007291,15.045514400382036,0.23825033305790488,0.20594260766404116,0.5320339608816114
163628,163628,258408,1,1,5.482187225282785,3;1;5,ConnectionState;Protocol;TrafficVolume,2;3;1,Application;ConnectionState;Protocol,2,0.5,0.6300954784335281,-0.1814848606704793,1.848084826592887,0.12356397979887414,0.19699750644561403,2.8708806550894317,8.479556326758077,3.0350091043783687,0.12356289576461607,0.5497201587055953
164681,164681,570416,1,1,6.35585513756954,3;1;2,ConnectionState;Protocol;Application,2;3;1,Application;ConnectionState;Protocol,3,1.0,0.6300954784335282,-0.1814848606704793,2.7433941825235064,0.17303730836560582,0.12588273423501745,2.8708806550894317,8.479556326758077,3.9303184603089885,0.19106187397361574,0.41870836473395323
165121,165121,347448,1,1,5.447736712550421,3;1;5,ConnectionState;Protocol;TrafficVolume,2;3;1,Application;ConnectionState;Protocol,2,0.5,0.6300954784335281,-0.1814848606704793,1.848084826592887,0.08911338450642337,0.19699758900570147,2.8708806550894317,8.479556326758077,3.0350091043783687,0.08911230047216546,0.5497200761455081
165730,165730,1479160,1,1,5.562988082299257,3;1;5,ConnectionState;Protocol;TrafficVolume,2;3;1,Application;ConnectionState;Protocol,2,0.5,0.6300954784335281,-0.1814848606704793,1.848084826592887,0.19630157385749378,0.20506076940346674,2.8708806550894317,8.479556326758077,3.0350091043783687,0.19630048982323556,0.5416568957477426
165834,165834,1882868,1,1,2.1822132437611317,2;3;1,Application;ConnectionState;Protocol,2;1;5,Application;Protocol;TrafficVolume,2,0.5,0.630095478433528,-1.1512184560095486,-0.9486739447275768,0.17514746710259121,0.6119324042797767,2.8708806550894317,9.449289922097146,0.23825033305790488,0.2106724660453984,1.5648559099175987
166593,166593,2552506,1,1,2.414508879192687,3;1;5,ConnectionState;Protocol;TrafficVolume,2;1;5,Application;Protocol;TrafficVolume,2,0.5,0.6300954784335281,-0.18148486067047953,-1.3038756369745874,0.16247315174479737,0.24237045197706705,2.8708806550894317,8.479556326758077,0.11695135918910537,0.2016260305944242,0.5918678476573883
167792,167792,547447,1,1,3.604436152691847,1;5;2,Protocol;TrafficVolume;Application,2;1;3,Application;Protocol;ConnectionState,2,0.5,0.630095478433528,-0.18148486067047953,-0.07440369469235472,0.16648440728050537,0.19881452765828644,2.8708806550894317,8.479556326758077,1.112520583093127,0.19761477505871597,0.5418599763211964
167904,167904,1711157,1,1,0.6922391982906522,4;3;1,Ports;ConnectionState;Protocol,2;1;4,Application;Protocol;Ports,2,0.5,0.630095478433528,-0.18148486067047953,-1.3038756369745874,-1.56140918493131,0.24398310775113952,2.8708806550894317,8.479556326758077,0.11695135918910537,1.6734344939007735,0.590255191883316
168001,168001,3330814,1,1,5.532231020590375,3;1;5,ConnectionState;Protocol;TrafficVolume,2;3;1,Application;ConnectionState;Protocol,2,0.5,0.6300954784335281,-0.1814848606704793,1.848084826592887,0.1736076745098425,0.19699760704223543,2.8708806550894317,8.479556326758077,3.0350091043783687,0.17360659047558458,0.5497200581089741
168643,168643,102030,1,1,2.408919435746287,3;1;5,ConnectionState;Protocol;TrafficVolume,2;1;5,Application;Protocol;TrafficVolume,2,0.5,0.630095478433528,-0.18148486067047953,-1.3038756369745872,0.15527105252432483,0.2439831077511396,2.8708806550894317,8.479556326758077,0.11695135918910537,0.15526996849006694,0.590255191883316
169226,169226,2301215,1,0,-2.301278908501451,3;1;5,ConnectionState;Protocol;TrafficVolume,2;3;1,Application;ConnectionState;Protocol,2,0.5,0.6300954784335281,-0.18148486067047953,-6.018059454933889,0.16248183778403338,0.24075779620299498,2.8708806550894317,8.479556326758077,4.831135177148409,0.22333809536395627,0.5934805034314606
169383,169383,1904298,1,0,-0.5134236107749213,1;2;3,Protocol;Application;ConnectionState,2;1;5,Application;Protocol;TrafficVolume,2,0.5,-7.698729316728816,4.981301397145514,-0.9486739447275767,0.16964197963763103,0.1181059792159643,5.45794414007291,15.045514400382036,0.23825033305790488,0.217793560191855,0.3982523502139085
170073,170073,2239883,1,1,5.5259508602142295,3;1;5,ConnectionState;Protocol;TrafficVolume,2;3;1,Application;ConnectionState;Protocol,2,0.5,0.6300954784335281,-0.1814848606704793,1.848084826592887,0.1641023145623686,0.20022280661356462,2.8708806550894317,8.479556326758077,3.0350091043783687,0.22171761858562114,0.5464948585376448
170273,170273,2607864,1,1,5.473404264846446,3;1;5,ConnectionState;Protocol;TrafficVolume,2;3;1,Application;ConnectionState;Protocol,2,0.5,0.6300954784335281,-0.1814848606704793,1.848084826592887,0.11316839064326345,0.19861013516488568,2.8708806550894317,8.479556326758077,3.0350091043783687,0.16590274150061327,0.5481075299863241
172085,172085,1472652,1,1,2.43043547215775,3;1;5,ConnectionState;Protocol;TrafficVolume,2;1;5,Application;Protocol;TrafficVolume,2,0.5,0.630095478433528,-0.18148486067047953,-1.3038756369745874,0.17194911197432325,0.24882108471260395,2.8708806550894317,8.479556326758077,0.11695135918910537,0.21387082117366638,0.5854172149218513
172446,172446,984233,1,1,6.308922225243383,3;1;2,ConnectionState;Protocol;Application,2;3;1,Application;ConnectionState;Protocol,3,1.0,0.6300954784335282,-0.1814848606704793,2.743394182523506,0.1596084764651859,0.09237865380928056,2.8708806550894317,8.479556326758077,3.9303184603089885,0.20449070587403562,0.3432751377898595
174261,174261,2481871,1,1,2.7909687150913194,2;3;1,Application;ConnectionState;Protocol,2;1;3,Application;Protocol;ConnectionState,3,1.0,0.6300954784335282,-1.8697164196210028,1.2681788538573024,0.16699726738959453,-0.2695167596504638,2.8708806550894317,10.167787885708602,2.4551031316427845,0.16699618335533647,0.2694659074001492
174527,174527,256781,1,1,5.483740171197789,3;1;5,ConnectionState;Protocol;TrafficVolume,2;3;1,Application;ConnectionState;Protocol,2,0.5,0.6300954784335282,-0.1814848606704793,1.848084826592887,0.1251169515877164,0.1969974805717767,2.8708806550894317,8.479556326758077,3.0350091043783687,0.12511586755345822,0.5497201845794328
176526,176526,3046430,1,1,1.3454900289839202,3;4;1,ConnectionState;Ports;Protocol,2;1;4,Application;Protocol;Ports,2,0.5,0.6300954784335282,-0.18148486067047953,-1.3038756369745874,-0.908158354238042,0.24398310775113954,2.8708806550894317,8.479556326758077,0.11695135918910537,1.021106605293847,0.590255191883316
177997,177997,277619,1,1,5.472615827699207,3;1;5,ConnectionState;Protocol;TrafficVolume,2;3;1,Application;ConnectionState;Protocol,2,0.5,0.6300954784335281,-0.1814848606704793,1.848084826592887,0.113992607767053,0.1969974808938577,2.8708806550894317,8.479556326758077,3.0350091043783687,0.11399152373279481,0.5497201842573518
178856,178856,2715024,1,0,-2.2920920676583245,3;1;5,ConnectionState;Protocol;TrafficVolume,2;3;1,Application;ConnectionState;Protocol,2,0.5,0.6300954784335281,-0.18148486067047953,-6.018059454933889,0.1716686786271597,0.24075779620299498,2.8708806550894317,8.479556326758077,4.831135177148409,0.2141512545208299,0.5934805034314606
179844,179844,1257799,1,1,6.324753932046952,3;1;2,ConnectionState;Protocol;Application,2;3;1,Application;ConnectionState;Protocol,3,1.0,0.6300954784335282,-0.1814848606704793,2.743394182523506,0.17576354182092938,0.0920552952571061,2.8708806550894317,8.479556326758077,3.9303184603089885,0.18833564051829207,0.34295177923768483
181388,181388,2518655,1,1,2.417459709425742,3;1;5,ConnectionState;Protocol;TrafficVolume,2;1;5,Application;Protocol;TrafficVolume,2,0.5,0.6300954784335281,-0.18148486067047953,-1.3038756369745874,0.16542398197785244,0.24237045197706705,2.8708806550894317,8.479556326758077,0.11695135918910537,0.16542289794359424,0.5918678476573883
181416,181416,3302472,1,1,5.544908204887206,3;1;5,ConnectionState;Protocol;TrafficVolume,2;3;1,Application;ConnectionState;Protocol,2,0.5,0.6300954784335282,-0.1814848606704793,1.848084826592887,0.1862849860286557,0.19699747982025428,2.8708806550894317,8.479556326758077,3.0350091043783687,0.18628390199439743,0.549720185330955
181678,181678,574199,1,1,2.6368345808649987,3;1;2,ConnectionState;Protocol;Application,2;1;3,Application;Protocol;ConnectionState,3,1.0,0.6300954784335281,-0.18148486067047953,-0.7641960350411057,0.16684452268401143,-0.07935481922331666,2.8708806550894317,8.479556326758077,0.42272824274437615,0.21897541046397836,0.26855316614982094
182013,182013,1107077,1,0,-0.43142828001142774,1;2;3,Protocol;Application;ConnectionState,2;1;5,Application;Protocol;TrafficVolume,2,0.5,-7.698729316728816,4.981301397145514,-0.9486739447275767,0.1680516758086305,0.20169161380845835,5.45794414007291,15.045514400382036,0.23825033305790488,0.21938386402085558,0.5294145492588861
182642,182642,993674,1,1,2.904092197883096,3;1;4,ConnectionState;Protocol;Ports,2;1;5,Application;Protocol;TrafficVolume,1,0.2,0.630095478433528,-0.18148486067047953,-0.7641960350411057,0.18855854948739809,0.16618877099139384,2.8708806550894317,8.479556326758077,0.42272824274437615,0.19726138366059165,0.46085563486816516
182655,182655,2980786,1,1,3.7306914499987647,3;4;1,ConnectionState;Ports;Protocol,2;3;1,Application;ConnectionState;Protocol,2,0.5,0.630095478433528,-0.18148486067047945,1.848084826592887,-1.6311570797637691,0.20022279072423724,2.8708806550894317,8.479556326758077,3.0350091043783687,1.631158163798027,0.5464948744269724
183082,183082,1311782,1,1,8.252900620593403,3;5;1,ConnectionState;TrafficVolume;Protocol,2;3;1,Application;ConnectionState;Protocol,2,0.5,0.6300954784335281,-0.18148486067047945,2.7433941825235064,0.1613088219730871,2.0346567036513985,2.8708806550894317,8.479556326758077,3.9303184603089885,0.20279036036613413,2.193463376976762
183915,183915,1775961,1,1,2.2589587623305736,3;1;5,ConnectionState;Protocol;TrafficVolume,2;1;5,Application;Protocol;TrafficVolume,2,0.5,0.630095478433528,-0.18148486067047953,-1.3038756369745874,0.0069230348826839015,0.24237045197706705,2.8708806550894317,8.479556326758077,0.11695135918910537,0.05129054470152386,0.5918678476573883
184047,184047,2641277,1,1,5.4690205058502155,3;1;5,ConnectionState;Protocol;TrafficVolume,2;3;1,Application;ConnectionState;Protocol,2,0.5,0.6300954784335281,-0.1814848606704793,1.848084826592887,0.10878462767470087,0.19861013913721748,2.8708806550894317,8.479556326758077,3.0350091043783687,0.1593962076427736,0.548107526013992
184146,184146,3258135,1,1,5.562561368813863,3;1;4,ConnectionState;Protocol;Ports,2;3;1,Application;ConnectionState;Protocol,2,0.5,0.6300954784335281,-0.1814848606704793,1.848084826592887,0.20393813503222694,0.19699749474333927,2.8708806550894317,8.479556326758077,3.0350091043783687,0.20393705099796874,0.5497201704078705
184459,184459,2284721,1,1,5.26728227929677,3;1;5,ConnectionState;Protocol;TrafficVolume,2;3;1,Application;ConnectionState;Protocol,2,0.5,0.6300954784335282,-0.1814848606704793,1.848084826592887,-0.09456626689189208,0.20022280715036628,2.8708806550894317,8.479556326758077,3.0350091043783687,0.09456735092615015,0.5464948580008431
184703,184703,2888733,1,1,0.9420938101160723,4;3;1,Ports;ConnectionState;Protocol,2;1;4,Application;Protocol;Ports,2,0.5,0.630095478433528,-0.18148486067047953,-1.3038756369745874,-1.3099419173318174,0.24237045197706705,2.8708806550894317,8.479556326758077,0.11695135918910537,1.3099430013660753,0.5918678476573883
185955,185955,2241555,1,1,5.527433317605677,3;1;5,ConnectionState;Protocol;TrafficVolume,2;3;1,Application;ConnectionState;Protocol,2,0.5,0.6300954784335281,-0.1814848606704793,1.848084826592887,0.16558435002775254,0.20022322853962815,2.8708806550894317,8.479556326758077,3.0350091043783687,0.22023558312023722,0.5464944366115814
186102,186102,3007342,1,1,4.803396710727593,3;1;4,ConnectionState;Protocol;Ports,2;3;1,Application;ConnectionState;Protocol,2,0.5,0.6300954784335281,-0.1814848606704793,1.848084826592887,-0.5584518200011832,0.20022279169048018,2.8708806550894317,8.479556326758077,3.0350091043783687,0.5584529040354412,0.5464948734607293
186289,186289,617181,1,1,2.8765051824739563,3;1;2,ConnectionState;Protocol;Application,2;1;5,Application;Protocol;TrafficVolume,2,0.5,0.6300954784335281,-0.18148486067047953,-0.7641960350411057,0.1609715934485161,0.16618871162113627,2.8708806550894317,8.479556326758077,0.42272824274437615,0.20312758889070548,0.460855694238423
186649,186649,2276630,1,1,5.2712669248434825,3;1;5,ConnectionState;Protocol;TrafficVolume,2;3;1,Application;ConnectionState;Protocol,2,0.5,0.6300954784335281,-0.1814848606704793,1.848084826592887,-0.0905816335842573,0.20022281938944292,2.8708806550894317,8.479556326758077,3.0350091043783687,0.09058271761851527,0.5464948457617664
187682,187682,3113257,1,1,5.619133869423639,3;1;4,ConnectionState;Protocol;Ports,2;3;1,Application;ConnectionState;Protocol,2,0.5,0.6300954784335282,-0.1814848606704793,1.848084826592887,0.26051064959884407,0.19699748078649731,2.8708806550894317,8.479556326758077,3.0350091043783687,0.26050956556458593,0.5497201843647121
187742,187742,2826095,1,1,2.6055774405981236,4;1;5,Ports;Protocol;TrafficVolume,2;1;3,Application;Protocol;ConnectionState,1,0.2,0.6300954784335281,-0.18148486067047953,0.0499368176867829,-0.9986580857370638,0.24075779620299498,2.8708806550894317,8.479556326758077,1.2368610954722645,1.1307609726219432,0.5934805034314606
188002,188002,3131660,1,1,5.613682617381782,3;1;4,ConnectionState;Protocol;Ports,2;3;1,Application;ConnectionState;Protocol,2,0.5,0.6300954784335281,-0.1814848606704793,1.848084826592887,0.25505939766434854,0.19699748067913705,2.8708806550894317,8.479556326758077,3.0350091043783687,0.25505831363009024,0.5497201844720725
189210,189210,1251331,1,1,2.7535370957112235,3;1;4,ConnectionState;Protocol;Ports,2;1;3,Application;Protocol;ConnectionState,2,0.5,0.630095478433528,-0.18148486067047953,-0.7641960350411057,0.2022074678136394,0.001984750493280174,2.8708806550894317,8.479556326758077,0.42272824274437615,0.20220638377938113,0.2326051880190891
189280,189280,3159770,1,1,5.601924407882791,3;1;4,ConnectionState;Protocol;Ports,2;3;1,Application;ConnectionState;Protocol,2,0.5,0.6300954784335281,-0.1814848606704793,1.848084826592887,0.2433011889168799,0.19699747992761463,2.8708806550894317,8.479556326758077,3.0350091043783687,0.24330010488262174,0.5497201852235947
190705,190705,273817,1,1,5.4753414740649164,3;1;5,ConnectionState;Protocol;TrafficVolume,2;3;1,Application;ConnectionState;Protocol,2,0.5,0.6300954784335281,-0.1814848606704793,1.848084826592887,0.1167182337343009,0.19699750129231863,2.8708806550894317,8.479556326758077,3.0350091043783687,0.11671714970004264,0.5497201638588907
190861,190861,2603295,1,1,2.416117282233847,3;1;5,ConnectionState;Protocol;TrafficVolume,2;1;5,Application;Protocol;TrafficVolume,2,0.5,0.6300954784335281,-0.18148486067047953,-1.3038756369745874,0.16408155478595707,0.24237045197706705,2.8708806550894317,8.479556326758077,0.11695135918910537,0.1640804707516989,0.5918678476573883
191302,191302,624862,1,1,6.337140809207444,3;1;2,ConnectionState;Protocol;Application,2;3;1,Application;ConnectionState;Protocol,3,1.0,0.6300954784335281,-0.1814848606704793,2.7433941825235064,0.15429090116890176,0.12591481306962501,2.8708806550894317,8.479556326758077,3.9303184603089885,0.20980828117031974,0.4187404435685611
192702,192702,459763,1,1,1.0372725089912418,5;2;3,TrafficVolume;Application;ConnectionState,2;1;5,Application;Protocol;TrafficVolume,2,0.5,0.6300954784335282,-1.8697164196210028,1.2681788538573024,0.18934501433998907,-2.045560712700936,2.8708806550894317,10.167787885708602,2.4551031316427845,0.1893439303057309,2.6362987716558526
193524,193524,1085618,1,1,2.833099539631505,3;1;2,ConnectionState;Protocol;Application,2;1;3,Application;Protocol;ConnectionState,3,1.0,0.6300954784335281,-0.18148486067047953,-0.7641960350411057,0.14496561901282412,0.13878904321437657,2.8708806550894317,8.479556326758077,0.42272824274437615,0.2191335633263973,0.38968547305713463
194501,194501,419345,1,1,5.420765633805344,3;1;5,ConnectionState;Protocol;TrafficVolume,2;3;1,Application;ConnectionState;Protocol,2,0.5,0.6300954784335282,-0.1814848606704793,1.848084826592887,0.062142400023707245,0.19699749474333927,2.8708806550894317,8.479556326758077,3.0350091043783687,0.06214131598944934,0.5497201704078705
195220,195220,1150189,1,0,-0.4189492383673943,1;2;3,Protocol;Application;ConnectionState,2;1;5,Application;Protocol;TrafficVolume,2,0.5,-7.698729316728816,4.981301397145514,-0.9486739447275767,0.180529165988659,0.20169316527246356,5.45794414007291,15.045514400382036,0.23825033305790488,0.20690637384082713,0.5294129977948808
196123,196123,941061,1,0,-0.4440641174821396,1;2;3,Protocol;Application;ConnectionState,2;1;5,Application;Protocol;TrafficVolume,2,0.5,-7.698729316728816,4.981301397145514,-0.9486739447275767,0.15602146196811337,0.2010859901782632,5.45794414007291,15.045514400382036,0.23825033305790488,0.23141407786137275,0.5320345695072737
196543,196543,3031295,1,1,1.5739085882383421,3;4;1,ConnectionState;Ports;Protocol,2;1;4,Application;Protocol;Ports,2,0.5,0.6300954784335282,-0.18148486067047953,-1.3038756369745874,-0.6797397949836199,0.24398310775113954,2.8708806550894317,8.479556326758077,0.11695135918910537,0.6797408790178779,0.590255191883316
197233,197233,1134689,1,0,-0.4065352188994926,1;2;3,Protocol;Application;ConnectionState,2;1;5,Application;Protocol;TrafficVolume,2,0.5,-7.698729316728816,4.981301397145514,-0.9486739447275767,0.1929445346537194,0.20169181607530381,5.45794414007291,15.045514400382036,0.23825033305790488,0.19449100517576656,0.5294143469920405
197807,197807,1750214,1,1,2.3929461910029968,3;1;5,ConnectionState;Protocol;TrafficVolume,2;1;5,Application;Protocol;TrafficVolume,2,0.5,0.630095478433528,-0.18148486067047953,-1.3038756369745872,0.13929780778103454,0.2439831077511396,2.8708806550894317,8.479556326758077,0.11695135918910537,0.14114955966819534,0.590255191883316
199719,199719,2737464,1,1,5.349242118550463,3;1;5,ConnectionState;Protocol;TrafficVolume,2;3;1,Application;ConnectionState;Protocol,2,0.5,0.6300954784335281,-0.1814848606704793,1.848084826592887,-0.01099375543799841,0.198610134950165,2.8708806550894317,8.479556326758077,3.0350091043783687,0.01725680895872242,0.5481075302010447
200699,200699,574718,1,0,-2.308266847459114,3;1;5,ConnectionState;Protocol;TrafficVolume,2;3;1,Application;ConnectionState;Protocol,2,0.5,0.6300954784335282,-0.18148486067047953,-6.018059454933889,0.1506559218649057,0.24559577316445938,2.8708806550894317,8.479556326758077,4.831135177148409,0.21344326047431553,0.5886425264699959
200834,200834,2937568,1,0,-0.11006196266980739,1;2;3,Protocol;Application;ConnectionState,2;1;5,Application;Protocol;TrafficVolume,2,0.5,-7.698729316728816,5.27394274345847,-0.9486739447275767,0.20291942622449202,0.19554883442125942,5.45794414007291,16.808319639984834,0.23825033305790488,0.20291834219023405,0.5224638079935351
201533,201533,3244971,1,1,5.5673470448673426,3;1;4,ConnectionState;Protocol;Ports,2;3;1,Application;ConnectionState;Protocol,2,0.5,0.6300954784335282,-0.1814848606704793,1.848084826592887,0.2087238252572688,0.1969974805717767,2.8708806550894317,8.479556326758077,3.0350091043783687,0.20872274122301088,0.5497201845794328
201933,201933,1679400,1,1,0.6106276325188826,4;3;1,Ports;ConnectionState;Protocol,2;1;4,Application;Protocol;Ports,2,0.5,0.630095478433528,-0.18148486067047953,-1.3038756369745874,-1.6430207507030792,0.24398310775113952,2.8708806550894317,8.479556326758077,0.11695135918910537,1.7310033733257368,0.590255191883316
203030,203030,2780019,1,1,2.238470346910213,3;1;5,ConnectionState;Protocol;TrafficVolume,2;1;5,Application;Protocol;TrafficVolume,2,0.5,0.630095478433528,-0.18148486067047953,-1.3038756369745874,-0.013565380537676707,0.24237045197706705,2.8708806550894317,8.479556326758077,0.11695135918910537,0.05071641492549196,0.5918678476573883
203161,203161,889366,1,1,6.3262553849274905,3;1;2,ConnectionState;Protocol;Application,2;3;1,Application;ConnectionState;Protocol,3,1.0,0.6300954784335281,-0.1814848606704793,2.7433941825235064,0.1772189530128936,0.0921013369456807,2.8708806550894317,8.479556326758077,3.9303184603089885,0.18688022932632783,0.3429978209262593
203490,203490,1077483,1,0,-0.42773090707499684,1;2;3,Protocol;Application;ConnectionState,2;1;5,Application;Protocol;TrafficVolume,2,0.5,-7.698729316728816,4.981301397145514,-0.9486739447275767,0.17174877637192587,0.20169188618159384,5.45794414007291,15.045514400382036,0.23825033305790488,0.21568676345756022,0.5294142768857506
204008,204008,337338,1,1,5.454614043729119,3;1;5,ConnectionState;Protocol;TrafficVolume,2;3;1,Application;ConnectionState;Protocol,2,0.5,0.6300954784335282,-0.1814848606704793,1.848084826592887,0.0959908242264067,0.19699748046441637,2.8708806550894317,8.479556326758077,3.0350091043783687,0.09598974019214843,0.5497201846867932
204409,204409,3305422,1,1,5.544464502294721,3;1;5,ConnectionState;Protocol;TrafficVolume,2;3;1,Application;ConnectionState;Protocol,2,0.5,0.6300954784335281,-0.1814848606704793,1.8480848265928873,0.1858412767798299,0.19699748647659443,2.8708806550894317,8.479556326758077,3.0350091043783687,0.18584019274557162,0.5497201786746151
205061,205061,361534,1,1,5.4408274830269665,3;1;5,ConnectionState;Protocol;TrafficVolume,2;3;1,Application;ConnectionState;Protocol,2,0.5,0.6300954784335281,-0.1814848606704793,1.8480848265928873,0.08220424956741178,0.19699749442125827,2.8708806550894317,8.479556326758077,3.0350091043783687,0.08220316553315352,0.5497201707299513
205400,205400,2524266,1,1,2.404617406305737,3;1;5,ConnectionState;Protocol;TrafficVolume,2;1;5,Application;Protocol;TrafficVolume,2,0.5,0.630095478433528,-0.18148486067047953,-1.3038756369745874,0.15258167885784735,0.24237045197706705,2.8708806550894317,8.479556326758077,0.11695135918910537,0.21151750348137416,0.5918678476573883
205556,205556,2846725,1,1,2.374221904426107,3;1;5,ConnectionState;Protocol;TrafficVolume,2;1;5,Application;Protocol;TrafficVolume,2,0.5,0.6300954784335281,-0.18148486067047953,-1.3038756369745874,0.12218617697821704,0.24237045197706705,2.8708806550894317,8.479556326758077,0.11695135918910537,0.17866554881846355,0.5918678476573883
205880,205880,976564,1,0,-0.3992175359361432,1;2;3,Protocol;Application;ConnectionState,2;1;5,Application;Protocol;TrafficVolume,2,0.5,-7.698729316728816,4.981301397145514,-0.9486739447275767,0.20086765186365751,0.2010863818287158,5.45794414007291,15.045514400382036,0.23825033305790488,0.2008665678293995,0.5320341778568211
206016,206016,2393807,1,1,2.4223780582684844,3;1;5,ConnectionState;Protocol;TrafficVolume,2;1;5,Application;Protocol;TrafficVolume,2,0.5,0.630095478433528,-0.18148486067047953,-1.3038756369745874,0.17034233082059472,0.24237045197706705,2.8708806550894317,8.479556326758077,0.11695135918910537,0.21517841312512756,0.5918678476573883
206195,206195,1224288,1,1,2.8811747835089885,3;1;2,ConnectionState;Protocol;Application,2;1;5,Application;Protocol;TrafficVolume,2,0.5,0.630095478433528,-0.18148486067047953,-0.7641960350411057,0.1656411452051603,0.16618876089952386,2.8708806550894317,8.479556326758077,0.42272824274437615,0.22017878794282936,0.4608556449600354
206919,206919,2825111,1,1,2.3895331185214146,3;1;5,ConnectionState;Protocol;TrafficVolume,2;1;5,Application;Protocol;TrafficVolume,2,0.5,0.630095478433528,-0.18148486067047953,-1.3038756369745874,0.1374973910735249,0.24237045197706705,2.8708806550894317,8.479556326758077,0.11695135918910537,0.18854559521732536,0.5918678476573883
207071,207071,611257,1,1,2.8962277803243146,3;1;2,ConnectionState;Protocol;Application,2;1;5,Application;Protocol;TrafficVolume,2,0.5,0.6300954784335281,-0.18148486067047953,-0.7641960350411057,0.18069419140623474,0.1661887115137759,2.8708806550894317,8.479556326758077,0.42272824274437615,0.1834049909329868,0.46085569434578333
207237,207237,2961878,1,1,1.5843422656506372,3;4;1,ConnectionState;Ports;Protocol,2;1;4,Application;Protocol;Ports,2,0.5,0.6300954784335282,-0.18148486067047953,-1.3038756369745874,-0.6693061175713247,0.24398310775113954,2.8708806550894317,8.479556326758077,0.11695135918910537,0.7104777450870187,0.590255191883316
208739,208739,2577700,1,1,2.1978885433624784,3;1;5,ConnectionState;Protocol;TrafficVolume,2;1;5,Application;Protocol;TrafficVolume,2,0.5,0.6300954784335281,-0.18148486067047953,-1.3038756369745874,-0.05414718408541136,0.24237045197706708,2.8708806550894317,8.479556326758077,0.11695135918910537,0.05414826811966958,0.5918678476573883
209053,209053,2692213,1,0,-2.298444406171174,3;1;5,ConnectionState;Protocol;TrafficVolume,2;3;1,Application;ConnectionState;Protocol,2,0.5,0.6300954784335281,-0.18148486067047953,-6.018059454933889,0.16531634011431032,0.24075779620299498,2.8708806550894317,8.479556326758077,4.831135177148409,0.22050359303367933,0.5934805034314606
209126,209126,2596095,1,1,2.3999902642589244,3;1;5,ConnectionState;Protocol;TrafficVolume,2;1;5,Application;Protocol;TrafficVolume,2,0.5,0.6300954784335281,-0.18148486067047953,-1.3038756369745874,0.1479545368110347,0.24237045197706705,2.8708806550894317,8.479556326758077,0.11695135918910537,0.21614464552818666,0.5918678476573883
209444,209444,1958828,1,1,1.8017441189363563,2;3;1,Application;ConnectionState;Protocol,2;1;5,Application;Protocol;TrafficVolume,2,0.5,0.630095478433528,-1.1512184560095486,-0.9486739447275768,0.1957078137413686,0.21090293281622383,2.8708806550894317,9.449289922097146,0.23825033305790488,0.19570672970711053,1.0055468774164382
209461,209461,1999929,1,1,2.792342737251286,5;2;3,TrafficVolume;Application;ConnectionState,2;5;1,Application;TrafficVolume;Protocol,2,0.5,0.630095478433528,-1.1512184560095486,-0.9486739447275768,0.1563442647284794,1.2408651001440427,2.8708806550894317,9.449289922097146,0.23825033305790488,0.22947566841951028,3.015447312150138
209785,209785,2403734,1,1,2.3634534223676122,3;1;5,ConnectionState;Protocol;TrafficVolume,2;1;5,Application;Protocol;TrafficVolume,2,0.5,0.630095478433528,-0.18148486067047953,-1.3038756369745874,0.11141769491972256,0.24237045197706705,2.8708806550894317,8.479556326758077,0.11695135918910537,0.14988191383516197,0.5918678476573883
209930,209930,2265823,1,1,5.272949505053804,3;1;5,ConnectionState;Protocol;TrafficVolume,2;3;1,Application;ConnectionState;Protocol,2,0.5,0.6300954784335281,-0.1814848606704793,1.8480848265928873,-0.08889903759196895,0.2002228036074758,2.8708806550894317,8.479556326758077,3.0350091043783687,0.08890012162622693,0.5464948615437337
210346,210346,320829,1,1,5.458734169651482,3;1;5,ConnectionState;Protocol;TrafficVolume,2;3;1,Application;ConnectionState;Protocol,2,0.5,0.6300954784335282,-0.1814848606704793,1.848084826592887,0.10011095057820987,0.19699748003497497,2.8708806550894317,8.479556326758077,3.0350091043783687,0.10010986654395185,0.5497201851162343
210374,210374,2390742,1,1,5.1899461595201295,3;1;5,ConnectionState;Protocol;TrafficVolume,2;3;1,Application;ConnectionState;Protocol,2,0.5,0.6300954784335281,-0.1814848606704793,1.848084826592887,-0.1702897596670275,0.19861018014886,2.8708806550894317,8.479556326758077,3.0350091043783687,0.17029084370128572,0.5481074850023493
210381,210381,1477693,1,1,0.9598656669960599,2;3;1,Application;ConnectionState;Protocol,2;1;5,Application;Protocol;TrafficVolume,2,0.5,0.630095478433528,-1.1512184560095486,-0.9486739447275767,0.16156599509486824,-0.5968337004775721,2.8708806550894317,9.449289922097146,0.23825033305790488,0.22425393805312144,0.6763588187343181
210503,210503,1311006,1,1,6.2917747226284035,3;1;2,ConnectionState;Protocol;Application,2;3;1,Application;ConnectionState;Protocol,3,1.0,0.6300954784335281,-0.1814848606704793,2.7433941825235064,0.14280202710112166,0.0920376005583661,2.8708806550894317,8.479556326758077,3.9303184603089885,0.22129715523809995,0.3429340845389448
213026,213026,2015527,1,1,1.5977889531288314,2;3;1,Application;ConnectionState;Protocol,2;1;5,Application;Protocol;TrafficVolume,2,0.5,0.630095478433528,-1.1512184560095486,-0.9486739447275768,0.15860192416410038,0.044053656585967264,2.8708806550894317,9.449289922097146,0.23825033305790488,0.22721800898388927,0.3688421173642207
213939,213939,1108995,1,1,2.927684747985767,3;2;5,ConnectionState;Application;TrafficVolume,2;3;1,Application;ConnectionState;Protocol,2,0.5,0.6300954784335282,-1.8697164196210028,2.743394182523506,0.14591341205730077,-1.5869322000899266,2.8708806550894317,10.167787885708602,3.9303184603089885,0.21818577028192068,1.9944058389128834
215184,215184,1436202,1,1,5.6216059586921885,3;1;4,ConnectionState;Protocol;Ports,2;3;1,Application;ConnectionState;Protocol,2,0.5,0.6300954784335281,-0.1814848606704793,1.848084826592887,0.26298272415903057,0.19699749549486148,2.8708806550894317,8.479556326758077,3.0350091043783687,0.26298164012477243,0.5497201696563481
215500,215500,2695822,1,0,-2.2886008557491717,3;1;5,ConnectionState;Protocol;TrafficVolume,2;3;1,Application;ConnectionState;Protocol,2,0.5,0.6300954784335281,-0.18148486067047953,-6.018059454933889,0.17515989053631253,0.24075779620299498,2.8708806550894317,8.479556326758077,4.831135177148409,0.21066004261167703,0.5934805034314606
215676,215676,2803168,1,1,2.4452879319307366,3;1;5,ConnectionState;Protocol;TrafficVolume,2;1;5,Application;Protocol;TrafficVolume,2,0.5,0.6300954784335281,-0.18148486067047953,-1.3038756369745874,0.19325220448284647,0.24237045197706705,2.8708806550894317,8.479556326758077,0.11695135918910537,0.19325112044858853,0.5918678476573883
216799,216799,2979036,1,1,2.3180993410177235,3;1;5,ConnectionState;Protocol;TrafficVolume,2;1;5,Application;Protocol;TrafficVolume,2,0.5,0.630095478433528,-0.18148486067047953,-1.3038756369745872,0.06445095779576131,0.2439831077511396,2.8708806550894317,8.479556326758077,0.11695135918910537,0.06444987376150335,0.590255191883316
216928,216928,223295,1,1,5.498667708799493,3;1;5,ConnectionState;Protocol;TrafficVolume,2;3;1,Application;ConnectionState;Protocol,2,0.5,0.6300954784335282,-0.1814848606704793,1.848084826592887,0.14004448929678048,0.19699748046441637,2.8708806550894317,8.479556326758077,3.0350091043783687,0.14004340526252254,0.5497201846867932
216951,216951,1490896,1,1,1.4014416547160042,2;3;1,Application;ConnectionState;Protocol,2;1;5,Application;Protocol;TrafficVolume,2,0.5,0.630095478433528,-1.1512184560095486,-0.9486739447275768,0.18297118993971445,-0.1766629076024739,2.8708806550894317,9.449289922097146,0.23825033305790488,0.20284874320827534,0.2924728627094525
217033,217033,748334,1,1,6.328870277948569,3;1;2,ConnectionState;Protocol;Application,2;3;1,Application;ConnectionState;Protocol,3,1.0,0.6300954784335281,-0.1814848606704793,2.743394182523506,0.17992388827668915,0.09201129470296299,2.8708806550894317,8.479556326758077,3.9303184603089885,0.1841752940625321,0.34290777868354183
217277,217277,1641167,1,1,1.3099300541265326,2;3;1,Application;ConnectionState;Protocol,2;1;5,Application;Protocol;TrafficVolume,2,0.5,0.630095478433528,-1.1512184560095486,-0.9486739447275768,0.18248131926249345,-0.2676846375147246,2.8708806550894317,9.449289922097146,0.23825033305790488,0.20333861388549618,0.26763378526440995
217815,217815,1213274,1,1,6.3122442039673485,3;1;2,ConnectionState;Protocol;Application,2;3;1,Application;ConnectionState;Protocol,3,1.0,0.6300954784335282,-0.1814848606704793,2.7433941825235064,0.16321860685639233,0.09209050214203976,2.8708806550894317,8.479556326758077,3.9303184603089885,0.20088057548282895,0.3429869861226186
217875,217875,286139,1,1,5.471316405046281,3;1;5,ConnectionState;Protocol;TrafficVolume,2;3;1,Application;ConnectionState;Protocol,2,0.5,0.6300954784335281,-0.1814848606704793,1.848084826592887,0.11269318522148697,0.19699748078649731,2.8708806550894317,8.479556326758077,3.0350091043783687,0.11269210118722886,0.5497201843647121
217897,217897,1959202,1,1,1.4417803355545031,2;3;1,Application;ConnectionState;Protocol,2;1;5,Application;Protocol;TrafficVolume,2,0.5,0.630095478433528,-1.1512184560095486,-0.9486739447275768,0.17777075674218018,-0.13112379356644074,2.8708806550894317,9.449289922097146,0.23825033305790488,0.20804917640580942,0.3743338150848201
218001,218001,2914002,1,1,1.3362515367797185,3;4;1,ConnectionState;Ports;Protocol,2;1;4,Application;Protocol;Ports,2,0.5,0.6300954784335282,-0.18148486067047953,-1.3038756369745874,-0.9173968464422437,0.24398310775113954,2.8708806550894317,8.479556326758077,0.11695135918910537,0.9173979304765018,0.590255191883316
218022,218022,2865463,1,1,2.402626197455178,3;1;5,ConnectionState;Protocol;TrafficVolume,2;1;5,Application;Protocol;TrafficVolume,2,0.5,0.630095478433528,-0.18148486067047953,-1.3038756369745874,0.1505904700072888,0.24237045197706705,2.8708806550894317,8.479556326758077,0.11695135918910537,0.2026184155055308,0.5918678476573883
218418,218418,2395125,1,1,2.3228841081818503,3;1;5,ConnectionState;Protocol;TrafficVolume,2;1;5,Application;Protocol;TrafficVolume,2,0.5,0.6300954784335281,-0.18148486067047953,-1.3038756369745874,0.07084838073396048,0.24237045197706705,2.8708806550894317,8.479556326758077,0.11695135918910537,0.1580795267439854,0.5918678476573883
218484,218484,1729112,1,1,2.358320692054497,3;1;5,ConnectionState;Protocol;TrafficVolume,2;1;5,Application;Protocol;TrafficVolume,2,0.5,0.6300954784335281,-0.18148486067047953,-1.3038756369745874,0.10628496460660714,0.24237045197706705,2.8708806550894317,8.479556326758077,0.11695135918910537,0.10628388057234914,0.5918678476573883
219020,219020,2137735,1,0,-0.5183034536464821,1;2;3,Protocol;Application;ConnectionState,2;1;5,Application;Protocol;TrafficVolume,2,0.5,-7.698729316728816,4.981301397145514,-0.9486739447275767,0.16788128618571435,0.11498682979631998,5.45794414007291,15.045514400382036,0.23825033305790488,0.21955425364377185,0.3902923755991955
219186,219186,2898881,1,1,5.522850900326439,3;1;5,ConnectionState;Protocol;TrafficVolume,2;3;1,Application;ConnectionState;Protocol,2,0.5,0.6300954784335281,-0.1814848606704793,1.848084826592887,0.16241952528614403,0.1988056360019987,2.8708806550894317,8.479556326758077,3.0350091043783687,0.1624184412518858,0.5479120291492108
219376,219376,2618530,1,1,4.922728528220626,3;1;4,ConnectionState;Protocol;Ports,2;1;3,Application;Protocol;ConnectionState,2,0.5,0.6300954784335281,-0.18148486067047934,1.2681788538573024,0.18206973254235326,0.15893902937556015,2.8708806550894317,8.479556326758077,2.4551031316427845,0.18206864850809518,0.4761629342739183
220070,220070,1425589,1,1,5.621669325684328,3;1;4,ConnectionState;Protocol;Ports,2;3;1,Application;ConnectionState;Protocol,2,0.5,0.6300954784335282,-0.1814848606704793,1.848084826592887,0.2630461052153716,0.19699748143065943,2.8708806550894317,8.479556326758077,3.0350091043783687,0.2630450211811136,0.5497201837205503
220197,220197,2139637,1,1,1.4525247468540243,2;3;1,Application;ConnectionState;Protocol,2;1;5,Application;Protocol;TrafficVolume,2,0.5,0.630095478433528,-1.1512184560095486,-0.9486739447275768,0.17665612479604853,-0.11926475032078798,2.8708806550894317,9.449289922097146,0.23825033305790488,0.20916380835194112,0.3810203566176136
220360,220360,1535074,1,1,0.9838544543789989,2;3;1,Application;ConnectionState;Protocol,2;1;5,Application;Protocol;TrafficVolume,2,0.5,0.630095478433528,-1.1512184560095486,-0.9486739447275767,0.18556608199059937,-0.5968449999903642,2.8708806550894317,9.449289922097146,0.23825033305790488,0.20025385115739028,0.6763701182471102
220625,220625,888849,1,1,1.5411818364113385,2;3;1,Application;ConnectionState;Protocol,2;1;5,Application;Protocol;TrafficVolume,2,0.5,0.630095478433528,-1.1512184560095486,-0.9486739447275768,0.18532114665198895,-0.039272682619414315,2.8708806550894317,9.449289922097146,0.23825033305790488,0.2004987864960007,0.32788895405540014
221498,221498,3296439,1,1,5.54817263435182,3;1;5,ConnectionState;Protocol;TrafficVolume,2;3;1,Application;ConnectionState;Protocol,2,0.5,0.6300954784335282,-0.1814848606704793,1.848084826592887,0.18954939691993375,0.19699749839359004,2.8708806550894317,8.479556326758077,3.0350091043783687,0.18954831288567559,0.5497201667576195
222320,222320,600541,1,1,3.631154292008467,1;5;2,Protocol;TrafficVolume;Application,2;1;3,Application;Protocol;ConnectionState,2,0.5,0.630095478433528,-0.18148486067047953,-0.0744036946923546,0.15936709082516343,0.23264998343024867,2.8708806550894317,8.479556326758077,1.112520583093127,0.20473209151405805,0.6176258832541422
222493,222493,928168,1,1,6.310482663607522,3;1;2,ConnectionState;Protocol;Application,2;3;1,Application;ConnectionState;Protocol,3,1.0,0.6300954784335281,-0.1814848606704793,2.7433941825235064,0.16151825930314453,0.09202930933546116,2.8708806550894317,8.479556326758077,3.9303184603089885,0.20258092303607678,0.3429257933160399
222564,222564,1811176,1,1,0.8698553972213077,2;3;5,Application;ConnectionState;TrafficVolume,2;1;5,Application;Protocol;TrafficVolume,2,0.5,0.630095478433528,-1.1512184560095486,-0.9486739447275767,0.1559537876570687,-0.6812317628145248,2.8708806550894317,9.449289922097146,0.23825033305790488,0.22986614549092105,0.6811809105642102
223644,223644,2882197,1,1,1.4567617904626544,3;4;1,ConnectionState;Ports;Protocol,2;1;4,Application;Protocol;Ports,2,0.5,0.630095478433528,-0.18148486067047953,-1.3038756369745874,-0.7952739369852351,0.24237045197706708,2.8708806550894317,8.479556326758077,0.11695135918910537,0.7952750210194934,0.5918678476573883
223688,223688,466305,1,0,-2.993880686418219,3;1;2,ConnectionState;Protocol;Application,2;3;1,Application;ConnectionState;Protocol,3,1.0,0.6300954784335282,-0.18148486067047953,-6.644039454576472,0.17155153550573662,0.16506632020710568,2.8708806550894317,8.479556326758077,5.45711517679099,0.2142683976422531,0.4660068502059879
223710,223710,294525,1,1,5.46656242632883,3;1;5,ConnectionState;Protocol;TrafficVolume,2;3;1,Application;ConnectionState;Protocol,2,0.5,0.6300954784335281,-0.1814848606704793,1.848084826592887,0.10793919394287843,0.1969974933476548,2.8708806550894317,8.479556326758077,3.0350091043783687,0.10793810990862031,0.5497201718035545
223954,223954,2015021,1,1,2.111990375774981,2;3;1,Application;ConnectionState;Protocol,2;1;5,Application;Protocol;TrafficVolume,2,0.5,0.630095478433528,-1.1512184560095486,-0.9486739447275768,0.18440175273022597,0.5324552506659911,2.8708806550894317,9.449289922097146,0.23825033305790488,0.2014181804177636,1.860429419219459
224400,224400,1113155,1,1,2.8911532174423997,3;1;2,ConnectionState;Protocol;Application,2;1;5,Application;Protocol;TrafficVolume,2,0.5,0.630095478433528,-0.18148486067047953,-0.7641960350411057,0.17561958826419885,0.1661887517738965,2.8708806550894317,8.479556326758077,0.42272824274437615,0.2102003448837907,0.46085565408566276
224429,224429,359914,1,1,5.444947609103474,3;1;5,ConnectionState;Protocol;TrafficVolume,2;3;1,Application;ConnectionState;Protocol,2,0.5,0.6300954784335281,-0.1814848606704793,1.848084826592887,0.0863243743555957,0.19699749570958214,2.8708806550894317,8.479556326758077,3.0350091043783687,0.0863232903213375,0.5497201694416274
224481,224481,1113702,1,1,2.859988051945394,3;1;2,ConnectionState;Protocol;Application,2;1;5,Application;Protocol;TrafficVolume,2,0.5,0.6300954784335281,-0.18148486067047953,-0.7641960350411057,0.1444544501440754,0.16618872439701435,2.8708806550894317,8.479556326758077,0.42272824274437615,0.21964473219514608,0.46085568146254474
224501,224501,166079,1,1,5.517873850345607,3;1;5,ConnectionState;Protocol;TrafficVolume,2;3;1,Application;ConnectionState;Protocol,2,0.5,0.6300954784335281,-0.1814848606704793,1.848084826592887,0.15925061441676447,0.1969974968905455,2.8708806550894317,8.479556326758077,3.0350091043783687,0.15924953038250628,0.549720168260664
225449,225449,523068,1,0,-0.4278251831318629,1;2;3,Protocol;Application;ConnectionState,2;1;5,Application;Protocol;TrafficVolume,2,0.5,-7.698729316728816,4.981301397145514,-0.9486739447275767,0.1722581698800441,0.20108821661660944,5.45794414007291,15.045514400382036,0.23825033305790488,0.21517736994944198,0.5320323430689274
225570,225570,2843881,1,1,0.9556633432464765,3;1;5,ConnectionState;Protocol;TrafficVolume,2;1;3,Application;Protocol;ConnectionState,2,0.5,0.630095478433528,-0.18148486067047953,-2.754482869375109,0.16093373616006318,0.23567156401611206,2.8708806550894317,8.479556326758077,1.5675585915896264,0.19454895226491153,0.6206474638400057
225613,225613,552827,1,1,1.7997891768070757,2;3;1,Application;ConnectionState;Protocol,2;1;3,Application;Protocol;ConnectionState,3,1.0,0.630095478433528,-1.1512184560095486,-0.7641960350411057,0.18491292159897477,0.03526497314286594,2.8708806550894317,9.449289922097146,0.42272824274437615,0.20090701154901483,0.15321740216508617
225993,225993,1231911,1,1,6.314906947575013,3;1;2,ConnectionState;Protocol;Application,2;3;1,Application;ConnectionState;Protocol,3,1.0,0.6300954784335282,-0.1814848606704793,2.7433941825235064,0.16560761127580825,0.09236424133028807,2.8708806550894317,8.479556326758077,3.9303184603089885,0.19849157106341322,0.3432607253108667
226039,226039,254570,1,1,5.484278957963524,3;1;5,ConnectionState;Protocol;TrafficVolume,2;3;1,Application;ConnectionState;Protocol,2,0.5,0.6300954784335281,-0.1814848606704793,1.8480848265928873,0.1256557386755317,0.19699748024969566,2.8708806550894317,8.479556326758077,3.0350091043783687,0.12565465464127368,0.5497201849015139
227728,227728,2348512,1,0,-2.312427003323399,3;1;5,ConnectionState;Protocol;TrafficVolume,2;3;1,Application;ConnectionState;Protocol,2,0.5,0.6300954784335281,-0.18148486067047953,-6.018059454933889,0.1513337429620858,0.24075779620299498,2.8708806550894317,8.479556326758077,4.831135177148409,0.23448619018590391,0.5934805034314606
227859,227859,3148504,1,1,5.602716743021919,3;1;4,ConnectionState;Protocol;Ports,2;3;1,Application;ConnectionState;Protocol,2,0.5,0.6300954784335281,-0.1814848606704793,1.848084826592887,0.2440935211572786,0.19699748282634322,2.8708806550894317,8.479556326758077,3.0350091043783687,0.2440924371230207,0.5497201823248661
227994,227994,2215718,1,1,5.294427480029002,3;1;5,ConnectionState;Protocol;TrafficVolume,2;3;1,Application;ConnectionState;Protocol,2,0.5,0.6300954784335282,-0.1814848606704793,1.848084826592887,-0.06742107034671287,0.2002228113374187,2.8708806550894317,8.479556326758077,3.0350091043783687,0.0674221543809709,0.5464948538137906
228347,228347,3174715,1,1,5.595110371241805,3;1;4,ConnectionState;Protocol;Ports,2;3;1,Application;ConnectionState;Protocol,2,0.5,0.6300954784335282,-0.1814848606704793,1.848084826592887,0.23648713338047678,0.19699749882303147,2.8708806550894317,8.479556326758077,3.0350091043783687,0.23648604934621892,0.5497201663281781
228796,228796,2820431,1,1,2.6224854017610237,4;1;5,Ports;Protocol;TrafficVolume,2;1;3,Application;Protocol;ConnectionState,1,0.2,0.630095478433528,-0.18148486067047953,0.0499368176867829,-0.9817501245741639,0.24075779620299498,2.8708806550894317,8.479556326758077,1.2368610954722645,0.9817512086084217,0.5934805034314606
228889,228889,888064,1,1,1.5212516508681624,2;3;1,Application;ConnectionState;Protocol,2;1;5,Application;Protocol;TrafficVolume,2,0.5,0.630095478433528,-1.1512184560095486,-0.9486739447275768,0.19199828974435193,-0.06588001125495332,2.8708806550894317,9.449289922097146,0.23825033305790488,0.19382164340363783,0.3012785361148279
229310,229310,174883,1,0,-1.4205302421935224,5;3;1,TrafficVolume;ConnectionState;Protocol,2;5;1,Application;TrafficVolume;Protocol,2,0.5,0.6300954784335282,-0.18148486067047953,-1.3038756369745874,0.15776103402943403,-3.5879565516937797,2.8708806550894317,8.479556326758077,0.11695135918910537,0.1577599499951759,6.992679203942578
229330,229330,2342485,1,1,2.3664324330338666,3;1;5,ConnectionState;Protocol;TrafficVolume,2;1;5,Application;Protocol;TrafficVolume,2,0.5,0.630095478433528,-0.18148486067047953,-1.3038756369745874,0.1143967055859769,0.24237045197706705,2.8708806550894317,8.479556326758077,0.11695135918910537,0.20967166699498535,0.5918678476573883
229605,229605,1889765,1,1,1.2577905823516335,2;3;1,Application;ConnectionState;Protocol,2;1;5,Application;Protocol;TrafficVolume,2,0.5,0.630095478433528,-1.1512184560095486,-0.9486739447275768,0.18166486915646518,-0.3190076591835954,2.8708806550894317,9.449289922097146,0.23825033305790488,0.20415506399152442,0.5606050152886547
230318,230318,1566001,1,1,1.0426567163232558,2;3;1,Application;ConnectionState;Protocol,2;1;5,Application;Protocol;TrafficVolume,2,0.5,0.630095478433528,-1.1512184560095486,-0.9486739447275768,0.20061006509879928,-0.5530867211543068,2.8708806550894317,9.449289922097146,0.23825033305790488,0.20060898106454114,0.632611839411053
230485,230485,2482517,1,1,4.983729630225367,3;1;4,ConnectionState;Protocol;Ports,2;3;1,Application;ConnectionState;Protocol,2,0.5,0.6300954784335281,-0.1814848606704793,1.848084826592887,-0.3765065835585119,0.1986104747455821,2.8708806550894317,8.479556326758077,3.0350091043783687,0.38863387976415875,0.5481071904056272
230550,230550,1909830,1,1,2.0090321820412096,2;3;1,Application;ConnectionState;Protocol,2;1;5,Application;Protocol;TrafficVolume,2,0.5,0.630095478433528,-1.1512184560095486,-0.9486739447275768,0.1811572499863044,0.4327415596761416,2.8708806550894317,9.449289922097146,0.23825033305790488,0.20466268316168523,1.172359169279489
230736,230736,2997299,1,1,3.819723203339824,3;4;1,ConnectionState;Ports;Protocol,2;3;1,Application;ConnectionState;Protocol,2,0.5,0.6300954784335281,-0.18148486067047945,1.8480848265928873,-1.542125326530071,0.2002227908315976,2.8708806550894317,8.479556326758077,3.0350091043783687,1.5421264105643286,0.5464948743196121
230996,230996,3038807,1,1,1.799743792774249,3;1;4,ConnectionState;Protocol;Ports,2;1;5,Application;Protocol;TrafficVolume,1,0.2,0.630095478433528,-0.18148486067047953,-1.3038756369745874,-0.45390459044771314,0.24398310775113954,2.8708806550894317,8.479556326758077,0.11695135918910537,0.5846301574642175,0.590255191883316
231249,231249,2313596,1,0,-2.269050421880161,3;1;5,ConnectionState;Protocol;TrafficVolume,2;3;1,Application;ConnectionState;Protocol,2,0.5,0.6300954784335281,-0.18148486067047953,-6.018059454933889,0.19471032440532365,0.24075779620299498,2.8708806550894317,8.479556326758077,4.831135177148409,0.19470924037106546,0.5934805034314606
231382,231382,242209,1,1,5.4881455632114555,3;1;5,ConnectionState;Protocol;TrafficVolume,2;3;1,Application;ConnectionState;Protocol,2,0.5,0.6300954784335281,-0.1814848606704793,1.8480848265928873,0.1295223198747515,0.19699750429840776,2.8708806550894317,8.479556326758077,3.0350091043783687,0.1295212358404936,0.5497201608528017
231828,231828,3333707,1,1,5.532928141820827,3;1;5,ConnectionState;Protocol;TrafficVolume,2;3;1,Application;ConnectionState;Protocol,2,0.5,0.6300954784335281,-0.1814848606704793,1.848084826592887,0.17430492049298874,0.19699748228954195,2.8708806550894317,8.479556326758077,3.0350091043783687,0.17430383645873085,0.5497201828616676
232118,232118,1790034,1,1,5.503153030210752,3;1;5,ConnectionState;Protocol;TrafficVolume,2;3;1,Application;ConnectionState;Protocol,2,0.5,0.6300954784335281,-0.1814848606704793,1.848084826592887,0.14291715611493053,0.1986101350575253,2.8708806550894317,8.479556326758077,3.0350091043783687,0.18330535870802708,0.5481075300936844
232322,232322,1833007,1,1,0.8959447346352145,2;3;5,Application;ConnectionState;TrafficVolume,2;1;5,Application;Protocol;TrafficVolume,2,0.5,0.630095478433528,-1.1512184560095486,-0.9486739447275767,0.18203759671226294,-0.6812262344558122,2.8708806550894317,9.449289922097146,0.23825033305790488,0.2037823364357268,0.6811753822054977
232527,232527,129296,1,1,2.2632989422621885,3;1;5,ConnectionState;Protocol;TrafficVolume,2;1;5,Application;Protocol;TrafficVolume,2,0.5,0.6300954784335282,-0.18148486067047953,-1.3038756369745874,0.009650559040226306,0.2439831077511396,2.8708806550894317,8.479556326758077,0.11695135918910537,0.034920234343438945,0.590255191883316
232538,232538,1028060,1,1,6.317335536099861,3;1;2,ConnectionState;Protocol;Application,2;3;1,Application;ConnectionState;Protocol,3,1.0,0.6300954784335281,-0.1814848606704793,2.7433941825235064,0.17200235847581619,0.0883980826551294,2.8708806550894317,8.479556326758077,3.9303184603089885,0.21381757467217333,0.33929456663570806
232571,232571,1794863,1,1,5.450150747436281,3;1;5,ConnectionState;Protocol;TrafficVolume,2;3;1,Application;ConnectionState;Protocol,2,0.5,0.6300954784335281,-0.1814848606704793,1.8480848265928873,0.08991487323309921,0.19861013516488546,2.8708806550894317,8.479556326758077,3.0350091043783687,0.08991378919884109,0.5481075299863241
234165,234165,182994,1,1,5.510964718982481,3;1;5,ConnectionState;Protocol;TrafficVolume,2;3;1,Application;ConnectionState;Protocol,2,0.5,0.6300954784335281,-0.1814848606704793,1.848084826592887,0.15234147478689408,0.19699750515729011,2.8708806550894317,8.479556326758077,3.0350091043783687,0.15234039075263595,0.5497201599939192
234197,234197,2433432,1,1,2.3257139145795565,3;1;5,ConnectionState;Protocol;TrafficVolume,2;1;5,Application;Protocol;TrafficVolume,2,0.5,0.630095478433528,-0.18148486067047953,-1.3038756369745874,0.07367818713166678,0.24237045197706705,2.8708806550894317,8.479556326758077,0.11695135918910537,0.13676015788259205,0.5918678476573883
234518,234518,72758,1,1,1.065984061118267,3;4;1,ConnectionState;Ports;Protocol,2;1;4,Application;Protocol;Ports,2,0.5,0.630095478433528,-0.18148486067047953,-1.3038756369745874,-1.187664322103695,0.24398310775113952,2.8708806550894317,8.479556326758077,0.11695135918910537,1.3119647853656524,0.590255191883316
234759,234759,2033499,1,1,1.4312499337035187,2;3;1,Application;ConnectionState;Protocol,2;1;5,Application;Protocol;TrafficVolume,2,0.5,0.630095478433528,-1.1512184560095486,-0.9486739447275768,0.17090902472121258,-0.13479246339645765,2.8708806550894317,9.449289922097146,0.23825033305790488,0.2149109084267771,0.2610846954937779
235132,235132,1955027,1,0,-3.3605919253045844,3;5;1,ConnectionState;TrafficVolume;Protocol,2;3;1,Application;ConnectionState;Protocol,2,0.5,0.6300954784335281,-0.1814848606704795,-6.018059454933889,0.16641144922954473,-0.8224848320456497,2.8708806550894317,8.479556326758077,4.831135177148409,0.219408483918445,1.0593980893943455
235640,235640,1611503,1,1,2.417142477494863,3;1;5,ConnectionState;Protocol;TrafficVolume,2;1;5,Application;Protocol;TrafficVolume,2,0.5,0.630095478433528,-0.18148486067047953,-1.3038756369745874,0.1586561173114362,0.24882108471260395,2.8708806550894317,8.479556326758077,0.11695135918910537,0.23069419338390226,0.5854172149218513
235788,235788,2369621,1,1,5.29388085427851,3;1;5,ConnectionState;Protocol;TrafficVolume,2;3;1,Application;ConnectionState;Protocol,2,0.5,0.6300954784335281,-0.1814848606704793,1.848084826592887,-0.06635521124076504,0.19861032648097843,2.8708806550894317,8.479556326758077,3.0350091043783687,0.06635629527502317,0.5481073386702311
236436,236436,1463593,1,1,5.542196052552274,3;1;5,ConnectionState;Protocol;TrafficVolume,2;3;1,Application;ConnectionState;Protocol,2,0.5,0.6300954784335281,-0.1814848606704793,1.848084826592887,0.17550954453995168,0.20506076897402556,2.8708806550894317,8.479556326758077,3.0350091043783687,0.2103103886080379,0.5416568961771839
236665,236665,2377507,1,1,5.242388980221243,3;1;5,ConnectionState;Protocol;TrafficVolume,2;3;1,Application;ConnectionState;Protocol,2,0.5,0.6300954784335282,-0.1814848606704793,1.848084826592887,-0.11784689548498317,0.1986101366679298,2.8708806550894317,8.479556326758077,3.0350091043783687,0.11784797951924142,0.5481075284832795
237724,237724,600160,1,1,2.8660207586094026,3;1;2,ConnectionState;Protocol;Application,2;1;3,Application;Protocol;ConnectionState,3,1.0,0.630095478433528,-0.18148486067047953,-0.7641960350411057,0.17769107417450145,0.1389848070305972,2.8708806550894317,8.479556326758077,0.42272824274437615,0.18640810816472012,0.3898812368733552
238403,238403,2258929,1,1,5.5169752320617915,3;1;5,ConnectionState;Protocol;TrafficVolume,2;3;1,Application;ConnectionState;Protocol,2,0.5,0.6300954784335282,-0.1814848606704793,1.848084826592887,0.1551266864099299,0.20022280661356456,2.8708806550894317,8.479556326758077,3.0350091043783687,0.2306932467380596,0.5464948585376448
238406,238406,2419239,1,1,2.3935907851977123,3;1;5,ConnectionState;Protocol;TrafficVolume,2;1;5,Application;Protocol;TrafficVolume,2,0.5,0.630095478433528,-0.18148486067047953,-1.3038756369745874,0.14155505774982258,0.24237045197706705,2.8708806550894317,8.479556326758077,0.11695135918910537,0.1844281107149034,0.5918678476573883
238717,238717,371468,1,1,5.437594777815454,3;1;5,ConnectionState;Protocol;TrafficVolume,2;3;1,Application;ConnectionState;Protocol,2,0.5,0.6300954784335281,-0.1814848606704793,1.848084826592887,0.07897153233154318,0.19699750644561403,2.8708806550894317,8.479556326758077,3.0350091043783687,0.07897044829728489,0.5497201587055953
238808,238808,560427,1,1,2.891298892736605,3;1;2,ConnectionState;Protocol;Application,2;1;5,Application;Protocol;TrafficVolume,2,0.5,0.6300954784335281,-0.18148486067047953,-0.7641960350411057,0.17576354182092938,0.16619047351137128,2.8708806550894317,8.479556326758077,0.42272824274437615,0.18833564051829207,0.4608539323481876
239163,239163,130614,1,1,0.7242121518979512,4;3;1,Ports;ConnectionState;Protocol,2;1;4,Application;Protocol;Ports,2,0.5,0.630095478433528,-0.18148486067047953,-1.3038756369745874,-1.5294362313240115,0.24398310775113952,2.8708806550894317,8.479556326758077,0.11695135918910537,1.5294373153582692,0.590255191883316
239976,239976,2580254,1,1,2.2942832105752764,3;1;5,ConnectionState;Protocol;TrafficVolume,2;1;5,Application;Protocol;TrafficVolume,2,0.5,0.6300954784335281,-0.18148486067047953,-1.3038756369745874,0.042247483127386645,0.24237045197706705,2.8708806550894317,8.479556326758077,0.11695135918910537,0.113799233107854,0.5918678476573883
240094,240094,1544447,1,1,0.9635624015447164,2;3;1,Application;ConnectionState;Protocol,2;1;5,Application;Protocol;TrafficVolume,2,0.5,0.630095478433528,-1.1512184560095486,-0.9486739447275767,0.17571188247283315,-0.6072828533068806,2.8708806550894317,9.449289922097146,0.23825033305790488,0.21010805067515656,0.6384281995391682
240321,240321,1082361,1,1,6.313321112122807,3;1;2,ConnectionState;Protocol;Application,2;3;1,Application;ConnectionState;Protocol,3,1.0,0.6300954784335282,-0.1814848606704793,2.743394182523506,0.1642302944754528,0.092155722678438,2.8708806550894317,8.479556326758077,3.9303184603089885,0.1998688878637685,0.3430522066590167
240933,240933,370622,1,1,5.439306189265713,3;1;5,ConnectionState;Protocol;TrafficVolume,2;3;1,Application;ConnectionState;Protocol,2,0.5,0.6300954784335282,-0.1814848606704793,1.848084826592887,0.0806829698703595,0.19699748035705605,2.8708806550894317,8.479556326758077,3.0350091043783687,0.08068188583610143,0.5497201847941535
241643,241643,1370832,1,1,6.312706307878227,3;1;2,ConnectionState;Protocol;Application,2;3;1,Application;ConnectionState;Protocol,3,1.0,0.6300954784335282,-0.1814848606704793,2.7433941825235064,0.16348129068794306,0.09228992222136777,2.8708806550894317,8.479556326758077,3.9303184603089885,0.20061789165127855,0.3431864062019464
242149,242149,2529754,1,1,5.516418045786342,3;1;5,ConnectionState;Protocol;TrafficVolume,2;3;1,Application;ConnectionState;Protocol,2,0.5,0.6300954784335282,-0.1814848606704793,1.848084826592887,0.15618216943595267,0.19861013731209187,2.8708806550894317,8.479556326758077,3.0350091043783687,0.17099773081993083,0.5481075278391176
244351,244351,1546687,1,1,1.414888538454363,2;3;1,Application;ConnectionState;Protocol,2;1;5,Application;Protocol;TrafficVolume,2,0.5,0.630095478433528,-1.1512184560095486,-0.9486739447275768,0.1976246969991765,-0.17786953092357738,2.8708806550894317,9.449289922097146,0.23825033305790488,0.1976236129649185,0.2912604975498235
245364,245364,2467270,1,1,5.346971617341064,3;1;5,ConnectionState;Protocol;TrafficVolume,2;3;1,Application;ConnectionState;Protocol,2,0.5,0.6300954784335281,-0.1814848606704793,1.8480848265928873,-0.013264669662553573,0.19861054796532154,2.8708806550894317,8.479556326758077,3.0350091043783687,0.05065505040860067,0.548107117185888
245407,245407,3056588,1,1,2.206982064184235,3;1;5,ConnectionState;Protocol;TrafficVolume,2;1;5,Application;Protocol;TrafficVolume,2,0.5,0.630095478433528,-0.18148486067047953,-1.3038756369745872,-0.046666319037727395,0.2439831077511396,2.8708806550894317,8.479556326758077,0.11695135918910537,0.04666740307198539,0.590255191883316
245863,245863,205683,1,1,5.503421714023943,3;1;5,ConnectionState;Protocol;TrafficVolume,2;3;1,Application;ConnectionState;Protocol,2,0.5,0.6300954784335281,-0.1814848606704793,1.848084826592887,0.14479847648469657,0.19699749850095039,2.8708806550894317,8.479556326758077,3.0350091043783687,0.14479739245043838,0.5497201666502591
246382,246382,1758198,1,0,-16.74074048186864,5;3;1,TrafficVolume;ConnectionState;Protocol,5;2;3,TrafficVolume;Application;ConnectionState,2,0.5,-1.1921714980454199,-0.18148486067047973,-6.018059454933888,0.2632220705172621,-12.477177033418481,1.0486136786104843,8.479556326758077,4.831135177148409,0.26322098648300396,19.364317627394552
246395,246395,221332,1,1,5.497653529868345,3;1;5,ConnectionState;Protocol;TrafficVolume,2;3;1,Application;ConnectionState;Protocol,2,0.5,0.6300954784335281,-0.1814848606704793,1.848084826592887,0.13903029834127612,0.1969974924887723,2.8708806550894317,8.479556326758077,3.0350091043783687,0.13902921430701798,0.5497201726624372
247357,247357,801219,1,1,2.8992644735606636,3;1;4,ConnectionState;Protocol;Ports,2;1;5,Application;Protocol;TrafficVolume,1,0.2,0.6300954784335281,-0.18148486067047953,-0.7641960350411057,0.18373084384566152,0.16618875231069816,2.8708806550894317,8.479556326758077,0.42272824274437615,0.2020890893023281,0.46085565354886115
247399,247399,2041634,1,1,0.5148987661019828,1;2;3,Protocol;Application;ConnectionState,2;1;5,Application;Protocol;TrafficVolume,2,0.5,-7.698729316728816,6.009024690103391,-0.9486739447275769,0.17024011867846872,0.1181069240941533,5.45794414007291,16.073237693339912,0.23825033305790488,0.21719542115101748,0.3982514053357194
247747,247747,417218,1,1,5.421462873289128,3;1;5,ConnectionState;Protocol;TrafficVolume,2;3;1,Application;ConnectionState;Protocol,2,0.5,0.6300954784335282,-0.1814848606704793,1.848084826592887,0.06283965421585602,0.19699748003497497,2.8708806550894317,8.479556326758077,3.0350091043783687,0.0628385701815978,0.5497201851162343
248023,248023,1789917,1,1,2.441169529608527,3;1;5,ConnectionState;Protocol;TrafficVolume,2;1;5,Application;Protocol;TrafficVolume,2,0.5,0.630095478433528,-0.18148486067047953,-1.3038756369745874,0.18913380216063752,0.24237045197706705,2.8708806550894317,8.479556326758077,0.11695135918910537,0.18913271812637958,0.5918678476573883
248545,248545,1460916,1,1,0.5291872574555305,2;5;3,Application;TrafficVolume;ConnectionState,2;1;5,Application;Protocol;TrafficVolume,2,0.5,0.630095478433528,-1.1512184560095486,-0.9486739447275767,0.15692287684772677,-1.02286899177096,2.8708806550894317,9.449289922097146,0.23825033305790488,0.22889705630026283,1.0491763610417832
248806,248806,44153,1,1,1.09585455542557,3;4;1,ConnectionState;Ports;Protocol,2;1;4,Application;Protocol;Ports,2,0.5,0.630095478433528,-0.18148486067047953,-1.3038756369745874,-1.1561811720223198,0.24237045197706705,2.8708806550894317,8.479556326758077,0.11695135918910537,1.1561822560565778,0.5918678476573883
249663,249663,571260,1,1,2.8975199017609277,3;1;4,ConnectionState;Protocol;Ports,2;1;5,Application;Protocol;TrafficVolume,1,0.2,0.6300954784335281,-0.18148486067047953,-0.7641960350411057,0.18198631262812698,0.1661887117284966,2.8708806550894317,8.479556326758077,0.42272824274437615,0.18211286971109453,0.46085569413106264
249816,249816,1786331,1,1,4.906102283275501,3;1;2,ConnectionState;Protocol;Application,2;1;3,Application;Protocol;ConnectionState,3,1.0,0.6300954784335281,-0.18148486067047934,1.2681788538573024,0.1648426726072716,0.15953984436551605,2.8708806550894317,8.479556326758077,2.4551031316427845,0.22259286722221436,0.47354772266576983
250713,250713,427232,1,1,5.417501214033427,3;1;5,ConnectionState;Protocol;TrafficVolume,2;3;1,Application;ConnectionState;Protocol,2,0.5,0.6300954784335281,-0.1814848606704793,1.848084826592887,0.05887799302766972,0.19699748196746097,2.8708806550894317,8.479556326758077,3.0350091043783687,0.058876908993411456,0.5497201831837486
250757,250757,605186,1,1,2.6366540259736855,3;1;2,ConnectionState;Protocol;Application,2;1;3,Application;Protocol;ConnectionState,3,1.0,0.6300954784335281,-0.18148486067047953,-0.7641960350411057,0.16653569174814373,-0.07922654317876267,2.8708806550894317,8.479556326758077,0.42272824274437615,0.2192842413998458,0.2686814421943749
251073,251073,1559713,1,1,1.4019194073355234,2;3;1,Application;ConnectionState;Protocol,2;1;5,Application;Protocol;TrafficVolume,2,0.5,0.630095478433528,-1.1512184560095486,-0.9486739447275768,0.18465733716460042,-0.17787130220784073,2.8708806550894317,9.449289922097146,0.23825033305790488,0.2011625959833892,0.29126226883408696
251490,251490,177405,1,1,5.515782079240873,3;1;5,ConnectionState;Protocol;TrafficVolume,2;3;1,Application;ConnectionState;Protocol,2,0.5,0.6300954784335282,-0.1814848606704793,1.848084826592887,0.15715885963079934,0.1969974805717767,2.8708806550894317,8.479556326758077,3.0350091043783687,0.1571577755965414,0.5497201845794328
251520,251520,604451,1,1,3.626364440890894,1;5;4,Protocol;TrafficVolume;Ports,2;1;3,Application;Protocol;ConnectionState,1,0.2,0.630095478433528,-0.18148486067047953,-0.07440369469235472,0.1884114211125376,0.19881580202530186,2.8708806550894317,8.479556326758077,1.112520583093127,0.18841033707827945,0.5418587019541808
252907,252907,2146324,1,1,2.603196648071119,2;5;3,Application;TrafficVolume;ConnectionState,2;1;5,Application;Protocol;TrafficVolume,2,0.5,0.630095478433528,-1.1512184560095486,-0.9486739447275768,0.18317352787259586,1.0248897478197594,2.8708806550894317,9.449289922097146,0.23825033305790488,0.20264640527539396,2.449283004294983
253200,253200,522513,1,0,-2.3014512625424635,3;1;5,ConnectionState;Protocol;TrafficVolume,2;3;1,Application;ConnectionState;Protocol,2,0.5,0.6300954784335282,-0.18148486067047953,-6.018059454933889,0.1574715067815564,0.24559577316445938,2.8708806550894317,8.479556326758077,4.831135177148409,0.2066276755576649,0.5886425264699959
253452,253452,2712569,1,1,2.3306699154931136,3;1;5,ConnectionState;Protocol;TrafficVolume,2;1;5,Application;Protocol;TrafficVolume,2,0.5,0.630095478433528,-0.18148486067047953,-1.3038756369745874,0.07863418804522393,0.24237045197706705,2.8708806550894317,8.479556326758077,0.11695135918910537,0.1316844712809636,0.5918678476573883
253473,253473,2700889,1,1,2.1778007889334017,3;1;5,ConnectionState;Protocol;TrafficVolume,2;1;5,Application;Protocol;TrafficVolume,2,0.5,0.6300954784335281,-0.18148486067047953,-1.3038756369745874,-0.07423493851448809,0.24237045197706708,2.8708806550894317,8.479556326758077,0.11695135918910537,0.07423602254874632,0.5918678476573883
253632,253632,287685,1,1,5.470397297432722,3;1;5,ConnectionState;Protocol;TrafficVolume,2;3;1,Application;ConnectionState;Protocol,2,0.5,0.6300954784335282,-0.1814848606704793,1.848084826592887,0.11177407835945008,0.19699748003497497,2.8708806550894317,8.479556326758077,3.0350091043783687,0.1117729943251918,0.5497201851162343
253743,253743,1968857,1,1,1.6261554791310882,2;3;1,Application;ConnectionState;Protocol,2;1;5,Application;Protocol;TrafficVolume,2,0.5,0.630095478433528,-1.1512184560095486,-0.9486739447275768,0.20025863624586607,0.030763470506458463,2.8708806550894317,9.449289922097146,0.23825033305790488,0.20025755221160807,0.2881733544391073
253755,253755,3039796,1,1,0.5417967630945046,4;3;1,Ports;ConnectionState;Protocol,2;1;4,Application;Protocol;Ports,2,0.5,0.630095478433528,-0.18148486067047953,-1.3038756369745874,-1.711851620127458,0.24398310775113952,2.8708806550894317,8.479556326758077,0.11695135918910537,1.7118527041617158,0.590255191883316
254285,254285,942155,1,1,6.3108976446739025,3;1;2,ConnectionState;Protocol;Application,2;3;1,Application;ConnectionState;Protocol,3,1.0,0.6300954784335281,-0.1814848606704793,2.7433941825235064,0.16188033878585162,0.09208221091913504,2.8708806550894317,8.479556326758077,3.9303184603089885,0.20221884355336994,0.34297869489971355
255324,255324,671931,1,1,6.311673066603562,3;1;2,ConnectionState;Protocol;Application,2;3;1,Application;ConnectionState;Protocol,3,1.0,0.6300954784335282,-0.1814848606704793,2.7433941825235064,0.1626328912492765,0.0921050803853687,2.8708806550894317,8.479556326758077,3.9303184603089885,0.20146629108994507,0.34300156436594753
255596,255596,2868795,1,1,2.17323086217371,3;1;5,ConnectionState;Protocol;TrafficVolume,2;1;5,Application;Protocol;TrafficVolume,2,0.5,0.630095478433528,-0.18148486067047953,-1.3038756369745874,-0.07880486527417975,0.24237045197706705,2.8708806550894317,8.479556326758077,0.11695135918910537,0.07880594930843791,0.5918678476573883
256067,256067,2341626,1,1,2.103524126568014,3;1;5,ConnectionState;Protocol;TrafficVolume,2;1;5,Application;Protocol;TrafficVolume,2,0.5,0.630095478433528,-0.18148486067047953,-1.3038756369745874,-0.1485116008798757,0.24237045197706705,2.8708806550894317,8.479556326758077,0.11695135918910537,0.14851268491413377,0.5918678476573883
257532,257532,2723095,1,1,2.1897006650338486,3;1;5,ConnectionState;Protocol;TrafficVolume,2;1;5,Application;Protocol;TrafficVolume,2,0.5,0.630095478433528,-0.18148486067047953,-1.3038756369745874,-0.06233506241404069,0.24237045197706708,2.8708806550894317,8.479556326758077,0.11695135918910537,0.06233614644829889,0.5918678476573883
257856,257856,1431266,1,1,5.621669329334578,3;1;4,ConnectionState;Protocol;Ports,2;3;1,Application;ConnectionState;Protocol,2,0.5,0.6300954784335282,-0.1814848606704793,1.848084826592887,0.2630461052153716,0.19699748508091022,2.8708806550894317,8.479556326758077,3.0350091043783687,0.2630450211811136,0.5497201800702993
258369,258369,2808151,1,1,2.750193697457816,4;1;5,Ports;Protocol;TrafficVolume,2;1;3,Application;Protocol;ConnectionState,1,0.2,0.630095478433528,-0.18148486067047953,0.049936817686782924,-0.8540418288773717,0.24075779620299498,2.8708806550894317,8.479556326758077,1.2368610954722645,0.9781080018057897,0.5934805034314606
258632,258632,580788,1,1,3.645804249369341,1;5;2,Protocol;TrafficVolume;Application,2;1;3,Application;Protocol;ConnectionState,2,0.5,0.6300954784335281,-0.18148486067047953,-0.0744036946923547,0.17401704818603747,0.23264998343024867,2.8708806550894317,8.479556326758077,1.112520583093127,0.19008213415318378,0.6176258832541422
259134,259134,195430,1,1,5.506654409988679,3;1;5,ConnectionState;Protocol;TrafficVolume,2;3;1,Application;ConnectionState;Protocol,2,0.5,0.6300954784335281,-0.1814848606704793,1.848084826592887,0.14803119059332626,0.19699748035705605,2.8708806550894317,8.479556326758077,3.0350091043783687,0.14803010655906806,0.5497201847941535
259209,259209,2789522,1,1,2.2646134047432125,3;1;5,ConnectionState;Protocol;TrafficVolume,2;1;5,Application;Protocol;TrafficVolume,2,0.5,0.630095478433528,-0.18148486067047953,-1.3038756369745874,0.012577677295322777,0.24237045197706705,2.8708806550894317,8.479556326758077,0.11695135918910537,0.07860596946140261,0.5918678476573883
260155,260155,2358805,1,1,2.4420836628138276,3;1;5,ConnectionState;Protocol;TrafficVolume,2;1;5,Application;Protocol;TrafficVolume,2,0.5,0.630095478433528,-0.18148486067047953,-1.3038756369745874,0.19004793536593786,0.24237045197706705,2.8708806550894317,8.479556326758077,0.11695135918910537,0.19571215493801594,0.5918678476573883
260523,260523,504694,1,1,2.8328768785154246,3;1;4,ConnectionState;Protocol;Ports,2;1;3,Application;Protocol;ConnectionState,2,0.5,0.6300954784335281,-0.18148486067047953,-0.7641960350411057,0.19656331155453802,0.08696868955658221,2.8708806550894317,8.479556326758077,0.42272824274437615,0.19656222752027985,0.33288181239019154
261384,261384,313870,1,1,5.461428129863213,3;1;5,ConnectionState;Protocol;TrafficVolume,2;3;1,Application;ConnectionState;Protocol,2,0.5,0.6300954784335282,-0.1814848606704793,1.848084826592887,0.10280487976280915,0.1969975110621079,2.8708806550894317,8.479556326758077,3.0350091043783687,0.10280379572855125,0.5497201540891015
261549,261549,3127234,1,1,5.61216134269767,3;1;4,ConnectionState;Protocol;Ports,2;3;1,Application;ConnectionState;Protocol,2,0.5,0.6300954784335282,-0.1814848606704793,1.848084826592887,0.25353812265815456,0.19699748100121803,2.8708806550894317,8.479556326758077,3.0350091043783687,0.25353703862389654,0.5497201841499915
261599,261599,2655556,1,0,-2.2905354874999198,3;1;5,ConnectionState;Protocol;TrafficVolume,2;3;1,Application;ConnectionState;Protocol,2,0.5,0.6300954784335281,-0.18148486067047953,-6.018059454933889,0.17322525878556488,0.24075779620299498,2.8708806550894317,8.479556326758077,4.831135177148409,0.21259467436242496,0.5934805034314606
261641,261641,2950597,1,1,5.236166633959423,3;1;5,ConnectionState;Protocol;TrafficVolume,2;3;1,Application;ConnectionState;Protocol,2,0.5,0.6300954784335282,-0.1814848606704793,1.848084826592887,-0.12568228262234887,0.20022317754347532,2.8708806550894317,8.479556326758077,3.0350091043783687,0.12568336665660718,0.5464944876077342
262603,262603,2836707,1,1,2.119178722437501,3;1;5,ConnectionState;Protocol;TrafficVolume,2;1;5,Application;Protocol;TrafficVolume,2,0.5,0.630095478433528,-0.18148486067047953,-1.3038756369745874,-0.13285700501038858,0.24237045197706705,2.8708806550894317,8.479556326758077,0.11695135918910537,0.13285808904464663,0.5918678476573883
262668,262668,435033,1,1,1.117418646139102,2;3;1,Application;ConnectionState;Protocol,2;1;5,Application;Protocol;TrafficVolume,2,0.5,0.630095478433528,-1.1512184560095486,-0.9486739447275768,0.17872564816115977,-0.4564403744008216,2.8708806550894317,9.449289922097146,0.23825033305790488,0.20709428498683,0.7560934733219518
262892,262892,2828084,1,1,2.367746862621802,3;1;5,ConnectionState;Protocol;TrafficVolume,2;1;5,Application;Protocol;TrafficVolume,2,0.5,0.630095478433528,-0.18148486067047953,-1.3038756369745874,0.11571113517391217,0.24237045197706705,2.8708806550894317,8.479556326758077,0.11695135918910537,0.20895561581158467,0.5918678476573883
263094,263094,1786038,1,1,2.435880351773113,3;1;5,ConnectionState;Protocol;TrafficVolume,2;1;5,Application;Protocol;TrafficVolume,2,0.5,0.630095478433528,-0.18148486067047953,-1.3038756369745874,0.1838446243252232,0.24237045197706705,2.8708806550894317,8.479556326758077,0.11695135918910537,0.18384354029096522,0.5918678476573883
264132,264132,2475179,1,1,5.300212847859168,3;1;5,ConnectionState;Protocol;TrafficVolume,2;3;1,Application;ConnectionState;Protocol,2,0.5,0.6300954784335282,-0.1814848606704793,1.848084826592887,-0.06002336764247573,0.19861047646334737,2.8708806550894317,8.479556326758077,3.0350091043783687,0.0600244516767338,0.5481071886878621
264429,264429,1795619,1,0,-2.3110958346500343,3;1;5,ConnectionState;Protocol;TrafficVolume,2;3;1,Application;ConnectionState;Protocol,2,0.5,0.6300954784335281,-0.18148486067047953,-6.018059454933889,0.15266491163545082,0.24075779620299498,2.8708806550894317,8.479556326758077,4.831135177148409,0.2331550215125389,0.5934805034314606
264658,264658,2289508,1,1,5.293364308595061,3;1;5,ConnectionState;Protocol;TrafficVolume,2;3;1,Application;ConnectionState;Protocol,2,0.5,0.6300954784335281,-0.1814848606704793,1.8480848265928873,-0.06848423115198199,0.2002228007087472,2.8708806550894317,8.479556326758077,3.0350091043783687,0.06848531518624015,0.5464948644424625
266312,266312,2411560,1,1,4.875163709649428,3;1;2,ConnectionState;Protocol;Application,2;1;3,Application;Protocol;ConnectionState,3,1.0,0.6300954784335281,-0.18148486067047934,1.2681788538573024,0.1345150568375242,0.15892888650919115,2.8708806550894317,8.479556326758077,2.4551031316427845,0.22958412550169735,0.4761730771402872
266565,266565,128180,1,1,1.2206347809168328,3;4;1,ConnectionState;Ports;Protocol,2;1;4,Application;Protocol;Ports,2,0.5,0.630095478433528,-0.18148486067047953,-1.3038756369745874,-1.033013602305129,0.24398310775113954,2.8708806550894317,8.479556326758077,0.11695135918910537,1.0330146863393874,0.590255191883316
266695,266695,1465098,1,1,1.3726698715046124,2;3;1,Application;ConnectionState;Protocol,2;1;5,Application;Protocol;TrafficVolume,2,0.5,0.630095478433528,-1.1512184560095486,-0.9486739447275768,0.20139811710478694,-0.22386161797893822,2.8708806550894317,9.449289922097146,0.23825033305790488,0.2013970330705289,0.25661962239511016
267419,267419,785431,1,1,6.294766194515793,3;1;2,ConnectionState;Protocol;Application,2;3;1,Application;ConnectionState;Protocol,3,1.0,0.6300954784335282,-0.1814848606704793,2.743394182523506,0.14568977388754512,0.09214132565933135,2.8708806550894317,8.479556326758077,3.9303184603089885,0.21840940845167633,0.34303780963991026
267624,267624,3257095,1,1,5.561959211727819,3;1;4,ConnectionState;Protocol;Ports,2;3;1,Application;ConnectionState;Protocol,2,0.5,0.6300954784335281,-0.1814848606704793,1.848084826592887,0.20333596688807007,0.19699750580145212,2.8708806550894317,8.479556326758077,3.0350091043783687,0.20333488285381207,0.5497201593497574
267662,267662,1376239,1,1,6.306180075550659,3;1;2,ConnectionState;Protocol;Application,2;3;1,Application;ConnectionState;Protocol,3,1.0,0.6300954784335282,-0.1814848606704793,2.743394182523506,0.1568786938226108,0.09236628675913218,2.8708806550894317,8.479556326758077,3.9303184603089885,0.20722048851661068,0.343262770739711
268971,268971,584809,1,1,3.605757365736714,1;5;2,Protocol;TrafficVolume;Application,2;1;3,Application;Protocol;ConnectionState,2,0.5,0.6300954784335281,-0.18148486067047953,-0.07440369469235465,0.16780296380157855,0.19881718418208028,2.8708806550894317,8.479556326758077,1.112520583093127,0.21801696934641096,0.5418573197974025
269262,269262,2451486,1,1,2.419742861656589,3;1;5,ConnectionState;Protocol;TrafficVolume,2;1;5,Application;Protocol;TrafficVolume,2,0.5,0.630095478433528,-0.18148486067047953,-1.3038756369745874,0.1677071342086993,0.24237045197706705,2.8708806550894317,8.479556326758077,0.11695135918910537,0.1801762885789907,0.5918678476573883
269454,269454,2406181,1,1,2.395698606097163,3;1;5,ConnectionState;Protocol;TrafficVolume,2;1;5,Application;Protocol;TrafficVolume,2,0.5,0.630095478433528,-0.18148486067047953,-1.3038756369745874,0.14366287864927335,0.24237045197706705,2.8708806550894317,8.479556326758077,0.11695135918910537,0.16915619007689522,0.5918678476573883
270198,270198,190484,1,1,5.508809563680378,3;1;5,ConnectionState;Protocol;TrafficVolume,2;3;1,Application;ConnectionState;Protocol,2,0.5,0.6300954784335281,-0.1814848606704793,1.848084826592887,0.15018633269011003,0.19699749195197055,2.8708806550894317,8.479556326758077,3.0350091043783687,0.150185248655852,0.5497201731992387
271311,271311,209200,1,1,5.503136453622736,3;1;5,ConnectionState;Protocol;TrafficVolume,2;3;1,Application;ConnectionState;Protocol,2,0.5,0.6300954784335281,-0.1814848606704793,1.848084826592887,0.1445132345494644,0.19699748003497497,2.8708806550894317,8.479556326758077,3.0350091043783687,0.14451215051520644,0.5497201851162343
271331,271331,2626187,1,1,2.39847095644703,3;1;5,ConnectionState;Protocol;TrafficVolume,2;1;5,Application;Protocol;TrafficVolume,2,0.5,0.630095478433528,-0.18148486067047953,-1.3038756369745874,0.1464352289991404,0.24237045197706705,2.8708806550894317,8.479556326758077,0.11695135918910537,0.2176639533400811,0.5918678476573883
272056,272056,1942232,1,1,2.0139945623695725,2;3;1,Application;ConnectionState;Protocol,2;1;5,Application;Protocol;TrafficVolume,2,0.5,0.630095478433528,-1.1512184560095486,-0.9486739447275768,0.17907352782684122,0.4397876621639676,2.8708806550894317,9.449289922097146,0.23825033305790488,0.20674640532114832,1.3015827255015897
272163,272163,2292102,1,1,5.534285748541002,3;1;5,ConnectionState;Protocol;TrafficVolume,2;3;1,Application;ConnectionState;Protocol,2,0.5,0.6300954784335282,-0.1814848606704793,1.848084826592887,0.1724372072909137,0.20022280221179134,2.8708806550894317,8.479556326758077,3.0350091043783687,0.2133827258570761,0.546494862939418
272471,272471,1930783,1,1,1.4227710659732178,2;3;1,Application;ConnectionState;Protocol,2;1;5,Application;Protocol;TrafficVolume,2,0.5,0.630095478433528,-1.1512184560095486,-0.9486739447275768,0.17613785653012382,-0.14850016293566973,2.8708806550894317,9.449289922097146,0.23825033305790488,0.20968207661786592,0.24737718903827427
272925,272925,2093199,1,1,1.2070430679733066,2;3;1,Application;ConnectionState;Protocol,2;1;5,Application;Protocol;TrafficVolume,2,0.5,0.630095478433528,-1.1512184560095486,-0.9486739447275768,0.1611542198319295,-0.34924452423738683,2.8708806550894317,9.449289922097146,0.23825033305790488,0.2246657133160601,0.530367168324138
273554,273554,3267565,1,1,5.559550516228285,3;1;4,ConnectionState;Protocol;Ports,2;3;1,Application;ConnectionState;Protocol,2,0.5,0.6300954784335281,-0.1814848606704793,1.848084826592887,0.20092728180248803,0.1969974953875011,2.8708806550894317,8.479556326758077,3.0350091043783687,0.2009261977682298,0.5497201697637084
273606,273606,3098268,1,1,0.8133916229958311,4;3;1,Ports;ConnectionState;Protocol,2;1;4,Application;Protocol;Ports,2,0.5,0.630095478433528,-0.18148486067047953,-1.3038756369745874,-1.4402567602261311,0.24398310775113952,2.8708806550894317,8.479556326758077,0.11695135918910537,1.501147432805102,0.590255191883316
273607,273607,340143,1,1,5.450303762863721,3;1;5,ConnectionState;Protocol;TrafficVolume,2;3;1,Application;ConnectionState;Protocol,2,0.5,0.6300954784335281,-0.1814848606704793,1.848084826592887,0.09168054003283842,0.19699748379258605,2.8708806550894317,8.479556326758077,3.0350091043783687,0.09167945599858053,0.5497201813586232
273805,273805,3127969,1,1,5.611527506017629,3;1;4,ConnectionState;Protocol;Ports,2;3;1,Application;ConnectionState;Protocol,2,0.5,0.6300954784335281,-0.1814848606704793,1.848084826592887,0.2529042618220423,0.19699750515729011,2.8708806550894317,8.479556326758077,3.0350091043783687,0.25290317778778415,0.5497201599939192
274183,274183,1434451,1,1,5.6216376591250885,3;1;4,ConnectionState;Protocol;Ports,2;3;1,Application;ConnectionState;Protocol,2,0.5,0.6300954784335282,-0.1814848606704793,1.848084826592887,0.26301442094167893,0.19699749914511247,2.8708806550894317,8.479556326758077,3.0350091043783687,0.2630133369074209,0.5497201660060973
274462,274462,2539115,1,1,2.309671108429731,3;1;5,ConnectionState;Protocol;TrafficVolume,2;1;5,Application;Protocol;TrafficVolume,2,0.5,0.6300954784335281,-0.18148486067047953,-1.3038756369745874,0.05763538098184104,0.24237045197706705,2.8708806550894317,8.479556326758077,0.11695135918910537,0.09350470989174177,0.5918678476573883
274472,274472,3253547,1,1,5.561071791878641,3;1;4,ConnectionState;Protocol;Ports,2;3;1,Application;ConnectionState;Protocol,2,0.5,0.6300954784335281,-0.1814848606704793,1.848084826592887,0.20244855680868135,0.1969974960316632,2.8708806550894317,8.479556326758077,3.0350091043783687,0.2024474727744235,0.5497201691195466
274989,274989,1813146,1,1,0.6581151698160048,2;3;5,Application;ConnectionState;TrafficVolume,2;1;5,Application;Protocol;TrafficVolume,2,0.5,0.630095478433528,-1.1512184560095486,-0.9486739447275767,0.17636859205170907,-0.913386794614468,2.8708806550894317,9.449289922097146,0.23825033305790488,0.2094513410962806,0.9582397414343014
275547,275547,1366236,1,1,6.313473437779155,3;1;2,ConnectionState;Protocol;Application,2;3;1,Application;ConnectionState;Protocol,3,1.0,0.6300954784335282,-0.1814848606704793,2.743394182523506,0.16452670197759914,0.0920116408326397,2.8708806550894317,8.479556326758077,3.9303184603089885,0.19957248036162245,0.3429081248132182
276057,276057,123596,1,1,1.1995508487559456,3;4;1,ConnectionState;Ports;Protocol,2;1;4,Application;Protocol;Ports,2,0.5,0.630095478433528,-0.18148486067047953,-1.3038756369745874,-1.0540975344660164,0.24398310775113954,2.8708806550894317,8.479556326758077,0.11695135918910537,1.088066648669564,0.590255191883316
276619,276619,2519246,1,0,-2.3044488639956686,3;1;5,ConnectionState;Protocol;TrafficVolume,2;3;1,Application;ConnectionState;Protocol,2,0.5,0.6300954784335281,-0.18148486067047953,-6.018059454933889,0.15931188228981566,0.24075779620299498,2.8708806550894317,8.479556326758077,4.831135177148409,0.22650805085817394,0.5934805034314606
277784,277784,2011270,1,1,0.5003641791604441,1;2;3,Protocol;Application;ConnectionState,2;1;5,Application;Protocol;TrafficVolume,2,0.5,-7.698729316728816,6.009024690103391,-0.9486739447275769,0.1557055295897236,0.11810692624135988,5.45794414007291,16.073237693339912,0.23825033305790488,0.2317300102397625,0.398251403188513
277833,277833,559248,1,1,2.8973029207395222,3;1;5,ConnectionState;Protocol;TrafficVolume,2;1;5,Application;Protocol;TrafficVolume,2,0.5,0.630095478433528,-0.18148486067047953,-0.7641960350411057,0.14793323861950694,0.20002480471571096,2.8708806550894317,8.479556326758077,0.42272824274437615,0.21616594371971462,0.5366209347102375
277881,277881,2107749,1,1,1.4763259568139504,2;3;1,Application;ConnectionState;Protocol,2;1;5,Application;Protocol;TrafficVolume,2,0.5,0.630095478433528,-1.1512184560095486,-0.9486739447275768,0.16719950072419587,-0.0860069162890093,2.8708806550894317,9.449289922097146,0.23825033305790488,0.21862043242379386,0.30986502996152987
278137,278137,1308090,1,1,2.7895436370237254,3;1;2,ConnectionState;Protocol;Application,2;1;3,Application;Protocol;ConnectionState,3,1.0,0.630095478433528,-0.18148486067047953,-0.7641960350411057,0.1532595020003735,0.08693925761904797,2.8708806550894317,8.479556326758077,0.42272824274437615,0.23256043114761618,0.3378357415996265
278244,278244,74676,1,1,1.653058981589871,3;1;4,ConnectionState;Protocol;Ports,2;1;4,Application;Protocol;Ports,2,0.5,0.630095478433528,-0.18148486067047953,-1.3038756369745874,-0.6005894016320911,0.24398310775113954,2.8708806550894317,8.479556326758077,0.11695135918910537,0.600590485666349,0.590255191883316
278557,278557,2918015,1,1,0.9849383859547147,3;4;1,ConnectionState;Ports;Protocol,2;1;4,Application;Protocol;Ports,2,0.5,0.630095478433528,-0.18148486067047953,-1.3038756369745874,-1.2687099972672478,0.24398310775113952,2.8708806550894317,8.479556326758077,0.11695135918910537,1.268711081301506,0.590255191883316
278801,278801,2042942,1,1,1.28839417040078,2;3;1,Application;ConnectionState;Protocol,2;1;5,Application;Protocol;TrafficVolume,2,0.5,0.630095478433528,-1.1512184560095486,-0.9486739447275768,0.15844573538088239,-0.2651849373588661,2.8708806550894317,9.449289922097146,0.23825033305790488,0.22737419776710724,0.701914075892822
278816,278816,148580,1,1,1.1721132194992248,3;4;1,ConnectionState;Ports;Protocol,2;1;4,Application;Protocol;Ports,2,0.5,0.6300954784335282,-0.18148486067047953,-1.3038756369745874,-1.0815351637227375,0.24398310775113954,2.8708806550894317,8.479556326758077,0.11695135918910537,1.0815362477569954,0.590255191883316
278894,278894,3017532,1,1,1.5382725547212985,3;4;1,ConnectionState;Ports;Protocol,2;1;4,Application;Protocol;Ports,2,0.5,0.6300954784335282,-0.18148486067047953,-1.3038756369745874,-0.7153758285006635,0.24398310775113954,2.8708806550894317,8.479556326758077,0.11695135918910537,0.7463844245400506,0.590255191883316
279523,279523,1780951,1,1,0.5030138004362259,4;3;1,Ports;ConnectionState;Protocol,2;1;4,Application;Protocol;Ports,2,0.5,0.630095478433528,-0.18148486067047953,-1.3038756369745874,-1.750634582785736,0.24398310775113952,2.8708806550894317,8.479556326758077,0.11695135918910537,1.7506356668199943,0.590255191883316
279869,279869,1254656,1,0,-0.42938781911404744,1;2;3,Protocol;Application;ConnectionState,2;1;5,Application;Protocol;TrafficVolume,2,0.5,-7.698729316728816,4.981301397145514,-0.9486739447275767,0.1693349240623941,0.20244882645207465,5.45794414007291,15.045514400382036,0.23825033305790488,0.21810061576709186,0.5261393551839544
280586,280586,1007679,1,1,2.9721023549701515,3;2;5,ConnectionState;Application;TrafficVolume,2;3;1,Application;ConnectionState;Protocol,2,0.5,0.6300954784335282,-1.8697164196210028,2.743394182523506,0.15535938601071647,-1.5519605670589571,2.8708806550894317,10.167787885708602,3.9303184603089885,0.2087397963285051,1.9723672426612728
283202,283202,1328915,1,1,2.660821185240217,3;1;4,ConnectionState;Protocol;Ports,2;1;3,Application;Protocol;ConnectionState,2,0.5,0.6300954784335281,-0.18148486067047953,-0.7641960350411057,0.1908801078439639,-0.07940380000805106,2.8708806550894317,8.479556326758077,0.42272824274437615,0.19493982530402584,0.2685041853650865
283605,283605,1028234,1,1,6.359701494736072,3;1;2,ConnectionState;Protocol;Application,2;3;1,Application;ConnectionState;Protocol,3,1.0,0.6300954784335281,-0.1814848606704793,2.743394182523506,0.17635280610396029,0.1264135936631945,2.8708806550894317,8.479556326758077,3.9303184603089885,0.1877463762352611,0.41923922416213055
283677,283677,1165708,1,1,2.840016940253068,3;1;2,ConnectionState;Protocol;Application,2;1;3,Application;Protocol;ConnectionState,3,1.0,0.630095478433528,-0.18148486067047953,-0.7641960350411057,0.16985828939501113,0.12081377345375265,2.8708806550894317,8.479556326758077,0.42272824274437615,0.2159616437529786,0.4136394039526887
283838,283838,1821021,1,1,2.547688319124017,3;1;4,ConnectionState;Protocol;Ports,2;1;5,Application;Protocol;TrafficVolume,1,0.2,0.6300954784335281,-0.18148486067047953,-0.9486739447275768,0.18432365782728063,-0.001502306421096803,2.8708806550894317,8.479556326758077,0.23825033305790488,0.20149627532070918,0.25998463435845504
284417,284417,2536750,1,1,2.39209814788929,3;1;5,ConnectionState;Protocol;TrafficVolume,2;1;5,Application;Protocol;TrafficVolume,2,0.5,0.630095478433528,-0.18148486067047953,-1.3038756369745874,0.14006242044140027,0.24237045197706705,2.8708806550894317,8.479556326758077,0.11695135918910537,0.15881469164539233,0.5918678476573883
284827,284827,644359,1,1,3.6343045379985632,1;5;2,Protocol;TrafficVolume;Application,2;1;3,Application;Protocol;ConnectionState,2,0.5,0.6300954784335281,-0.18148486067047953,-0.0744036946923547,0.1625173368152595,0.23264998343024867,2.8708806550894317,8.479556326758077,1.112520583093127,0.22330259633273,0.6176258832541422
285352,285352,1824671,1,1,1.3468836962660107,2;3;1,Application;ConnectionState;Protocol,2;1;5,Application;Protocol;TrafficVolume,2,0.5,0.630095478433528,-1.1512184560095486,-0.9486739447275768,0.175612488867023,-0.22386216497977612,2.8708806550894317,9.449289922097146,0.23825033305790488,0.21020744428096666,0.25662016939594795
286876,286876,1544039,1,1,0.96568707906042,2;3;1,Application;ConnectionState;Protocol,2;1;5,Application;Protocol;TrafficVolume,2,0.5,0.630095478433528,-1.1512184560095486,-0.9486739447275767,0.1673876398627252,-0.5968339331810691,2.8708806550894317,9.449289922097146,0.23825033305790488,0.21843229328526448,0.6763590514378148
286943,286943,2895153,1,1,5.419669157348875,3;1;5,ConnectionState;Protocol;TrafficVolume,2;3;1,Application;ConnectionState;Protocol,2,0.5,0.6300954784335281,-0.1814848606704793,1.848084826592887,0.05943133681042556,0.1986120815001531,2.8708806550894317,8.479556326758077,3.0350091043783687,0.07842499365443997,0.5481055836510564
287573,287573,175155,1,1,5.5147995854974585,3;1;5,ConnectionState;Protocol;TrafficVolume,2;3;1,Application;ConnectionState;Protocol,2,0.5,0.6300954784335282,-0.1814848606704793,1.848084826592887,0.15617636545794333,0.19699748100121803,2.8708806550894317,8.479556326758077,3.0350091043783687,0.1561752814236853,0.5497201841499915
287708,287708,1649615,1,1,2.5511451384823065,3;1;4,ConnectionState;Protocol;Ports,2;1;5,Application;Protocol;TrafficVolume,1,0.2,0.6300954784335281,-0.18148486067047953,-0.9486739447275768,0.18778114657717415,-0.0015029758127007872,2.8708806550894317,8.479556326758077,0.23825033305790488,0.19803878657081542,0.2599853037500593
287763,287763,998807,1,1,6.30116970613731,3;1;2,ConnectionState;Protocol;Application,2;3;1,Application;ConnectionState;Protocol,3,1.0,0.6300954784335282,-0.1814848606704793,2.7433941825235064,0.15213618196965936,0.09209842919873434,2.8708806550894317,8.479556326758077,3.9303184603089885,0.21196300036956217,0.3429949131793131
288291,288291,1647254,1,1,1.3863783477377227,2;3;1,Application;ConnectionState;Protocol,2;1;5,Application;Protocol;TrafficVolume,2,0.5,0.630095478433528,-1.1512184560095486,-0.9486739447275768,0.16790945884991126,-0.17666448349095232,2.8708806550894317,9.449289922097146,0.23825033305790488,0.21791047429807853,0.2924744385979309
289980,289980,2399489,1,1,2.3199729863816954,3;1;5,ConnectionState;Protocol;TrafficVolume,2;1;5,Application;Protocol;TrafficVolume,2,0.5,0.630095478433528,-0.18148486067047953,-1.3038756369745874,0.0679372589338057,0.24237045197706705,2.8708806550894317,8.479556326758077,0.11695135918910537,0.15063888727823682,0.5918678476573883
290534,290534,2555920,1,1,2.429572386154457,3;1;5,ConnectionState;Protocol;TrafficVolume,2;1;5,Application;Protocol;TrafficVolume,2,0.5,0.630095478433528,-0.18148486067047953,-1.3038756369745874,0.17753665870656746,0.24237045197706705,2.8708806550894317,8.479556326758077,0.11695135918910537,0.18656252363265383,0.5918678476573883
290688,290688,1229183,1,1,2.905806739235691,3;1;4,ConnectionState;Protocol;Ports,2;1;5,Application;Protocol;TrafficVolume,1,0.2,0.6300954784335281,-0.18148486067047953,-0.7641960350411057,0.19027309481232454,0.16618876701906207,2.8708806550894317,8.479556326758077,0.42272824274437615,0.19554683833566502,0.4608556388404971
291003,291003,2394699,1,1,2.1784657920164427,3;1;5,ConnectionState;Protocol;TrafficVolume,2;1;5,Application;Protocol;TrafficVolume,2,0.5,0.630095478433528,-0.18148486067047953,-1.3038756369745874,-0.07356993543144698,0.24237045197706705,2.8708806550894317,8.479556326758077,0.11695135918910537,0.07501238270761049,0.5918678476573883
291039,291039,830420,1,0,-0.43892503434043784,1;2;3,Protocol;Application;ConnectionState,2;1;5,Application;Protocol;TrafficVolume,2,0.5,-7.698729316728816,4.981301397145514,-0.9486739447275767,0.16055453444566117,0.2016920008424172,5.45794414007291,15.045514400382036,0.23825033305790488,0.2268810053838249,0.5294141622249273
291645,291645,646771,1,1,6.294191328938838,3;1;2,ConnectionState;Protocol;Application,2;3;1,Application;ConnectionState;Protocol,3,1.0,0.6300954784335281,-0.1814848606704793,2.743394182523506,0.1445715912201522,0.09268464274976852,2.8708806550894317,8.479556326758077,3.9303184603089885,0.21952759111906922,0.34358112673034735
291770,291770,340257,1,1,5.451127785646081,3;1;5,ConnectionState;Protocol;TrafficVolume,2;3;1,Application;ConnectionState;Protocol,2,0.5,0.6300954784335282,-0.1814848606704793,1.848084826592887,0.09250456592864699,0.19699748067913705,2.8708806550894317,8.479556326758077,3.0350091043783687,0.092503481894389,0.5497201844720725
291771,291771,2461346,1,1,5.538591112766999,3;1;5,ConnectionState;Protocol;TrafficVolume,2;3;1,Application;ConnectionState;Protocol,2,0.5,0.6300954784335281,-0.1814848606704793,1.8480848265928873,0.17835422883999313,0.19861114488870865,2.8708806550894317,8.479556326758077,3.0350091043783687,0.20549109059810852,0.5481065202625008
293170,293170,715975,1,1,2.9398323606317835,3;1;5,ConnectionState;Protocol;TrafficVolume,2;1;5,Application;Protocol;TrafficVolume,2,0.5,0.6300954784335281,-0.18148486067047953,-0.7641960350411057,0.19368798673174314,0.19679949649573641,2.8708806550894317,8.479556326758077,0.42272824274437615,0.19368690269748493,0.5398462429302122
293924,293924,1243368,1,0,-97.516468759708,5;3;1,TrafficVolume;ConnectionState;Protocol,5;2;1,TrafficVolume;Application;Protocol,2,0.5,0.63009547843353,-0.18148486067047975,-1.3038756369745843,0.24374490225639686,-99.76987893743521,2.8708806550894317,8.479556326758077,0.11695135918910537,0.24374381822214022,183.38826948135747
294970,294970,608598,1,1,6.327307633230547,3;1;2,ConnectionState;Protocol;Application,2;3;1,Application;ConnectionState;Protocol,3,1.0,0.6300954784335281,-0.1814848606704793,2.7433941825235064,0.1775632819573143,0.09280925630431658,2.8708806550894317,8.479556326758077,3.9303184603089885,0.18653590038190732,0.3437057402848954
295196,295196,1445010,1,1,0.5587286079545715,2;5;3,Application;TrafficVolume;ConnectionState,2;1;5,Application;Protocol;TrafficVolume,2,0.5,0.630095478433528,-1.1512184560095486,-0.9486739447275767,0.18646417720949773,-1.02286894163369,2.8708806550894317,9.449289922097146,0.23825033305790488,0.1993557559384919,1.0491763109045131
295619,295619,1656067,1,1,1.0123713798051772,3;4;1,ConnectionState;Ports;Protocol,2;1;4,Application;Protocol;Ports,2,0.5,0.630095478433528,-0.18148486067047953,-1.3038756369745874,-1.241277003416785,0.24398310775113952,2.8708806550894317,8.479556326758077,0.11695135918910537,1.241278087451043,0.590255191883316
295757,295757,1752428,1,1,1.3046441644005335,3;4;1,ConnectionState;Ports;Protocol,2;1;4,Application;Protocol;Ports,2,0.5,0.630095478433528,-0.18148486067047953,-1.3038756369745874,-0.9490042188214283,0.24398310775113954,2.8708806550894317,8.479556326758077,0.11695135918910537,0.9490053028556866,0.590255191883316
296474,296474,1503586,1,1,1.3595108866898868,2;3;1,Application;ConnectionState;Protocol,2;1;5,Application;Protocol;TrafficVolume,2,0.5,0.630095478433528,-1.1512184560095486,-0.9486739447275768,0.1887431381603345,-0.22436562384921152,2.8708806550894317,9.449289922097146,0.23825033305790488,0.19707679498765512,0.2571236282653833
296478,296478,2433221,1,1,2.4122942461899672,3;1;5,ConnectionState;Protocol;TrafficVolume,2;1;5,Application;Protocol;TrafficVolume,2,0.5,0.6300954784335281,-0.18148486067047953,-1.3038756369745874,0.16025851874207747,0.24237045197706705,2.8708806550894317,8.479556326758077,0.11695135918910537,0.17039191621711927,0.5918678476573883
296618,296618,408131,1,1,5.423142639142864,3;1;5,ConnectionState;Protocol;TrafficVolume,2;3;1,Application;ConnectionState;Protocol,2,0.5,0.6300954784335281,-0.1814848606704793,1.848084826592887,0.06451939849016775,0.19699750161439966,2.8708806550894317,8.479556326758077,3.0350091043783687,0.06451831445590968,0.5497201635368099
296913,296913,67378,1,1,5.177937824945533,3;1;5,ConnectionState;Protocol;TrafficVolume,2;3;1,Application;ConnectionState;Protocol,2,0.5,0.6300954784335281,-0.1814848606704793,1.848084826592887,-0.18391071007765625,0.20022279598489306,2.8708806550894317,8.479556326758077,3.0350091043783687,0.18391179411191427,0.5464948691663165
297557,297557,1480293,1,1,2.437628279951956,3;1;5,ConnectionState;Protocol;TrafficVolume,2;1;5,Application;Protocol;TrafficVolume,2,0.5,0.6300954784335281,-0.18148486067047953,-1.3038756369745872,0.17914191976852895,0.24882108471260395,2.8708806550894317,8.479556326758077,0.11695135918910537,0.21020839092680935,0.5854172149218513
298277,298277,1498641,1,1,2.399488103805628,3;1;4,ConnectionState;Protocol;Ports,2;1;5,Application;Protocol;TrafficVolume,1,0.2,0.630095478433528,-0.18148486067047953,-1.3038756369745874,0.2018995825009413,0.18792324583386405,2.8708806550894317,8.479556326758077,0.11695135918910537,0.2018984984666832,0.4271123720985532
298552,298552,2357273,1,1,5.3401597233250815,3;1;5,ConnectionState;Protocol;TrafficVolume,2;3;1,Application;ConnectionState;Protocol,2,0.5,0.6300954784335281,-0.1814848606704793,1.8480848265928873,-0.02007615066337931,0.198610134950165,2.8708806550894317,8.479556326758077,3.0350091043783687,0.02007723469763749,0.5481075302010447
298665,298665,505235,1,0,-0.44127771891713685,1;2;3,Protocol;Application;ConnectionState,2;1;5,Application;Protocol;TrafficVolume,2,0.5,-7.698729316728816,4.981301397145514,-0.9486739447275767,0.1559309390294172,0.20396291168196254,5.45794414007291,15.045514400382036,0.23825033305790488,0.23150460080006896,0.5195893070914359
299313,299313,2902263,1,1,4.7561762862837735,3;1;4,ConnectionState;Protocol;Ports,2;3;1,Application;ConnectionState;Protocol,2,0.5,0.6300954784335281,-0.1814848606704793,1.848084826592887,-0.6040599395244611,0.1986104867699383,2.8708806550894317,8.479556326758077,3.0350091043783687,0.6209261968617981,0.5481071783812712
299753,299753,60664,1,1,1.9105479908557814,4;1;5,Ports;Protocol;TrafficVolume,2;1;4,Application;Protocol;Ports,2,0.5,0.630095478433528,-0.18148486067047953,0.04993681768678283,-1.6936875354794059,0.24075779620299492,2.8708806550894317,8.479556326758077,1.2368610954722645,1.693688619513664,0.5934805034314606
300143,300143,157680,1,1,5.5209163849146865,3;1;5,ConnectionState;Protocol;TrafficVolume,2;3;1,Application;ConnectionState;Protocol,2,0.5,0.6300954784335281,-0.1814848606704793,1.848084826592887,0.1622931665929368,0.1969974792834528,2.8708806550894317,8.479556326758077,3.0350091043783687,0.16229208255867883,0.5497201858677567
300608,300608,215963,1,1,5.500505934322202,3;1;5,ConnectionState;Protocol;TrafficVolume,2;3;1,Application;ConnectionState;Protocol,2,0.5,0.6300954784335281,-0.1814848606704793,1.848084826592887,0.1418826989301618,0.19699749635374372,2.8708806550894317,8.479556326758077,3.0350091043783687,0.14188161489590392,0.5497201687974655
300932,300932,990257,1,1,6.304921851273366,3;1;2,ConnectionState;Protocol;Application,2;3;1,Application;ConnectionState;Protocol,3,1.0,0.6300954784335281,-0.1814848606704793,2.7433941825235064,0.155906051865345,0.09208070443910432,2.8708806550894317,8.479556326758077,3.9303184603089885,0.2081931304738764,0.34297718841968305
301263,301263,1941750,1,1,0.500323740126043,1;2;3,Protocol;Application;ConnectionState,2;1;5,Application;Protocol;TrafficVolume,2,0.5,-7.698729316728816,6.009024690103391,-0.9486739447275769,0.15566470856729836,0.11810730822938352,5.45794414007291,16.073237693339912,0.23825033305790488,0.2317708312621878,0.3982510212004893
302430,302430,1785080,1,1,5.5325526180622955,3;1;5,ConnectionState;Protocol;TrafficVolume,2;3;1,Application;ConnectionState;Protocol,2,0.5,0.6300954784335282,-0.1814848606704793,1.848084826592887,0.17231674246342885,0.19861013656056947,2.8708806550894317,8.479556326758077,3.0350091043783687,0.2151187973660572,0.5481075285906398
302509,302509,2006809,1,1,0.5162115628919519,1;2;3,Protocol;Application;ConnectionState,2;1;5,Application;Protocol;TrafficVolume,2,0.5,-7.698729316728816,6.009024690103391,-0.9486739447275769,0.17155353783622054,0.11810630172636993,5.45794414007291,16.073237693339912,0.23825033305790488,0.21588200199326557,0.3982520277035029
302883,302883,2617872,1,1,5.457065498468774,3;1;5,ConnectionState;Protocol;TrafficVolume,2;3;1,Application;ConnectionState;Protocol,2,0.5,0.6300954784335281,-0.1814848606704793,1.848084826592887,0.09682962448031264,0.198610134950165,2.8708806550894317,8.479556326758077,3.0350091043783687,0.11324968848764332,0.5481075302010447
303504,303504,3334993,1,1,5.5313118029434865,3;1;5,ConnectionState;Protocol;TrafficVolume,2;3;1,Application;ConnectionState;Protocol,2,0.5,0.6300954784335281,-0.1814848606704793,1.848084826592887,0.17268857173849822,0.19699749216669127,2.8708806550894317,8.479556326758077,3.0350091043783687,0.1726874877042402,0.549720172984518
304330,304330,840657,1,1,2.801380127990654,3;1;2,ConnectionState;Protocol;Application,2;1;3,Application;Protocol;ConnectionState,3,1.0,0.6300954784335281,-0.18148486067047953,-0.7641960350411057,0.16511577754205978,0.08691947304429037,2.8708806550894317,8.479556326758077,0.42272824274437615,0.22070415560593012,0.3378159570248691
304520,304520,1680623,1,1,2.3164637476731667,3;1;5,ConnectionState;Protocol;TrafficVolume,2;1;5,Application;Protocol;TrafficVolume,2,0.5,0.6300954784335281,-0.18148486067047953,-1.3038756369745874,0.06281536445120484,0.2439831077511396,2.8708806550894317,8.479556326758077,0.11695135918910537,0.0628142804169467,0.590255191883316
304721,304721,2626443,1,1,2.369935386742765,3;1;5,ConnectionState;Protocol;TrafficVolume,2;1;5,Application;Protocol;TrafficVolume,2,0.5,0.630095478433528,-0.18148486067047953,-1.3038756369745874,0.11789965929487514,0.24237045197706705,2.8708806550894317,8.479556326758077,0.11695135918910537,0.17798561080506736,0.5918678476573883
306189,306189,772583,1,0,-0.43591491111001757,1;2;3,Protocol;Application;ConnectionState,2;1;5,Application;Protocol;TrafficVolume,2,0.5,-7.698729316728816,4.981301397145514,-0.9486739447275767,0.1635647504353998,0.20169190808309934,5.45794414007291,15.045514400382036,0.23825033305790488,0.22387078939408633,0.529414254984245
307109,307109,1729398,1,1,2.1327970514243657,3;1;5,ConnectionState;Protocol;TrafficVolume,2;1;5,Application;Protocol;TrafficVolume,2,0.5,0.630095478433528,-0.18148486067047953,-1.3038756369745874,-0.11923867602352402,0.24237045197706705,2.8708806550894317,8.479556326758077,0.11695135918910537,0.11923976005778211,0.5918678476573883
307345,307345,1792798,1,1,5.5115251435088215,3;1;5,ConnectionState;Protocol;TrafficVolume,2;3;1,Application;ConnectionState;Protocol,2,0.5,0.6300954784335281,-0.1814848606704793,1.848084826592887,0.1512892694129997,0.1986101350575253,2.8708806550894317,8.479556326758077,3.0350091043783687,0.21496405516821693,0.5481075300936844
307378,307378,3229377,1,1,5.572988452694538,3;1;4,ConnectionState;Protocol;Ports,2;3;1,Application;ConnectionState;Protocol,2,0.5,0.6300954784335282,-0.1814848606704793,1.848084826592887,0.21436523286974385,0.19699748078649731,2.8708806550894317,8.479556326758077,3.0350091043783687,0.21436414883548585,0.5497201843647121
307831,307831,32614,1,1,5.473117289569834,3;1;2,ConnectionState;Protocol;Application,2;3;1,Application;ConnectionState;Protocol,3,1.0,0.6300954784335281,-0.1814848606704793,1.848084826592887,0.1498992327156046,0.1615923178159326,2.8708806550894317,8.479556326758077,3.0350091043783687,0.2055834557093703,0.4755240137688873
308525,308525,3051953,1,1,1.2866591778083751,3;4;1,ConnectionState;Ports;Protocol,2;1;4,Application;Protocol;Ports,2,0.5,0.630095478433528,-0.18148486067047953,-1.3038756369745874,-0.9669892054135868,0.24398310775113954,2.8708806550894317,8.479556326758077,0.11695135918910537,0.9669902894478448,0.590255191883316
308626,308626,907045,1,1,2.914968675660742,3;1;4,ConnectionState;Protocol;Ports,2;1;5,Application;Protocol;TrafficVolume,1,0.2,0.6300954784335281,-0.18148486067047953,-0.7641960350411057,0.19943508674266175,0.1661887115137759,2.8708806550894317,8.479556326758077,0.42272824274437615,0.19943400270840383,0.46085569434578333
308979,308979,2628368,1,1,2.242004351726949,3;1;5,ConnectionState;Protocol;TrafficVolume,2;1;5,Application;Protocol;TrafficVolume,2,0.5,0.630095478433528,-0.18148486067047953,-1.3038756369745874,-0.010031375720940705,0.24237045197706705,2.8708806550894317,8.479556326758077,0.11695135918910537,0.05005457578925134,0.5918678476573883
309538,309538,238810,1,1,5.490744384253876,3;1;5,ConnectionState;Protocol;TrafficVolume,2;3;1,Application;ConnectionState;Protocol,2,0.5,0.6300954784335281,-0.1814848606704793,1.8480848265928873,0.13212116496588355,0.19699748024969566,2.8708806550894317,8.479556326758077,3.0350091043783687,0.1321200809316255,0.5497201849015139
309547,309547,382361,1,1,0.5968244204143272,1;2;3,Protocol;Application;ConnectionState,2;1;5,Application;Protocol;TrafficVolume,2,0.5,-7.698729316728816,6.009024690103391,-0.9486739447275769,0.1778490801489891,0.19242361693597737,5.45794414007291,16.073237693339912,0.23825033305790488,0.20958645968049716,0.5265962237879134
309759,309759,824960,1,1,3.6313617673046696,1;5;2,Protocol;TrafficVolume;Application,2;1;3,Application;Protocol;ConnectionState,2,0.5,0.6300954784335281,-0.18148486067047953,-0.0744036946923547,0.15957456612136595,0.23264998343024867,2.8708806550894317,8.479556326758077,1.112520583093127,0.22624536702662357,0.6176258832541422
309981,309981,859007,1,1,6.299154293373904,3;1;2,ConnectionState;Protocol;Application,2;3;1,Application;ConnectionState;Protocol,3,1.0,0.6300954784335282,-0.1814848606704793,2.743394182523506,0.15019799949765034,0.09202119890733762,2.8708806550894317,8.479556326758077,3.9303184603089885,0.21390118284157128,0.34291768288791624
312172,312172,169419,1,1,5.518634469377227,3;1;5,ConnectionState;Protocol;TrafficVolume,2;3;1,Application;ConnectionState;Protocol,2,0.5,0.6300954784335282,-0.1814848606704793,1.848084826592887,0.16001124987451476,0.19699748046441637,2.8708806550894317,8.479556326758077,3.0350091043783687,0.1600101658402568,0.5497201846867932
312408,312408,2122330,1,1,2.408348436377704,2;3;5,Application;ConnectionState;TrafficVolume,2;1;5,Application;Protocol;TrafficVolume,2,0.5,0.6300954784335281,-1.1512184560095486,-0.9486739447275768,0.185605129186404,0.8276099348125366,2.8708806550894317,9.449289922097146,0.23825033305790488,0.20021480396158578,1.3713978536837965
313253,313253,805916,1,1,6.2984424946577215,3;1;2,ConnectionState;Protocol;Application,2;3;1,Application;ConnectionState;Protocol,3,1.0,0.6300954784335282,-0.1814848606704793,2.743394182523506,0.14911886658274479,0.09238853310606034,2.8708806550894317,8.479556326758077,3.9303184603089885,0.21498031575647675,0.3432850170866393
314726,314726,824316,1,1,2.8282136890049494,3;1;4,ConnectionState;Protocol;Ports,2;1;3,Application;Protocol;ConnectionState,2,0.5,0.6300954784335281,-0.18148486067047953,-0.7641960350411057,0.19192729404683104,0.0869415175538144,2.8708806550894317,8.479556326758077,0.42272824274437615,0.19389263910115864,0.33783800153439303
314856,314856,95302,1,1,0.7404500834554271,4;3;1,Ports;ConnectionState;Protocol,2;1;4,Application;Protocol;Ports,2,0.5,0.630095478433528,-0.18148486067047953,-1.3038756369745874,-1.513198299766535,0.24398310775113952,2.8708806550894317,8.479556326758077,0.11695135918910537,1.5131993838007933,0.590255191883316
315097,315097,555881,1,0,-2.2815831234911146,3;1;5,ConnectionState;Protocol;TrafficVolume,2;3;1,Application;ConnectionState;Protocol,2,0.5,0.6300954784335281,-0.18148486067047953,-6.018059454933889,0.17733964583290487,0.24559577316445938,2.8708806550894317,8.479556326758077,4.831135177148409,0.1867595365063166,0.5886425264699959
315351,315351,2635394,1,1,5.542438704410877,3;1;5,ConnectionState;Protocol;TrafficVolume,2;3;1,Application;ConnectionState;Protocol,2,0.5,0.6300954784335281,-0.1814848606704793,1.848084826592887,0.1822017280466346,0.19861123732594546,2.8708806550894317,8.479556326758077,3.0350091043783687,0.1996689776815789,0.5481064278252641
315565,315565,1703606,1,1,1.9369061224857904,3;1;4,ConnectionState;Protocol;Ports,2;1;5,Application;Protocol;TrafficVolume,1,0.2,0.6300954784335282,-0.18148486067047953,-1.3038756369745874,-0.31674226073617173,0.24398310775113954,2.8708806550894317,8.479556326758077,0.11695135918910537,0.3167433447704297,0.590255191883316
315962,315962,2247552,1,1,5.284838196679876,3;1;5,ConnectionState;Protocol;TrafficVolume,2;3;1,Application;ConnectionState;Protocol,2,0.5,0.6300954784335281,-0.1814848606704793,1.848084826592887,-0.07701081169497125,0.20022326933655,2.8708806550894317,8.479556326758077,3.0350091043783687,0.07701189572922941,0.5464943958146593
316286,316286,2569989,1,1,2.336094756043734,3;1;5,ConnectionState;Protocol;TrafficVolume,2;1;5,Application;Protocol;TrafficVolume,2,0.5,0.6300954784335281,-0.18148486067047953,-1.3038756369745874,0.0840590285958443,0.24237045197706705,2.8708806550894317,8.479556326758077,0.11695135918910537,0.150673034323694,0.5918678476573883
316627,316627,2024110,1,1,1.329114116503784,2;3;1,Application;ConnectionState;Protocol,2;1;5,Application;Protocol;TrafficVolume,2,0.5,0.630095478433528,-1.1512184560095486,-0.9486739447275768,0.1534050406651542,-0.2194242965401339,2.8708806550894317,9.449289922097146,0.23825033305790488,0.23241489248283537,1.977727526456836
316859,316859,2446029,1,1,2.141805379353621,3;1;5,ConnectionState;Protocol;TrafficVolume,2;1;5,Application;Protocol;TrafficVolume,2,0.5,0.6300954784335281,-0.18148486067047953,-1.3038756369745874,-0.11023034809426897,0.24237045197706708,2.8708806550894317,8.479556326758077,0.11695135918910537,0.11023143212852692,0.5918678476573883
317928,317928,552363,1,1,6.337357153065788,3;1;2,ConnectionState;Protocol;Application,2;3;1,Application;ConnectionState;Protocol,3,1.0,0.6300954784335281,-0.1814848606704793,2.7433941825235064,0.15452518536640175,0.1258968727304699,2.8708806550894317,8.479556326758077,3.9303184603089885,0.20957399697281964,0.41872250322940563
318308,318308,330801,1,1,5.452553995363441,3;1;5,ConnectionState;Protocol;TrafficVolume,2;3;1,Application;ConnectionState;Protocol,2,0.5,0.6300954784335282,-0.1814848606704793,1.848084826592887,0.09393075900515857,0.19699749731998664,2.8708806550894317,8.479556326758077,3.0350091043783687,0.09392967497090035,0.5497201678312227
318452,318452,2232504,1,1,5.290831540165403,3;1;5,ConnectionState;Protocol;TrafficVolume,2;3;1,Application;ConnectionState;Protocol,2,0.5,0.6300954784335282,-0.1814848606704793,1.848084826592887,-0.07101700194356741,0.20022280307067408,2.8708806550894317,8.479556326758077,3.0350091043783687,0.0710180859778256,0.5464948620805354
318482,318482,1336891,1,1,6.292734582823154,3;1;2,ConnectionState;Protocol;Application,2;3;1,Application;ConnectionState;Protocol,3,1.0,0.6300954784335281,-0.1814848606704793,2.743394182523506,0.14378353972550095,0.09201594812873617,2.8708806550894317,8.479556326758077,3.9303184603089885,0.22031564261372036,0.34291243210931477
318650,318650,1882099,1,1,0.8568234198408362,2;3;5,Application;ConnectionState;TrafficVolume,2;1;5,Application;Protocol;TrafficVolume,2,0.5,0.630095478433528,-1.1512184560095486,-0.9486739447275767,0.1610725736963863,-0.6993825262343141,2.8708806550894317,9.449289922097146,0.23825033305790488,0.22474735945160343,0.9385608938586408
318775,318775,1310506,1,1,6.318299638569377,3;1;2,ConnectionState;Protocol;Application,2;3;1,Application;ConnectionState;Protocol,3,1.0,0.6300954784335281,-0.1814848606704793,2.743394182523506,0.16926388774865878,0.09210065585180138,2.8708806550894317,8.479556326758077,3.9303184603089885,0.19483529459056267,0.34299713983238
318996,318996,353668,1,1,5.444662354835595,3;1;5,ConnectionState;Protocol;TrafficVolume,2;3;1,Application;ConnectionState;Protocol,2,0.5,0.6300954784335281,-0.1814848606704793,1.848084826592887,0.08603913554760267,0.19699748024969566,2.8708806550894317,8.479556326758077,3.0350091043783687,0.08603805151334447,0.5497201849015139
319458,319458,2140707,1,1,0.5269737538683135,1;2;3,Protocol;Application;ConnectionState,2;1;5,Application;Protocol;TrafficVolume,2,0.5,-7.698729316728816,6.009024690103391,-0.9486739447275769,0.18543496755601424,0.11498706298293832,5.45794414007291,16.073237693339912,0.23825033305790488,0.20200057227347193,0.39029214241257726
319585,319585,3201648,1,1,5.583162006290556,3;1;4,ConnectionState;Protocol;Ports,2;3;1,Application;ConnectionState;Protocol,2,0.5,0.6300954784335281,-0.1814848606704793,1.8480848265928873,0.22453877304572178,0.19699749420653762,2.8708806550894317,8.479556326758077,3.0350091043783687,0.22453768901146376,0.549720170944672
319860,319860,557181,1,1,3.613844412346649,1;5;2,Protocol;TrafficVolume;Application,2;1;3,Application;Protocol;ConnectionState,2,0.5,0.6300954784335281,-0.18148486067047953,-0.07440369469235465,0.1758842346409406,0.19882295995265367,2.8708806550894317,8.479556326758077,1.112520583093127,0.18821494769828084,0.5418515440268291
320098,320098,598930,1,1,2.8272263259499404,3;1;2,ConnectionState;Protocol;Application,2;1;3,Application;Protocol;ConnectionState,3,1.0,0.630095478433528,-0.18148486067047953,-0.7641960350411057,0.16951237278585718,0.10836907575977907,2.8708806550894317,8.479556326758077,0.42272824274437615,0.19458680955336427,0.3108857359878906
321222,321222,2165170,1,1,2.7266585464422692,3;1;4,ConnectionState;Protocol;Ports,2;1;5,Application;Protocol;TrafficVolume,1,0.2,0.6300954784335281,-0.18148486067047953,-0.9486739447275768,0.19681179633606805,0.1649797823883681,2.8708806550894317,8.479556326758077,0.23825033305790488,0.19681071230180996,0.4660933880247252
322686,322686,2676445,1,1,5.530149823380272,3;1;5,ConnectionState;Protocol;TrafficVolume,2;3;1,Application;ConnectionState;Protocol,2,0.5,0.6300954784335281,-0.1814848606704793,1.848084826592887,0.1699130404793294,0.1986110438626463,2.8708806550894317,8.479556326758077,3.0350091043783687,0.1699119564450711,0.5481066212885632
322705,322705,1959666,1,1,0.5376826122447493,1;2;3,Protocol;Application;ConnectionState,2;1;5,Application;Protocol;TrafficVolume,2,0.5,-7.698729316728816,6.009024690103391,-0.9486739447275769,0.19614466463128155,0.11498622428410708,5.45794414007291,16.073237693339912,0.23825033305790488,0.1961435805970234,0.3902929811114084
322973,322973,3322280,1,1,5.535907327514083,3;1;5,ConnectionState;Protocol;TrafficVolume,2;3;1,Application;ConnectionState;Protocol,2,0.5,0.6300954784335281,-0.1814848606704793,1.848084826592887,0.17728408535834264,0.19699750311744424,2.8708806550894317,8.479556326758077,3.0350091043783687,0.17728300132408437,0.5497201620337653
323433,323433,2195061,1,0,-2.221739184963793,3;1;5,ConnectionState;Protocol;TrafficVolume,2;3;1,Application;ConnectionState;Protocol,2,0.5,0.6300954784335282,-0.18148486067047953,-6.018059454933889,0.18396583296449176,0.29881352456019433,2.8708806550894317,8.479556326758077,4.831135177148409,0.1839647489302337,0.535424775074261
323746,323746,2195718,1,0,-1.8322498002137237,3;5;1,ConnectionState;TrafficVolume;Protocol,2;3;1,Application;ConnectionState;Protocol,2,0.5,0.630095478433528,-0.18148486067047948,-6.018059454933889,0.042890373990156466,0.8293783682845997,2.8708806550894317,8.479556326758077,4.831135177148409,0.08180186924510734,0.9060857104347319
325708,325708,1604361,1,1,2.551561018604055,3;1;4,ConnectionState;Protocol;Ports,2;1;5,Application;Protocol;TrafficVolume,1,0.2,0.6300954784335281,-0.18148486067047953,-0.9486739447275768,0.18819647153870098,-0.0015024206524789346,2.8708806550894317,8.479556326758077,0.23825033305790488,0.19762346160928873,0.25998474858983706
326126,326126,3320366,1,1,5.537872290619119,3;1;5,ConnectionState;Protocol;TrafficVolume,2;3;1,Application;ConnectionState;Protocol,2,0.5,0.6300954784335281,-0.1814848606704793,1.848084826592887,0.17924906961336173,0.19699748196746097,2.8708806550894317,8.479556326758077,3.0350091043783687,0.17924798557910385,0.5497201831837486
326315,326315,2378697,1,1,5.44295281432441,3;1;5,ConnectionState;Protocol;TrafficVolume,2;3;1,Application;ConnectionState;Protocol,2,0.5,0.6300954784335281,-0.1814848606704793,1.848084826592887,0.08271694033594824,0.198610134950165,2.8708806550894317,8.479556326758077,3.0350091043783687,0.16541856868037913,0.5481075302010447
326684,326684,199445,1,1,5.505862099462644,3;1;5,ConnectionState;Protocol;TrafficVolume,2;3;1,Application;ConnectionState;Protocol,2,0.5,0.6300954784335281,-0.1814848606704793,1.848084826592887,0.14723886460740496,0.19699749581694254,2.8708806550894317,8.479556326758077,3.0350091043783687,0.14723778057314696,0.5497201693342673
327359,327359,2047197,1,1,1.58725354249586,2;3;1,Application;ConnectionState;Protocol,2;1;5,Application;Protocol;TrafficVolume,2,0.5,0.630095478433528,-1.1512184560095486,-0.9486739447275768,0.18630798638093354,0.005812183736162784,2.8708806550894317,9.449289922097146,0.23825033305790488,0.1995119467670562,2.341111782129355
327546,327546,2565857,1,1,2.4284514132497588,3;1;5,ConnectionState;Protocol;TrafficVolume,2;1;5,Application;Protocol;TrafficVolume,2,0.5,0.6300954784335281,-0.18148486067047953,-1.3038756369745874,0.17641568580186867,0.24237045197706705,2.8708806550894317,8.479556326758077,0.11695135918910537,0.2129346248934696,0.5918678476573883
327804,327804,2763651,1,1,5.348480558586399,3;1;5,ConnectionState;Protocol;TrafficVolume,2;3;1,Application;ConnectionState;Protocol,2,0.5,0.6300954784335281,-0.1814848606704793,1.8480848265928873,-0.011755315402062871,0.198610134950165,2.8708806550894317,8.479556326758077,3.0350091043783687,0.052317044776394546,0.5481075302010447
327968,327968,1102659,1,1,1.4929218547321492,2;3;1,Application;ConnectionState;Protocol,2;1;5,Application;Protocol;TrafficVolume,2,0.5,0.630095478433528,-1.1512184560095486,-0.9486739447275768,0.16367101646853258,-0.065882534115147,2.8708806550894317,9.449289922097146,0.23825033305790488,0.22214891667945721,0.30128105897502166
328322,328322,2309116,1,0,-2.275377910968885,3;1;5,ConnectionState;Protocol;TrafficVolume,2;3;1,Application;ConnectionState;Protocol,2,0.5,0.6300954784335281,-0.18148486067047953,-6.018059454933889,0.18838283531659972,0.24075779620299498,2.8708806550894317,8.479556326758077,4.831135177148409,0.1974370978313899,0.5934805034314606
328331,328331,1681178,1,1,2.163749054049288,3;1;5,ConnectionState;Protocol;TrafficVolume,2;1;5,Application;Protocol;TrafficVolume,2,0.5,0.6300954784335281,-0.18148486067047953,-1.3038756369745872,-0.08989932917267442,0.2439831077511396,2.8708806550894317,8.479556326758077,0.11695135918910537,0.0899004132069324,0.590255191883316
328345,328345,1625388,1,1,1.3715492901694468,2;3;1,Application;ConnectionState;Protocol,2;1;5,Application;Protocol;TrafficVolume,2,0.5,0.630095478433528,-1.1512184560095486,-0.9486739447275768,0.15308201093493495,-0.1766660931442518,2.8708806550894317,9.449289922097146,0.23825033305790488,0.23273792221305478,0.2924760482512304
329131,329131,987755,1,0,-0.39935257246147504,1;2;3,Protocol;Application;ConnectionState,2;1;5,Application;Protocol;TrafficVolume,2,0.5,-7.698729316728816,4.981301397145514,-0.9486739447275767,0.20073275973795787,0.20108623742908346,5.45794414007291,15.045514400382036,0.23825033305790488,0.2007316757036997,0.5320343222564534
329791,329791,1749870,1,1,1.9973458595273494,3;1;4,ConnectionState;Protocol;Ports,2;1;5,Application;Protocol;TrafficVolume,1,0.2,0.6300954784335282,-0.18148486067047953,-1.3038756369745874,-0.25630252369461265,0.24398310775113954,2.8708806550894317,8.479556326758077,0.11695135918910537,0.2563036077288707,0.590255191883316
329906,329906,740541,1,0,-0.4335915852710719,1;2;3,Protocol;Application;ConnectionState,2;1;5,Application;Protocol;TrafficVolume,2,0.5,-7.698729316728816,4.981301397145514,-0.9486739447275767,0.16588808389692777,0.20169190046051655,5.45794414007291,15.045514400382036,0.23825033305790488,0.22154745593255823,0.5294142626068278
330220,330220,2626500,1,0,-2.2759991235618813,3;1;5,ConnectionState;Protocol;TrafficVolume,2;3;1,Application;ConnectionState;Protocol,2,0.5,0.6300954784335281,-0.18148486067047953,-6.018059454933889,0.18776162272360383,0.24075779620299498,2.8708806550894317,8.479556326758077,4.831135177148409,0.19805831042438596,0.5934805034314606
330497,330497,1915483,1,1,0.5428280504611882,1;2;3,Protocol;Application;ConnectionState,2;1;5,Application;Protocol;TrafficVolume,2,0.5,-7.698729316728816,6.009024690103391,-0.9486739447275769,0.20129007622236017,0.11498625090946682,5.45794414007291,16.073237693339912,0.23825033305790488,0.20128899218810214,0.3902929544860487
330968,330968,2213791,1,1,5.295520815071931,3;1;5,ConnectionState;Protocol;TrafficVolume,2;3;1,Application;ConnectionState;Protocol,2,0.5,0.6300954784335281,-0.1814848606704793,1.8480848265928873,-0.0663277365921091,0.2002228126257428,2.8708806550894317,8.479556326758077,3.0350091043783687,0.06632882062636715,0.5464948525254667
331512,331512,1303938,1,1,2.351436195603212,3;1;5,ConnectionState;Protocol;TrafficVolume,2;1;5,Application;Protocol;TrafficVolume,2,0.5,0.630095478433528,-0.18148486067047953,-1.3038756369745874,0.15384717759599775,0.1879237425363915,2.8708806550894317,8.479556326758077,0.11695135918910537,0.21025200474322353,0.42711187539602596
332075,332075,773623,1,0,-0.398489598376623,1;2;3,Protocol;Application;ConnectionState,2;1;5,Application;Protocol;TrafficVolume,2,0.5,-7.698729316728816,4.981301397145514,-0.9486739447275767,0.20099011953296278,0.2016918517189306,5.45794414007291,15.045514400382036,0.23825033305790488,0.2009890354987047,0.5294143113484138
332109,332109,352199,1,1,5.44875078785407,3;1;5,ConnectionState;Protocol;TrafficVolume,2;3;1,Application;ConnectionState;Protocol,2,0.5,0.6300954784335282,-0.1814848606704793,1.848084826592887,0.09012756824399659,0.1969974805717767,2.8708806550894317,8.479556326758077,3.0350091043783687,0.09012648420973837,0.5497201845794328
332136,332136,1672757,1,1,1.655684524099815,3;1;4,ConnectionState;Protocol;Ports,2;1;4,Application;Protocol;Ports,2,0.5,0.6300954784335282,-0.18148486067047953,-1.3038756369745874,-0.597963859122147,0.24398310775113954,2.8708806550894317,8.479556326758077,0.11695135918910537,0.6568808542885752,0.590255191883316
332786,332786,1458952,1,1,1.4013991988675594,2;3;1,Application;ConnectionState;Protocol,2;1;3,Application;Protocol;ConnectionState,3,1.0,0.630095478433528,-1.1512184560095486,-0.9486739447275768,0.18359950192988633,-0.17733367544109066,2.8708806550894317,9.449289922097146,0.23825033305790488,0.20222043121810332,0.20847902167337828
332846,332846,3008864,1,1,1.8840396248017488,3;1;4,ConnectionState;Protocol;Ports,2;1;5,Application;Protocol;TrafficVolume,1,0.2,0.6300954784335282,-0.18148486067047953,-1.3038756369745874,-0.36960875842021323,0.24398310775113954,2.8708806550894317,8.479556326758077,0.11695135918910537,0.4865434140535909,0.590255191883316
333147,333147,2944412,1,1,5.044798444818458,3;1;4,ConnectionState;Protocol;Ports,2;3;1,Application;ConnectionState;Protocol,2,0.5,0.6300954784335281,-0.1814848606704793,1.8480848265928873,-0.31705008505143595,0.20022279083159766,2.8708806550894317,8.479556326758077,3.0350091043783687,0.317051169085694,0.5464948743196121
333288,333288,2130310,1,1,2.166369197645851,2;3;1,Application;ConnectionState;Protocol,2;1;5,Application;Protocol;TrafficVolume,2,0.5,0.630095478433528,-1.1512184560095486,-0.9486739447275768,0.16187127530947445,0.6093645499576126,2.8708806550894317,9.449289922097146,0.23825033305790488,0.22394865783851514,1.5698428298344764
333516,333516,750484,1,1,1.531169684119504,2;3;1,Application;ConnectionState;Protocol,2;1;5,Application;Protocol;TrafficVolume,2,0.5,0.630095478433528,-1.1512184560095486,-0.9486739447275768,0.1853885924591707,-0.04935228071843022,2.8708806550894317,9.449289922097146,0.23825033305790488,0.2004313406888191,0.3178103116018975
334253,334253,1334402,1,1,6.310159711151283,3;1;2,ConnectionState;Protocol;Application,2;3;1,Application;ConnectionState;Protocol,3,1.0,0.6300954784335282,-0.1814848606704793,2.743394182523506,0.16120587969136227,0.09201873649100459,2.8708806550894317,8.479556326758077,3.9303184603089885,0.20289330264785904,0.3429152204715835
334377,334377,893414,1,0,-0.4374949062097513,1;2;3,Protocol;Application;ConnectionState,2;1;5,Application;Protocol;TrafficVolume,2,0.5,-7.698729316728816,4.981301397145514,-0.9486739447275767,0.16259033516284987,0.2010863282559153,5.45794414007291,15.045514400382036,0.23825033305790488,0.2248452046666363,0.5320342314296215
334492,334492,1026347,1,1,2.8611985162602633,3;1;2,ConnectionState;Protocol;Application,2;1;5,Application;Protocol;TrafficVolume,2,0.5,0.6300954784335281,-0.18148486067047953,-0.7641960350411057,0.14566492702010245,0.16618871183585696,2.8708806550894317,8.479556326758077,0.42272824274437615,0.21843425531911909,0.4608556940237023
334524,334524,2486182,1,1,0.5544758785682684,4;3;1,Ports;ConnectionState;Protocol,2;1;4,Application;Protocol;Ports,2,0.5,0.630095478433528,-0.18148486067047953,-1.3038756369745874,-1.6975598488796215,0.24237045197706705,2.8708806550894317,8.479556326758077,0.11695135918910537,1.6975609329138792,0.5918678476573883
335345,335345,2293633,1,1,5.295604647272839,3;1;5,ConnectionState;Protocol;TrafficVolume,2;3;1,Application;ConnectionState;Protocol,2,0.5,0.6300954784335281,-0.1814848606704793,1.8480848265928873,-0.06624609250191216,0.2002250007364541,2.8708806550894317,8.479556326758077,3.0350091043783687,0.06624717653617018,0.5464926644147552
336016,336016,2586768,1,1,2.4030098728867824,3;1;5,ConnectionState;Protocol;TrafficVolume,2;1;5,Application;Protocol;TrafficVolume,2,0.5,0.6300954784335281,-0.18148486067047953,-1.3038756369745874,0.15097414543889262,0.24237045197706705,2.8708806550894317,8.479556326758077,0.11695135918910537,0.17506884085195784,0.5918678476573883
336250,336250,2492797,1,1,5.301526915742098,3;1;5,ConnectionState;Protocol;TrafficVolume,2;3;1,Application;ConnectionState;Protocol,2,0.5,0.6300954784335281,-0.1814848606704793,1.8480848265928873,-0.05870895889052476,0.1986101355943266,2.8708806550894317,8.479556326758077,3.0350091043783687,0.05871004292478285,0.5481075295568827
336831,336831,1180364,1,1,2.8684026521746775,3;1;2,ConnectionState;Protocol;Application,2;1;5,Application;Protocol;TrafficVolume,2,0.5,0.630095478433528,-0.18148486067047953,-0.7641960350411057,0.1528690249289628,0.16618874984141077,2.8708806550894317,8.479556326758077,0.42272824274437615,0.23295090821902695,0.4608556560181486
336954,336954,615981,1,1,6.299363290004928,3;1;2,ConnectionState;Protocol;Application,2;3;1,Application;ConnectionState;Protocol,3,1.0,0.6300954784335282,-0.1814848606704793,2.7433941825235064,0.1489058785314263,0.0935223165045853,2.8708806550894317,8.479556326758077,3.9303184603089885,0.21519330380779525,0.34441880048516393
337220,337220,204782,1,1,5.503231538253005,3;1;5,ConnectionState;Protocol;TrafficVolume,2;3;1,Application;ConnectionState;Protocol,2,0.5,0.6300954784335281,-0.1814848606704793,1.848084826592887,0.14460831864293208,0.1969974805717767,2.8708806550894317,8.479556326758077,3.0350091043783687,0.14460723460867392,0.5497201845794328
337415,337415,3070839,1,1,2.1480256883857596,3;1;5,ConnectionState;Protocol;TrafficVolume,2;1;5,Application;Protocol;TrafficVolume,2,0.5,0.6300954784335281,-0.18148486067047953,-1.3038756369745874,-0.10562269483620222,0.2439831077511396,2.8708806550894317,8.479556326758077,0.11695135918910537,0.10562377887046032,0.590255191883316
339237,339237,1253403,1,0,-2.281114552028095,3;1;5,ConnectionState;Protocol;TrafficVolume,2;3;1,Application;ConnectionState;Protocol,2,0.5,0.6300954784335281,-0.18148486067047953,-6.018059454933889,0.17780821729592453,0.24559577316445938,2.8708806550894317,8.479556326758077,4.831135177148409,0.18629096504329687,0.5886425264699959
340077,340077,498034,1,1,0.538608930226943,1;2;3,Protocol;Application;ConnectionState,2;1;5,Application;Protocol;TrafficVolume,2,0.5,-7.698729316728816,6.009024690103391,-0.9486739447275769,0.19395089830015166,0.11810630859743056,5.45794414007291,16.073237693339912,0.23825033305790488,0.19394981426589356,0.39825202083244227
340126,340126,1334745,1,1,6.304126715918495,3;1;2,ConnectionState;Protocol;Application,2;3;1,Application;ConnectionState;Protocol,3,1.0,0.6300954784335281,-0.1814848606704793,2.7433941825235064,0.1551836703059084,0.0920079506436704,2.8708806550894317,8.479556326758077,3.9303184603089885,0.2089155120333131,0.34290443462424935
340221,340221,1934412,1,1,1.4123899883684208,2;3;1,Application;ConnectionState;Protocol,2;1;5,Application;Protocol;TrafficVolume,2,0.5,0.630095478433528,-1.1512184560095486,-0.9486739447275768,0.19744720746774785,-0.1801905914780907,2.8708806550894317,9.449289922097146,0.23825033305790488,0.1974461234334897,0.33631701805085873
341259,341259,1098172,1,1,2.909889043354115,3;1;4,ConnectionState;Protocol;Ports,2;1;5,Application;Protocol;TrafficVolume,1,0.2,0.6300954784335281,-0.18148486067047953,-0.7641960350411057,0.19435534610947067,0.16618881984034004,2.8708806550894317,8.479556326758077,0.42272824274437615,0.19435426207521267,0.46085558601921894
341872,341872,686521,1,1,2.7703786461807742,3;1;4,ConnectionState;Protocol;Ports,2;1;3,Application;Protocol;ConnectionState,2,0.5,0.6300954784335281,-0.18148486067047953,-0.7641960350411057,0.18754331114707637,0.033490457629393525,2.8708806550894317,8.479556326758077,0.42272824274437615,0.19827662200091326,0.3124906647698491
342092,342092,2811738,1,1,2.3878329875895226,3;1;5,ConnectionState;Protocol;TrafficVolume,2;1;5,Application;Protocol;TrafficVolume,2,0.5,0.630095478433528,-0.18148486067047953,-1.3038756369745874,0.13579726014163324,0.24237045197706705,2.8708806550894317,8.479556326758077,0.11695135918910537,0.1922801827031409,0.5918678476573883
342432,342432,863928,1,1,6.294745381771302,3;1;2,ConnectionState;Protocol;Application,2;3;1,Application;ConnectionState;Protocol,3,1.0,0.6300954784335282,-0.1814848606704793,2.743394182523506,0.14576431858056615,0.09204596822181975,2.8708806550894317,8.479556326758077,3.9303184603089885,0.21833486375865535,0.3429424522023986
342677,342677,217963,1,1,5.49847755803251,3;1;5,ConnectionState;Protocol;TrafficVolume,2;3;1,Application;ConnectionState;Protocol,2,0.5,0.6300954784335281,-0.1814848606704793,1.8480848265928873,0.13985432736432357,0.19699749162988991,2.8708806550894317,8.479556326758077,3.0350091043783687,0.13985324333006538,0.5497201735213197
343095,343095,2993636,1,1,4.834215290015427,3;1;4,ConnectionState;Protocol;Ports,2;3;1,Application;ConnectionState;Protocol,2,0.5,0.6300954784335281,-0.1814848606704793,1.8480848265928873,-0.5276332403912691,0.2002227913683992,2.8708806550894317,8.479556326758077,3.0350091043783687,0.527634324425527,0.5464948737828104
343964,343964,115492,1,1,1.1760169148865154,3;4;1,ConnectionState;Ports;Protocol,2;1;4,Application;Protocol;Ports,2,0.5,0.630095478433528,-0.18148486067047953,-1.3038756369745874,-1.0776314683354467,0.24398310775113954,2.8708806550894317,8.479556326758077,0.11695135918910537,1.2094574725944234,0.590255191883316
344397,344397,1066752,1,1,6.308493168634944,3;1;2,ConnectionState;Protocol;Application,2;3;1,Application;ConnectionState;Protocol,3,1.0,0.6300954784335282,-0.1814848606704793,2.743394182523506,0.1594806832253255,0.09207739044070176,2.8708806550894317,8.479556326758077,3.9303184603089885,0.20461849911389599,0.34297387442128047
344457,344457,431524,1,1,5.415726390921499,3;1;5,ConnectionState;Protocol;TrafficVolume,2;3;1,Application;ConnectionState;Protocol,2,0.5,0.6300954784335282,-0.1814848606704793,1.848084826592887,0.05710317163350621,0.19699748024969566,2.8708806550894317,8.479556326758077,3.0350091043783687,0.05710208759924817,0.5497201849015139
344653,344653,1331480,1,1,2.6554093128687395,3;1;4,ConnectionState;Protocol;Ports,2;1;3,Application;Protocol;ConnectionState,2,0.5,0.6300954784335281,-0.18148486067047953,-0.7641960350411057,0.18546668787345275,-0.07940225240901763,2.8708806550894317,8.479556326758077,0.42272824274437615,0.20035324527453696,0.2685057329641202
344757,344757,2487170,1,1,4.720129410437178,3;1;4,ConnectionState;Protocol;Ports,2;1;3,Application;Protocol;ConnectionState,2,0.5,0.6300954784335281,-0.18148486067047934,1.2681788538573024,0.18438802982928235,-0.04597838569481792,2.8708806550894317,8.479556326758077,2.4551031316427845,0.18438694579502432,0.240871992361964
346251,346251,3249480,1,1,5.565413814725383,3;1;4,ConnectionState;Protocol;Ports,2;3;1,Application;ConnectionState;Protocol,2,0.5,0.6300954784335281,-0.1814848606704793,1.848084826592887,0.20679053778489798,0.19699753790218819,2.8708806550894317,8.479556326758077,3.0350091043783687,0.20678945375063984,0.5497201272490211
347265,347265,784211,1,1,2.8924630924843004,3;1;2,ConnectionState;Protocol;Application,2;1;5,Application;Protocol;TrafficVolume,2,0.5,0.6300954784335281,-0.18148486067047953,-0.7641960350411057,0.17692945772336308,0.16618875735663297,2.8708806550894317,8.479556326758077,0.42272824274437615,0.20889047542462677,0.46085564850292604
348547,348547,211258,1,1,5.5006010074373375,3;1;5,ConnectionState;Protocol;TrafficVolume,2;3;1,Application;ConnectionState;Protocol,2,0.5,0.6300954784335281,-0.1814848606704793,1.8480848265928873,0.14197777676915166,0.1969974916298897,2.8708806550894317,8.479556326758077,3.0350091043783687,0.14197669273489358,0.5497201735213197
348999,348999,3255303,1,1,5.562624755604459,3;1;4,ConnectionState;Protocol;Ports,2;3;1,Application;ConnectionState;Protocol,2,0.5,0.6300954784335281,-0.1814848606704793,1.848084826592887,0.20400152450683096,0.19699749205933093,2.8708806550894317,8.479556326758077,3.0350091043783687,0.20400044047257293,0.5497201730918784
349249,349249,1005705,1,0,-0.41646777240495636,1;2;3,Protocol;Application;ConnectionState,2;1;5,Application;Protocol;TrafficVolume,2,0.5,-7.698729316728816,4.981301397145514,-0.9486739447275767,0.1836174784153529,0.20108631880820715,5.45794414007291,15.045514400382036,0.23825033305790488,0.20381806141413322,0.5320342408773298
349401,349401,3075598,1,1,5.527905130017947,3;1;5,ConnectionState;Protocol;TrafficVolume,2;3;1,Application;ConnectionState;Protocol,2,0.5,0.6300954784335281,-0.1814848606704793,1.8480848265928873,0.1660565539831154,0.2002228369965355,2.8708806550894317,8.479556326758077,3.0350091043783687,0.16605546994885723,0.5464948281546738
349619,349619,2221032,1,1,5.53210263658427,3;1;5,ConnectionState;Protocol;TrafficVolume,2;3;1,Application;ConnectionState;Protocol,2,0.5,0.6300954784335281,-0.1814848606704793,1.848084826592887,0.17025409050296703,0.20022280704300588,2.8708806550894317,8.479556326758077,3.0350091043783687,0.21556584264502246,0.5464948581082034
349795,349795,1061782,1,1,2.909906731142535,3;1;4,ConnectionState;Protocol;Ports,2;1;5,Application;Protocol;TrafficVolume,1,0.2,0.630095478433528,-0.18148486067047953,-0.7641960350411057,0.19437309498591301,0.16618875875231742,2.8708806550894317,8.479556326758077,0.42272824274437615,0.19437201095165507,0.4608556471072419
350485,350485,136636,1,1,2.4692403003227654,3;1;5,ConnectionState;Protocol;TrafficVolume,2;1;5,Application;Protocol;TrafficVolume,2,0.5,0.6300954784335282,-0.18148486067047953,-1.3038756369745874,0.2155919171008032,0.2439831077511396,2.8708806550894317,8.479556326758077,0.11695135918910537,0.21559083306654528,0.590255191883316
350845,350845,2725370,1,1,5.5078406601575125,3;1;5,ConnectionState;Protocol;TrafficVolume,2;3;1,Application;ConnectionState;Protocol,2,0.5,0.6300954784335281,-0.1814848606704793,1.848084826592887,0.14760343310691956,0.198611488012296,2.8708806550894317,8.479556326758077,3.0350091043783687,0.2130850573730245,0.5481061771389135
351138,351138,2340339,1,1,2.4281648969161043,3;1;5,ConnectionState;Protocol;TrafficVolume,2;1;5,Application;Protocol;TrafficVolume,2,0.5,0.630095478433528,-0.18148486067047953,-1.3038756369745874,0.17612916946821452,0.24237045197706705,2.8708806550894317,8.479556326758077,0.11695135918910537,0.187970012871007,0.5918678476573883
351330,351330,1811863,1,1,0.8939476196443676,2;3;5,Application;ConnectionState;TrafficVolume,2;1;5,Application;Protocol;TrafficVolume,2,0.5,0.630095478433528,-1.1512184560095486,-0.9486739447275767,0.18004616773876064,-0.681231920473157,2.8708806550894317,9.449289922097146,0.23825033305790488,0.20577376540922895,0.6811810682228423
351430,351430,795527,1,1,2.905327486427863,3;1;4,ConnectionState;Protocol;Ports,2;1;5,Application;Protocol;TrafficVolume,1,0.2,0.6300954784335281,-0.18148486067047953,-0.7641960350411057,0.18979387399787262,0.16618873502568604,2.8708806550894317,8.479556326758077,0.42272824274437615,0.19602605915011703,0.4608556708338729
351744,351744,183207,1,1,5.51166195299643,3;1;5,ConnectionState;Protocol;TrafficVolume,2;3;1,Application;ConnectionState;Protocol,2,0.5,0.6300954784335282,-0.1814848606704793,1.848084826592887,0.15303873327899617,0.19699748067913705,2.8708806550894317,8.479556326758077,3.0350091043783687,0.15303764924473795,0.5497201844720725
352912,352912,2878774,1,1,2.4126111536754005,3;1;5,ConnectionState;Protocol;TrafficVolume,2;1;5,Application;Protocol;TrafficVolume,2,0.5,0.630095478433528,-0.18148486067047953,-1.3038756369745874,0.16057542622751075,0.24237045197706705,2.8708806550894317,8.479556326758077,0.11695135918910537,0.22195350074927314,0.5918678476573883
353336,353336,274659,1,1,5.476450732327098,3;1;5,ConnectionState;Protocol;TrafficVolume,2;3;1,Application;ConnectionState;Protocol,2,0.5,0.6300954784335281,-0.1814848606704793,1.848084826592887,0.11782749843810227,0.1969974948506996,2.8708806550894317,8.479556326758077,3.0350091043783687,0.11782641440384414,0.5497201703005101
353816,353816,1301351,1,1,2.868770272535404,3;1;2,ConnectionState;Protocol;Application,2;1;5,Application;Protocol;TrafficVolume,2,0.5,0.6300954784335281,-0.18148486067047953,-0.7641960350411057,0.1532366151214388,0.16618878000966086,2.8708806550894317,8.479556326758077,0.42272824274437615,0.21086256721778243,0.46085562584989825
356101,356101,2777989,1,1,5.5290614274842955,3;1;5,ConnectionState;Protocol;TrafficVolume,2;3;1,Application;ConnectionState;Protocol,2,0.5,0.6300954784335281,-0.1814848606704793,1.848084826592887,0.1688255530663929,0.1986101353796059,2.8708806550894317,8.479556326758077,3.0350091043783687,0.21693453723756095,0.5481075297716034
356665,356665,2077094,1,1,1.2485993396572348,2;3;1,Application;ConnectionState;Protocol,2;1;5,Application;Protocol;TrafficVolume,2,0.5,0.630095478433528,-1.1512184560095486,-0.9486739447275768,0.19464642829673,-0.3411804610182588,2.8708806550894317,9.449289922097146,0.23825033305790488,0.19464534426247185,0.538429701402724
356815,356815,686253,1,1,2.9078169406930106,3;1;5,ConnectionState;Protocol;TrafficVolume,2;1;5,Application;Protocol;TrafficVolume,2,0.5,0.630095478433528,-0.18148486067047953,-0.7641960350411057,0.16167248809785442,0.19679957519085176,2.8708806550894317,8.479556326758077,0.42272824274437615,0.22414744505013534,0.5398461642350966
357530,357530,265609,1,0,-5.325336042075316,5;3;1,TrafficVolume;ConnectionState;Protocol,5;2;1,TrafficVolume;Application;Protocol,2,0.5,0.6300954784335282,-0.1814848606704793,-1.3038756369745876,0.12036296030910784,-7.455364277855246,2.8708806550894317,8.479556326758077,0.11695135918910537,0.12036187627484968,14.085405110051093
359191,359191,1554167,1,1,1.373380416011229,2;3;1,Application;ConnectionState;Protocol,2;1;5,Application;Protocol;TrafficVolume,2,0.5,0.630095478433528,-1.1512184560095486,-0.9486739447275768,0.15610287704311065,-0.1778558334106454,2.8708806550894317,9.449289922097146,0.23825033305790488,0.22971705610487908,0.2912468000368915
359771,359771,3088145,1,1,3.7855040413920995,3;4;1,ConnectionState;Ports;Protocol,2;3;1,Application;ConnectionState;Protocol,2,0.5,0.6300954784335281,-0.18148486067047945,1.848084826592887,-1.5763444930942887,0.20022279544809146,2.8708806550894317,8.479556326758077,3.0350091043783687,1.5914820052896737,0.5464948697031182
359785,359785,247907,1,0,-1.4483556611148067,5;3;1,TrafficVolume;ConnectionState;Protocol,2;5;1,Application;TrafficVolume;Protocol,2,0.5,0.630095478433528,-0.18148486067047953,-1.3038756369745874,0.12993432608645117,-3.587955262672081,2.8708806550894317,8.479556326758077,0.11695135918910537,0.12993324205219312,6.992677914920879
359828,359828,1365942,1,1,6.32076074049861,3;1;2,ConnectionState;Protocol;Application,2;3;1,Application;ConnectionState;Protocol,3,1.0,0.6300954784335281,-0.1814848606704793,2.743394182523506,0.1718161823938147,0.09200946313587897,2.8708806550894317,8.479556326758077,3.9303184603089885,0.19228299994540668,0.34290594711645794
359908,359908,659884,1,1,2.898797823718079,3;1;4,ConnectionState;Protocol;Ports,2;1;5,Application;Protocol;TrafficVolume,1,0.2,0.630095478433528,-0.18148486067047953,-0.7641960350411057,0.18326423479999893,0.1661887115137759,2.8708806550894317,8.479556326758077,0.42272824274437615,0.18326315076574082,0.46085569434578333
360340,360340,1122640,1,0,-0.4068014234832926,1;2;3,Protocol;Application;ConnectionState,2;1;5,Application;Protocol;TrafficVolume,2,0.5,-7.698729316728816,4.981301397145514,-0.9486739447275767,0.19267830086791274,0.20169184527731143,5.45794414007291,15.045514400382036,0.23825033305790488,0.19475723896157324,0.529414317790033
360670,360670,2222981,1,1,5.292948986910774,3;1;5,ConnectionState;Protocol;TrafficVolume,2;3;1,Application;ConnectionState;Protocol,2,0.5,0.6300954784335282,-0.1814848606704793,1.848084826592887,-0.06889955509083556,0.20022280296331368,2.8708806550894317,8.479556326758077,3.0350091043783687,0.06890063912509367,0.5464948621878958
361096,361096,556025,1,1,2.8879000972879525,3;1;2,ConnectionState;Protocol;Application,2;1;5,Application;Protocol;TrafficVolume,2,0.5,0.630095478433528,-0.18148486067047953,-0.7641960350411057,0.17236639896970465,0.16618882091394352,2.8708806550894317,8.479556326758077,0.42272824274437615,0.19173278336951682,0.46085558494561574
361461,361461,503792,1,1,6.329443921770169,3;1;2,ConnectionState;Protocol;Application,2;3;1,Application;ConnectionState;Protocol,3,1.0,0.6300954784335281,-0.1814848606704793,2.7433941825235064,0.18047055502615716,0.0920382717750956,2.8708806550894317,8.479556326758077,3.9303184603089885,0.18362862731306437,0.34293475575567445
362188,362188,2882511,1,1,4.540504079302413,3;4;1,ConnectionState;Ports;Protocol,2;3;1,Application;ConnectionState;Protocol,2,0.5,0.6300954784335281,-0.18148486067047934,1.848084826592887,-0.8202382951577322,0.19911663542184854,2.8708806550894317,8.479556326758077,3.0350091043783687,0.8202393791919903,0.547601029729361
362395,362395,3347881,1,1,5.525828844258411,3;1;5,ConnectionState;Protocol;TrafficVolume,2;3;1,Application;ConnectionState;Protocol,2,0.5,0.6300954784335282,-0.1814848606704793,1.848084826592887,0.16720562518513926,0.19699748003497497,2.8708806550894317,8.479556326758077,3.0350091043783687,0.16720454115088124,0.5497201851162343
362521,362521,349752,1,1,5.445898390392423,3;1;5,ConnectionState;Protocol;TrafficVolume,2;3;1,Application;ConnectionState;Protocol,2,0.5,0.6300954784335281,-0.1814848606704793,1.8480848265928873,0.08727517078234938,0.1969974805717767,2.8708806550894317,8.479556326758077,3.0350091043783687,0.08727408674809137,0.5497201845794328
362677,362677,2512881,1,1,2.3879032491049603,3;1;5,ConnectionState;Protocol;TrafficVolume,2;1;5,Application;Protocol;TrafficVolume,2,0.5,0.630095478433528,-0.18148486067047953,-1.3038756369745874,0.13586752165707067,0.24237045197706705,2.8708806550894317,8.479556326758077,0.11695135918910537,0.22823166068215073,0.5918678476573883
362799,362799,493781,1,0,-0.48488559684417565,1;2;3,Protocol;Application;ConnectionState,2;1;5,Application;Protocol;TrafficVolume,2,0.5,-7.698729316728816,4.981301397145514,-0.9486739447275767,0.19869340932218107,0.11759256346215982,5.45794414007291,15.045514400382036,0.23825033305790488,0.1986923252879231,0.4219312123455238
362812,362812,913241,1,0,-0.40239966991427645,1;2;3,Protocol;Application;ConnectionState,2;1;5,Application;Protocol;TrafficVolume,2,0.5,-7.698729316728816,4.981301397145514,-0.9486739447275767,0.19768527063470384,0.20108662907953614,5.45794414007291,15.045514400382036,0.23825033305790488,0.19768418660044576,0.5320339306060008
363118,363118,1824962,1,1,1.2895613442805818,2;3;1,Application;ConnectionState;Protocol,2;1;5,Application;Protocol;TrafficVolume,2,0.5,0.630095478433528,-1.1512184560095486,-0.9486739447275768,0.16211266094949695,-0.267684689047679,2.8708806550894317,9.449289922097146,0.23825033305790488,0.2237072721984927,0.2676338367973643
363221,363221,1374587,1,1,6.297493212895885,3;1;2,ConnectionState;Protocol;Application,2;3;1,Application;ConnectionState;Protocol,3,1.0,0.6300954784335281,-0.1814848606704793,2.7433941825235064,0.1485260515784528,0.09203206634851593,2.8708806550894317,8.479556326758077,3.9303184603089885,0.21557313076076884,0.34292855032909475
363453,363453,269490,1,1,5.4807610275787795,3;1;5,ConnectionState;Protocol;TrafficVolume,2;3;1,Application;ConnectionState;Protocol,2,0.5,0.6300954784335281,-0.1814848606704793,1.848084826592887,0.12213778263167006,0.1969975059088125,2.8708806550894317,8.479556326758077,3.0350091043783687,0.12213669859741202,0.549720159242397
364600,364600,273852,1,1,5.475468227751291,3;1;5,ConnectionState;Protocol;TrafficVolume,2;3;1,Application;ConnectionState;Protocol,2,0.5,0.6300954784335282,-0.1814848606704793,1.848084826592887,0.11684500835593868,0.19699748035705605,2.8708806550894317,8.479556326758077,3.0350091043783687,0.11684392432168074,0.5497201847941535
364954,364954,1286756,1,1,8.994471138664883,5;3;1,TrafficVolume;ConnectionState;Protocol,2;3;5,Application;ConnectionState;TrafficVolume,2,0.5,0.6300954784335281,-0.18148486067047953,2.7433941825235064,0.16770198355370863,2.7698340601422577,2.8708806550894317,8.479556326758077,3.9303184603089885,0.19639719878551298,2.9286407334676205
365666,365666,710807,1,1,6.324248066925785,3;1;2,ConnectionState;Protocol;Application,2;3;1,Application;ConnectionState;Protocol,3,1.0,0.6300954784335281,-0.1814848606704793,2.7433941825235064,0.174904494309172,0.09240847764769698,2.8708806550894317,8.479556326758077,3.9303184603089885,0.18919468803004938,0.3433049616282756
366202,366202,2845287,1,1,2.346521820269341,3;1;5,ConnectionState;Protocol;TrafficVolume,2;1;5,Application;Protocol;TrafficVolume,2,0.5,0.630095478433528,-0.18148486067047953,-1.3038756369745874,0.09448609282145126,0.24237045197706705,2.8708806550894317,8.479556326758077,0.11695135918910537,0.12409005339059134,0.5918678476573883
366606,366606,304330,1,1,5.465389761001529,3;1;5,ConnectionState;Protocol;TrafficVolume,2;3;1,Application;ConnectionState;Protocol,2,0.5,0.6300954784335281,-0.1814848606704793,1.848084826592887,0.10676654192825795,0.19699748003497497,2.8708806550894317,8.479556326758077,3.0350091043783687,0.10676545789399977,0.5497201851162343
366657,366657,2653751,1,1,2.43427411472493,3;1;5,ConnectionState;Protocol;TrafficVolume,2;1;5,Application;Protocol;TrafficVolume,2,0.5,0.630095478433528,-0.18148486067047953,-1.3038756369745874,0.1822383872770401,0.24237045197706705,2.8708806550894317,8.479556326758077,0.11695135918910537,0.20519715255244592,0.5918678476573883
366978,366978,2675045,1,0,-2.288568907439207,3;1;5,ConnectionState;Protocol;TrafficVolume,2;3;1,Application;ConnectionState;Protocol,2,0.5,0.6300954784335281,-0.18148486067047953,-6.018059454933889,0.17519183884627762,0.24075779620299498,2.8708806550894317,8.479556326758077,4.831135177148409,0.21062809430171192,0.5934805034314606
367069,367069,2031458,1,1,0.5067553910217728,1;2;3,Protocol;Application;ConnectionState,2;1;5,Application;Protocol;TrafficVolume,2,0.5,-7.698729316728816,6.009024690103391,-0.9486739447275769,0.16209691376436774,0.11810675392804401,5.45794414007291,16.073237693339912,0.23825033305790488,0.2253386260651183,0.3982515755018289
367420,367420,1049932,1,0,-0.4063862767856681,1;2;3,Protocol;Application;ConnectionState,2;1;5,Application;Protocol;TrafficVolume,2,0.5,-7.698729316728816,4.981301397145514,-0.9486739447275767,0.19369886366823047,0.20108642917461766,5.45794414007291,15.045514400382036,0.23825033305790488,0.19373667616125562,0.5320341305109193
369103,369103,570843,1,1,6.243048340783394,3;1;2,ConnectionState;Protocol;Application,2;3;1,Application;ConnectionState;Protocol,3,1.0,0.6300954784335281,-0.1814848606704793,2.743394182523506,0.17581127607864305,0.010301969735834639,2.8708806550894317,8.479556326758077,3.9303184603089885,0.21000865706934646,0.24092240726164355
369198,369198,189943,1,1,5.509950526669872,3;1;5,ConnectionState;Protocol;TrafficVolume,2;3;1,Application;ConnectionState;Protocol,2,0.5,0.6300954784335281,-0.1814848606704793,1.8480848265928873,0.15132729417655996,0.19699749345501513,2.8708806550894317,8.479556326758077,3.0350091043783687,0.15132621014230196,0.5497201716961941
369245,369245,711231,1,1,6.333728203416248,3;1;4,ConnectionState;Protocol;Ports,2;3;1,Application;ConnectionState;Protocol,2,0.5,0.6300954784335281,-0.1814848606704793,2.743394182523506,0.18678010754254107,0.09001300090478992,2.8708806550894317,8.479556326758077,3.9303184603089885,0.19903982560544847,0.34090948488536865
369320,369320,2362579,1,0,-2.274446093102064,3;1;5,ConnectionState;Protocol;TrafficVolume,2;3;1,Application;ConnectionState;Protocol,2,0.5,0.6300954784335281,-0.18148486067047953,-6.018059454933889,0.18931465318342067,0.24075779620299498,2.8708806550894317,8.479556326758077,4.831135177148409,0.196505279964569,0.5934805034314606
369675,369675,2340252,1,1,5.425482342726616,3;1;5,ConnectionState;Protocol;TrafficVolume,2;3;1,Application;ConnectionState;Protocol,2,0.5,0.6300954784335281,-0.1814848606704793,1.848084826592887,0.06524646873815398,0.198610134950165,2.8708806550894317,8.479556326758077,3.0350091043783687,0.09373224663990097,0.5481075302010447
369833,369833,2876227,1,1,2.263425047269662,4;1;5,Ports;Protocol;TrafficVolume,2;1;4,Application;Protocol;Ports,2,0.5,0.630095478433528,-0.18148486067047953,0.049936817686782896,-1.3408104790655253,0.24075779620299498,2.8708806550894317,8.479556326758077,1.2368610954722645,1.4648837534364654,0.5934805034314606
369851,369851,1924444,1,1,1.4338913348989195,2;3;1,Application;ConnectionState;Protocol,2;1;5,Application;Protocol;TrafficVolume,2,0.5,0.630095478433528,-1.1512184560095486,-0.9486739447275768,0.17032331115944285,-0.13156534863928723,2.8708806550894317,9.449289922097146,0.23825033305790488,0.21549662198854688,0.2643082231113919
370205,370205,2124317,1,1,2.01010943938521,2;3;1,Application;ConnectionState;Protocol,2;1;5,Application;Protocol;TrafficVolume,2,0.5,0.6300954784335281,-1.1512184560095486,-0.9486739447275768,0.17870789966821962,0.4362681673382265,2.8708806550894317,9.449289922097146,0.23825033305790488,0.20711203347976995,1.3051022203273308
370569,370569,1634646,1,1,1.3549382377216077,2;3;1,Application;ConnectionState;Protocol,2;1;5,Application;Protocol;TrafficVolume,2,0.5,0.630095478433528,-1.1512184560095486,-0.9486739447275768,0.18366694722573132,-0.22386208188288728,2.8708806550894317,9.449289922097146,0.23825033305790488,0.2021529859222583,0.25662008629905914
370760,370760,1234236,1,1,3.6123959121915163,1;5;2,Protocol;TrafficVolume;Application,2;1;3,Application;Protocol;ConnectionState,2,0.5,0.6300954784335281,-0.18148486067047953,-0.07440369469235462,0.17444479709262237,0.19881389734583885,2.8708806550894317,8.479556326758077,1.112520583093127,0.18965438524659914,0.5418606066336437
370930,370930,1290624,1,1,6.3082568841764015,3;1;2,ConnectionState;Protocol;Application,2;3;1,Application;ConnectionState;Protocol,3,1.0,0.6300954784335281,-0.1814848606704793,2.743394182523506,0.15929964552931852,0.09202214367816632,2.8708806550894317,8.479556326758077,3.9303184603089885,0.20479953680990304,0.34291862765874503
370979,370979,905586,1,1,2.918191950503181,3;1;4,ConnectionState;Protocol;Ports,2;1;5,Application;Protocol;TrafficVolume,1,0.2,0.6300954784335281,-0.18148486067047953,-0.7641960350411057,0.20265828976104583,0.16618878333783105,2.8708806550894317,8.479556326758077,0.42272824274437615,0.20265720572678775,0.4608556225217283
371053,371053,1389528,1,1,6.317824763905446,3;1;2,ConnectionState;Protocol;Application,2;3;1,Application;ConnectionState;Protocol,3,1.0,0.6300954784335281,-0.1814848606704793,2.743394182523506,0.16876336899834704,0.09212629993818287,2.8708806550894317,8.479556326758077,3.9303184603089885,0.19533581334087433,0.3430227839187615
371233,371233,1572521,1,1,0.8735592467018343,2;3;5,Application;ConnectionState;TrafficVolume,2;1;5,Application;Protocol;TrafficVolume,2,0.5,0.630095478433528,-1.1512184560095486,-0.9486739447275767,0.1596562102115632,-0.6812303358884925,2.8708806550894317,9.449289922097146,0.23825033305790488,0.22616372293642661,0.6811794836381778
372948,372948,1552020,1,1,1.642198023033194,2;3;1,Application;ConnectionState;Protocol,2;1;5,Application;Protocol;TrafficVolume,2,0.5,0.630095478433528,-1.1512184560095486,-0.9486739447275768,0.19724487004620309,0.049819780608227233,2.8708806550894317,9.449289922097146,0.23825033305790488,0.19724378601194492,0.3183713381193157
373220,373220,506384,1,0,-0.42816113778626974,1;2;3,Protocol;Application;ConnectionState,2;1;5,Application;Protocol;TrafficVolume,2,0.5,-7.698729316728816,4.981301397145514,-0.9486739447275767,0.1699561366553902,0.20305429518685644,5.45794414007291,15.045514400382036,0.23825033305790488,0.2174794031740958,0.5235195185138309
373659,373659,2406097,1,1,5.3601100922746765,3;1;5,ConnectionState;Protocol;TrafficVolume,2;3;1,Application;ConnectionState;Protocol,2,0.5,0.6300954784335281,-0.1814848606704793,1.848084826592887,-0.00012580683610008414,0.19861016007248009,2.8708806550894317,8.479556326758077,3.0350091043783687,0.07018706867963628,0.5481075050787294
374536,374536,870137,1,1,1.4972419774386951,2;3;1,Application;ConnectionState;Protocol,2;1;5,Application;Protocol;TrafficVolume,2,0.5,0.630095478433528,-1.1512184560095486,-0.9486739447275768,0.18452244555023736,-0.08241384049030573,2.8708806550894317,9.449289922097146,0.23825033305790488,0.2012974875977524,0.2847528496873403
374646,374646,1533690,1,1,1.000806893582249,2;3;1,Application;ConnectionState;Protocol,2;1;5,Application;Protocol;TrafficVolume,2,0.5,0.630095478433528,-1.1512184560095486,-0.9486739447275768,0.17428486886957284,-0.5686113476660878,2.8708806550894317,9.449289922097146,0.23825033305790488,0.21153506427841687,0.568560495415773
374911,374911,2656196,1,1,3.7951104975828347,1;5;4,Protocol;TrafficVolume;Ports,2;1;3,Application;Protocol;ConnectionState,1,0.2,0.630095478433528,-0.18148486067047953,0.04993681768678293,0.19087497124764718,0.24075779620299498,2.8708806550894317,8.479556326758077,1.2368610954722645,0.1908738872133893,0.5934805034314606
374926,374926,2418876,1,1,2.197107566978917,3;1;5,ConnectionState;Protocol;TrafficVolume,2;1;5,Application;Protocol;TrafficVolume,2,0.5,0.630095478433528,-0.18148486067047953,-1.3038756369745874,-0.05492816046897265,0.24237045197706705,2.8708806550894317,8.479556326758077,0.11695135918910537,0.05492924450323083,0.5918678476573883
374929,374929,1720393,1,0,-0.04453553461751181,3;1;2,ConnectionState;Protocol;Application,2;1;3,Application;Protocol;ConnectionState,3,1.0,0.6300954784335282,-0.18148486067047953,-3.4636954989600683,0.09130864580070516,0.01431040609644097,2.8708806550894317,8.479556326758077,2.276771221174586,0.09651139330693945,0.21684216760106606
375679,375679,849325,1,0,-0.4331660924934506,1;2;3,Protocol;Application;ConnectionState,2;1;5,Application;Protocol;TrafficVolume,2,0.5,-7.698729316728816,4.981301397145514,-0.9486739447275767,0.16691929639223196,0.20108618074283388,5.45794414007291,15.045514400382036,0.23825033305790488,0.22051624343725407,0.5320343789427031
375826,375826,1529787,1,1,2.588573701407483,3;1;2,ConnectionState;Protocol;Application,2;1;5,Application;Protocol;TrafficVolume,2,0.5,0.6300954784335281,-0.18148486067047953,-0.9486739447275768,0.18144833242923178,0.042258401260418126,2.8708806550894317,8.479556326758077,0.23825033305790488,0.20437160071875773,0.28209147151235325
376021,376021,1808180,1,1,1.3963527704394993,2;3;1,Application;ConnectionState;Protocol,2;1;5,Application;Protocol;TrafficVolume,2,0.5,0.630095478433528,-1.1512184560095486,-0.9486739447275768,0.17909482601836937,-0.17787542795763367,2.8708806550894317,9.449289922097146,0.23825033305790488,0.20672510712962036,0.29126639458387993
376424,376424,775628,1,0,-0.4452937331833464,1;2;3,Protocol;Application;ConnectionState,2;1;5,Application;Protocol;TrafficVolume,2,0.5,-7.698729316728816,4.981301397145514,-0.9486739447275767,0.15418622177782915,0.20169161466734079,5.45794414007291,15.045514400382036,0.23825033305790488,0.23324931805165694,0.5294145484000036
376689,376689,535317,1,1,3.6364150721273436,1;5;2,Protocol;TrafficVolume;Application,2;1;3,Application;Protocol;ConnectionState,2,0.5,0.6300954784335281,-0.18148486067047953,-0.07440369469235462,0.16462787094403986,0.23264998343024867,2.8708806550894317,8.479556326758077,1.112520583093127,0.19947131139518176,0.6176258832541422
378310,378310,1821551,1,1,1.4208602392613816,2;3;1,Application;ConnectionState;Protocol,2;1;5,Application;Protocol;TrafficVolume,2,0.5,0.630095478433528,-1.1512184560095486,-0.9486739447275768,0.159443224205591,-0.13371635732297318,2.8708806550894317,9.449289922097146,0.23825033305790488,0.22637670894239875,0.24791364701663166
380189,380189,3062376,1,1,2.9251761430763272,4;1;5,Ports;Protocol;TrafficVolume,2;1;3,Application;Protocol;ConnectionState,1,0.2,0.6300954784335281,-0.18148486067047953,0.04993681768678293,-0.6790593832588603,0.24075779620299498,2.8708806550894317,8.479556326758077,1.2368610954722645,0.8144742176721694,0.5934805034314606
380323,380323,1213251,1,1,6.339180227125071,3;1;4,ConnectionState;Protocol;Ports,2;3;1,Application;ConnectionState;Protocol,2,0.5,0.6300954784335281,-0.1814848606704793,2.7433941825235064,0.1901543650488413,0.09209076710731325,2.8708806550894317,8.479556326758077,3.9303184603089885,0.19015328101458318,0.34298725108789185
380706,380706,710412,1,1,2.908753061978615,3;1;4,ConnectionState;Protocol;Ports,2;1;5,Application;Protocol;TrafficVolume,1,0.2,0.6300954784335281,-0.18148486067047953,-0.7641960350411057,0.19321941530068185,0.1661887692736288,2.8708806550894317,8.479556326758077,0.42272824274437615,0.19321833126642374,0.4608556365859303
381249,381249,755399,1,1,6.331177958125978,3;1;4,ConnectionState;Protocol;Ports,2;3;1,Application;ConnectionState;Protocol,2,0.5,0.6300954784335282,-0.1814848606704793,2.7433941825235064,0.18222414813812107,0.09201871501894046,2.8708806550894317,8.479556326758077,3.9303184603089885,0.18222306410386305,0.34291519899951917
381849,381849,2611194,1,1,5.07458277927647,3;1;4,ConnectionState;Protocol;Ports,2;3;1,Application;ConnectionState;Protocol,2,0.5,0.6300954784335281,-0.1814848606704793,1.848084826592887,-0.28565309471199113,0.198610134950165,2.8708806550894317,8.479556326758077,3.0350091043783687,0.2856541787462492,0.5481075302010447
383194,383194,348883,1,1,5.446722416395591,3;1;5,ConnectionState;Protocol;TrafficVolume,2;3;1,Application;ConnectionState;Protocol,2,0.5,0.6300954784335282,-0.1814848606704793,1.848084826592887,0.08809919667815791,0.19699748067913705,2.8708806550894317,8.479556326758077,3.0350091043783687,0.08809811264389983,0.5497201844720725
383602,383602,2294169,1,1,5.534280505019197,3;1;5,ConnectionState;Protocol;TrafficVolume,2;3;1,Application;ConnectionState;Protocol,2,0.5,0.6300954784335281,-0.1814848606704793,1.848084826592887,0.17243188120902175,0.20022288477187875,2.8708806550894317,8.479556326758077,3.0350091043783687,0.21338805193896784,0.5464947803793307
383884,383884,2732073,1,1,2.3841553372014825,3;1;5,ConnectionState;Protocol;TrafficVolume,2;1;5,Application;Protocol;TrafficVolume,2,0.5,0.630095478433528,-0.18148486067047953,-1.3038756369745874,0.13211960975359285,0.24237045197706705,2.8708806550894317,8.479556326758077,0.11695135918910537,0.13761698940134248,0.5918678476573883
383926,383926,982767,1,1,2.8748313120295026,3;1;2,ConnectionState;Protocol;Application,2;1;5,Application;Protocol;TrafficVolume,2,0.5,0.630095478433528,-0.18148486067047953,-0.7641960350411057,0.1592976834954638,0.1661887511297344,2.8708806550894317,8.479556326758077,0.42272824274437615,0.2265222496525259,0.4608556547298247
384315,384315,1926688,1,1,1.4873761088830766,2;3;1,Application;ConnectionState;Protocol,2;1;5,Application;Protocol;TrafficVolume,2,0.5,0.630095478433528,-1.1512184560095486,-0.9486739447275768,0.1838195883557078,-0.091576851851395,2.8708806550894317,9.449289922097146,0.23825033305790488,0.202000344792282,0.34043119267714644
384781,384781,2089094,1,1,0.5394136016407858,1;2;3,Protocol;Application;ConnectionState,2;1;5,Application;Protocol;TrafficVolume,2,0.5,-7.698729316728816,6.009024690103391,-0.9486739447275769,0.1978751841111906,0.114986694200234,5.45794414007291,16.073237693339912,0.23825033305790488,0.19787410007693257,0.39029251119528147
385023,385023,2974874,1,1,2.0498847553529655,4;1;5,Ports;Protocol;TrafficVolume,2;1;4,Application;Protocol;Ports,2,0.5,0.630095478433528,-0.18148486067047953,0.04993681768678283,-1.5543507709822222,0.24075779620299498,2.8708806550894317,8.479556326758077,1.2368610954722645,1.55435185501648,0.5934805034314606
385323,385323,2253640,1,1,5.518247822789256,3;1;5,ConnectionState;Protocol;TrafficVolume,2;3;1,Application;ConnectionState;Protocol,2,0.5,0.6300954784335281,-0.1814848606704793,1.8480848265928873,0.15639928454525687,0.20022279920570263,2.8708806550894317,8.479556326758077,3.0350091043783687,0.229420648602733,0.5464948659455069
385911,385911,3187866,1,1,5.588011067276349,3;1;4,ConnectionState;Protocol;Ports,2;3;1,Application;ConnectionState;Protocol,2,0.5,0.6300954784335281,-0.1814848606704793,1.848084826592887,0.22938784841779802,0.19699747982025428,2.8708806550894317,8.479556326758077,3.0350091043783687,0.22938676438353983,0.549720185330955
387003,387003,1893355,1,1,0.8346031649118646,2;3;5,Application;ConnectionState;TrafficVolume,2;1;5,Application;Protocol;TrafficVolume,2,0.5,0.630095478433528,-1.1512184560095486,-0.9486739447275767,0.15293647227015403,-0.7134666797370532,2.8708806550894317,9.449289922097146,0.23825033305790488,0.2328834608778356,0.8857196929682876
387214,387214,612287,1,1,6.31995682574482,3;1;2,ConnectionState;Protocol;Application,2;3;1,Application;ConnectionState;Protocol,3,1.0,0.6300954784335282,-0.1814848606704793,2.7433941825235064,0.1709109877777406,0.09211074299816334,2.8708806550894317,8.479556326758077,3.9303184603089885,0.19318819456148106,0.3430072269787421
387235,387235,387501,1,1,5.433030921139206,3;1;5,ConnectionState;Protocol;TrafficVolume,2;3;1,Application;ConnectionState;Protocol,2,0.5,0.6300954784335282,-0.1814848606704793,1.848084826592887,0.07440770142177211,0.19699748067913705,2.8708806550894317,8.479556326758077,3.0350091043783687,0.07440661738751404,0.5497201844720725
387648,387648,1195828,1,1,6.339000061500824,3;1;4,ConnectionState;Protocol;Ports,2;3;1,Application;ConnectionState;Protocol,2,0.5,0.6300954784335281,-0.1814848606704793,2.743394182523506,0.18959349886585097,0.09247146766605675,2.8708806550894317,8.479556326758077,3.9303184603089885,0.18959241483159273,0.34336795164663536
388114,388114,2490157,1,1,2.3502499526070815,3;1;5,ConnectionState;Protocol;TrafficVolume,2;1;5,Application;Protocol;TrafficVolume,2,0.5,0.630095478433528,-0.18148486067047953,-1.3038756369745874,0.09821422515919175,0.24237045197706705,2.8708806550894317,8.479556326758077,0.11695135918910537,0.1655985328660794,0.5918678476573883
388301,388301,950582,1,1,6.2960555621006815,3;1;2,ConnectionState;Protocol;Application,2;3;1,Application;ConnectionState;Protocol,3,1.0,0.6300954784335281,-0.1814848606704793,2.743394182523506,0.14653462465029676,0.09258584248146852,2.8708806550894317,8.479556326758077,3.9303184603089885,0.21756455768892463,0.34348232646204746
389106,389106,2913298,1,1,1.6096015615489645,3;4;1,ConnectionState;Ports;Protocol,2;1;4,Application;Protocol;Ports,2,0.5,0.6300954784335282,-0.18148486067047953,-1.3038756369745874,-0.6440468216729976,0.24398310775113954,2.8708806550894317,8.479556326758077,0.11695135918910537,0.6440479057072556,0.590255191883316
389329,389329,2333558,1,0,-2.3080021992094677,3;1;5,ConnectionState;Protocol;TrafficVolume,2;3;1,Application;ConnectionState;Protocol,2,0.5,0.6300954784335281,-0.18148486067047953,-6.018059454933889,0.15575854707601697,0.24075779620299498,2.8708806550894317,8.479556326758077,4.831135177148409,0.23006138607197277,0.5934805034314606
390386,390386,1708145,1,1,1.5944777852846166,3;4;1,ConnectionState;Ports;Protocol,2;1;4,Application;Protocol;Ports,2,0.5,0.6300954784335282,-0.18148486067047953,-1.3038756369745874,-0.6591705979373454,0.24398310775113954,2.8708806550894317,8.479556326758077,0.11695135918910537,0.6903957307039659,0.590255191883316
390444,390444,2225401,1,1,5.532602099610186,3;1;5,ConnectionState;Protocol;TrafficVolume,2;3;1,Application;ConnectionState;Protocol,2,0.5,0.6300954784335281,-0.1814848606704793,1.848084826592887,0.17075283389264842,0.20022352667924068,2.8708806550894317,8.479556326758077,3.0350091043783687,0.2150670992553414,0.5464941384719688
390572,390572,168486,1,1,0.6263911975781262,1;2;3,Protocol;Application;ConnectionState,2;1;5,Application;Protocol;TrafficVolume,2,0.5,-7.698729316728816,6.009024690103391,-0.9486739447275769,0.20308449181086302,0.19675498243790193,5.45794414007291,16.073237693339912,0.23825033305790488,0.20308340777660494,0.529315217766812
390889,390889,2829848,1,1,2.8576897809339554,4;1;5,Ports;Protocol;TrafficVolume,2;1;3,Application;Protocol;ConnectionState,1,0.2,0.6300954784335281,-0.18148486067047953,0.049936817686782924,-0.746545745401232,0.24075779620299498,2.8708806550894317,8.479556326758077,1.2368610954722645,0.8517022249978984,0.5934805034314606
391031,391031,1898023,1,1,2.3556944837422704,2;3;5,Application;ConnectionState;TrafficVolume,2;1;5,Application;Protocol;TrafficVolume,2,0.5,0.630095478433528,-1.1512184560095486,-0.9486739447275768,0.19950963194701957,0.7610514794164873,2.8708806550894317,9.449289922097146,0.23825033305790488,0.1995085479127614,1.0390190906356465
391353,391353,1003674,1,1,2.8779215458514193,3;1;2,ConnectionState;Protocol;Application,2;1;5,Application;Protocol;TrafficVolume,2,0.5,0.6300954784335281,-0.18148486067047953,-0.7641960350411057,0.1623879569333391,0.1661887115137759,2.8708806550894317,8.479556326758077,0.42272824274437615,0.20171122540588232,0.46085569434578333
391596,391596,275570,1,1,5.478067073379226,3;1;5,ConnectionState;Protocol;TrafficVolume,2;3;1,Application;ConnectionState;Protocol,2,0.5,0.6300954784335282,-0.1814848606704793,1.848084826592887,0.11944385344707074,0.1969974808938577,2.8708806550894317,8.479556326758077,3.0350091043783687,0.11944276941281264,0.5497201842573518
391615,391615,1563321,1,1,1.3698364210275147,2;3;1,Application;ConnectionState;Protocol,2;1;5,Application;Protocol;TrafficVolume,2,0.5,0.630095478433528,-1.1512184560095486,-0.9486739447275768,0.15257794350870846,-0.1778748948599577,2.8708806550894317,9.449289922097146,0.23825033305790488,0.23324198963928125,0.2912658614862038
391803,391803,2021093,1,1,2.006169785536254,2;3;1,Application;ConnectionState;Protocol,2;1;5,Application;Protocol;TrafficVolume,2,0.5,0.630095478433528,-1.1512184560095486,-0.9486739447275768,0.1643703244758106,0.4466660886816798,2.8708806550894317,9.449289922097146,0.23825033305790488,0.22144960867217903,1.4833854004809988
392148,392148,1095590,1,1,2.888936561029504,3;1;2,ConnectionState;Protocol;Application,2;1;5,Application;Protocol;TrafficVolume,2,0.5,0.6300954784335281,-0.18148486067047953,-0.7641960350411057,0.17340293550155425,0.16618874812364526,2.8708806550894317,8.479556326758077,0.42272824274437615,0.19069624683766725,0.46085565773591364
392154,392154,183580,1,1,5.512581055982494,3;1;5,ConnectionState;Protocol;TrafficVolume,2;3;1,Application;ConnectionState;Protocol,2,0.5,0.6300954784335282,-0.1814848606704793,1.848084826592887,0.15395783605034016,0.1969974808938577,2.8708806550894317,8.479556326758077,3.0350091043783687,0.1539567520160823,0.5497201842573518
392680,392680,1328675,1,1,6.3378524498944575,3;1;4,ConnectionState;Protocol;Ports,2;3;1,Application;ConnectionState;Protocol,2,0.5,0.6300954784335281,-0.1814848606704793,2.743394182523506,0.18877704875982262,0.09214030616571911,2.8708806550894317,8.479556326758077,3.9303184603089885,0.1887759647255645,0.34303679014629784
392762,392762,503147,1,0,-0.3952531751762032,1;2;3,Protocol;Application;ConnectionState,2;1;5,Application;Protocol;TrafficVolume,2,0.5,-7.698729316728816,4.981301397145514,-0.9486739447275767,0.2019556605590428,0.20396273389327033,5.45794414007291,15.045514400382036,0.23825033305790488,0.20195457652478466,0.5195894848801282
392942,392942,348693,1,1,5.4484972583760936,3;1;5,ConnectionState;Protocol;TrafficVolume,2;3;1,Application;ConnectionState;Protocol,2,0.5,0.6300954784335281,-0.1814848606704793,1.8480848265928873,0.089874023091413,0.19699749624638338,2.8708806550894317,8.479556326758077,3.0350091043783687,0.08987293905715488,0.5497201689048259
393236,393236,113926,1,1,2.469801009702895,3;1;5,ConnectionState;Protocol;TrafficVolume,2;1;5,Application;Protocol;TrafficVolume,2,0.5,0.6300954784335281,-0.18148486067047953,-1.3038756369745874,0.21615262648093303,0.2439831077511396,2.8708806550894317,8.479556326758077,0.11695135918910537,0.216151542446675,0.590255191883316
393412,393412,2630765,1,1,2.336833421257168,4;1;5,Ports;Protocol;TrafficVolume,2;1;4,Application;Protocol;Ports,2,0.5,0.630095478433528,-0.18148486067047953,0.049936817686782896,-1.2674021050780189,0.24075779620299498,2.8708806550894317,8.479556326758077,1.2368610954722645,1.3712877618999897,0.5934805034314606
393924,393924,890325,1,1,3.5894022189901205,1;5;2,Protocol;TrafficVolume;Application,2;1;3,Application;Protocol;ConnectionState,2,0.5,0.6300954784335281,-0.18148486067047953,-0.07440369469235471,0.1514510727567328,0.19881392848033208,2.8708806550894317,8.479556326758077,1.112520583093127,0.21264810958248842,0.5418605754991505
394123,394123,1473392,1,1,5.534969652545929,3;1;5,ConnectionState;Protocol;TrafficVolume,2;3;1,Application;ConnectionState;Protocol,2,0.5,0.6300954784335281,-0.1814848606704793,1.848084826592887,0.16828313100620496,0.20506078250142612,2.8708806550894317,8.479556326758077,3.0350091043783687,0.22106717968913328,0.5416568826497834
394166,394166,366940,1,1,0.6187212204436725,1;2;3,Protocol;Application;ConnectionState,2;1;5,Application;Protocol;TrafficVolume,2,0.5,-7.698729316728816,6.009024690103391,-0.9486739447275769,0.19974592000901326,0.19242357710529812,5.45794414007291,16.073237693339912,0.23825033305790488,0.1997448359747552,0.5265962636185928
394369,394369,1609361,1,1,0.9859638770803221,2;3;1,Application;ConnectionState;Protocol,2;1;5,Application;Protocol;TrafficVolume,2,0.5,0.630095478433528,-1.1512184560095486,-0.9486739447275767,0.18765690456991158,-0.5968263998683531,2.8708806550894317,9.449289922097146,0.23825033305790488,0.19816302857807802,0.6763515181250992
394874,394874,3073910,1,1,0.8103500546713134,4;3;1,Ports;ConnectionState;Protocol,2;1;4,Application;Protocol;Ports,2,0.5,0.630095478433528,-0.18148486067047953,-1.3038756369745874,-1.4432983285506484,0.24398310775113952,2.8708806550894317,8.479556326758077,0.11695135918910537,1.5507621633631679,0.590255191883316
394933,394933,3220108,1,1,5.575555619050556,3;1;4,ConnectionState;Protocol;Ports,2;3;1,Application;ConnectionState;Protocol,2,0.5,0.6300954784335281,-0.1814848606704793,1.8480848265928873,0.21693238526892003,0.19699749474333927,2.8708806550894317,8.479556326758077,3.0350091043783687,0.216931301234662,0.5497201704078705
394943,394943,751979,1,1,6.3392512477719425,3;1;4,ConnectionState;Protocol;Ports,2;3;1,Application;ConnectionState;Protocol,2,0.5,0.6300954784335281,-0.1814848606704793,2.7433941825235064,0.19020761155033417,0.0921085412526912,2.8708806550894317,8.479556326758077,3.9303184603089885,0.1902065275160762,0.3430050252332698
394982,394982,2259112,1,1,5.5156050288921055,3;1;5,ConnectionState;Protocol;TrafficVolume,2;3;1,Application;ConnectionState;Protocol,2,0.5,0.6300954784335281,-0.1814848606704793,1.8480848265928873,0.1537564720747702,0.20022281777903816,2.8708806550894317,8.479556326758077,3.0350091043783687,0.23206346107321935,0.5464948473721714
395900,395900,2342392,1,1,2.391966734955775,3;1;5,ConnectionState;Protocol;TrafficVolume,2;1;5,Application;Protocol;TrafficVolume,2,0.5,0.630095478433528,-0.18148486067047953,-1.3038756369745874,0.13993100750788523,0.24237045197706705,2.8708806550894317,8.479556326758077,0.11695135918910537,0.18688986070169533,0.5918678476573883
396006,396006,3098155,1,1,2.147022163306214,3;1;5,ConnectionState;Protocol;TrafficVolume,2;1;5,Application;Protocol;TrafficVolume,2,0.5,0.6300954784335282,-0.18148486067047953,-1.3038756369745874,-0.10662621991574812,0.24398310775113954,2.8708806550894317,8.479556326758077,0.11695135918910537,0.1322497933176595,0.590255191883316
397955,397955,2190537,1,0,-3.0916266496994558,3;4;5,ConnectionState;Ports;TrafficVolume,2;3;1,Application;ConnectionState;Protocol,1,0.2,0.6300954784335281,-0.1814848606704795,-6.018059454933889,-1.2164864754955758,0.8293783682845997,2.8708806550894317,8.479556326758077,4.831135177148409,1.3365768878288193,0.9060857104347319
398141,398141,1718794,1,1,5.053511957192992,3;1;4,ConnectionState;Protocol;Ports,2;3;1,Application;ConnectionState;Protocol,2,0.5,0.6300954784335282,-0.1814848606704793,1.848084826592887,-0.3067239675769011,0.19861018573159672,2.8708806550894317,8.479556326758077,3.0350091043783687,0.31941567915278957,0.5481074794196126
398255,398255,2384010,1,1,2.2318566345027855,3;1;5,ConnectionState;Protocol;TrafficVolume,2;1;5,Application;Protocol;TrafficVolume,2,0.5,0.630095478433528,-0.18148486067047953,-1.3038756369745874,-0.020179092945104227,0.24237045197706705,2.8708806550894317,8.479556326758077,0.11695135918910537,0.020180176979362405,0.5918678476573883
398287,398287,2931917,1,1,3.8842351075245514,3;4;1,ConnectionState;Ports;Protocol,2;3;1,Application;ConnectionState;Protocol,2,0.5,0.6300954784335281,-0.18148486067047945,1.848084826592887,-1.4776135665302543,0.20022293501650912,2.8708806550894317,8.479556326758077,3.0350091043783687,1.477614650564513,0.5464947301347003
398909,398909,2740103,1,1,5.364403859207663,3;1;5,ConnectionState;Protocol;TrafficVolume,2;3;1,Application;ConnectionState;Protocol,2,0.5,0.6300954784335281,-0.1814848606704793,1.848084826592887,0.004167985219201142,0.198610134950165,2.8708806550894317,8.479556326758077,3.0350091043783687,0.0870754981270821,0.5481075302010447
399229,399229,738795,1,1,6.335190825269915,3;1;4,ConnectionState;Protocol;Ports,2;3;1,Application;ConnectionState;Protocol,2,0.5,0.6300954784335282,-0.1814848606704793,2.743394182523506,0.18621410501890254,0.09204162528209638,2.8708806550894317,8.479556326758077,3.9303184603089885,0.18621302098464454,0.3429381092626753
399490,399490,2629774,1,1,2.3036816177966846,3;1;5,ConnectionState;Protocol;TrafficVolume,2;1;5,Application;Protocol;TrafficVolume,2,0.5,0.630095478433528,-0.18148486067047953,-1.3038756369745874,0.05164589034879485,0.24237045197706705,2.8708806550894317,8.479556326758077,0.11695135918910537,0.051644806314536884,0.5918678476573883
399587,399587,1075194,1,1,6.336996034271301,3;1;4,ConnectionState;Protocol;Ports,2;3;1,Application;ConnectionState;Protocol,2,0.5,0.6300954784335282,-0.1814848606704793,2.743394182523506,0.18798899675383485,0.0920719425485501,2.8708806550894317,8.479556326758077,3.9303184603089885,0.18798791271957677,0.34296842652912884
399835,399835,2698851,1,1,2.2603376419467542,3;1;5,ConnectionState;Protocol;TrafficVolume,2;1;5,Application;Protocol;TrafficVolume,2,0.5,0.6300954784335281,-0.18148486067047953,-1.3038756369745874,0.00830191449886412,0.24237045197706705,2.8708806550894317,8.479556326758077,0.11695135918910537,0.022865442169729123,0.5918678476573883
400156,400156,1893448,1,1,1.585026407709423,2;3;1,Application;ConnectionState;Protocol,2;1;5,Application;Protocol;TrafficVolume,2,0.5,0.630095478433528,-1.1512184560095486,-0.9486739447275768,0.1784984623381623,0.011394572992496691,2.8708806550894317,9.449289922097146,0.23825033305790488,0.2073214708098273,0.33618851197791844
401567,401567,1875589,1,1,0.5413475305705595,1;2;3,Protocol;Application;ConnectionState,2;1;5,Application;Protocol;TrafficVolume,2,0.5,-7.698729316728816,6.009024690103391,-0.9486739447275769,0.19668955640362107,0.11810625083757748,5.45794414007291,16.073237693339912,0.23825033305790488,0.196688472369363,0.3982520785922952
402172,402172,2413573,1,1,2.334596739806682,3;1;5,ConnectionState;Protocol;TrafficVolume,2;1;5,Application;Protocol;TrafficVolume,2,0.5,0.6300954784335281,-0.18148486067047953,-1.3038756369745874,0.0825610123587923,0.24237045197706705,2.8708806550894317,8.479556326758077,0.11695135918910537,0.14050289683352532,0.5918678476573883
402346,402346,1227798,1,1,2.89076981808138,3;1;2,ConnectionState;Protocol;Application,2;1;5,Application;Protocol;TrafficVolume,2,0.5,0.6300954784335281,-0.18148486067047953,-0.7641960350411057,0.17523621058996405,0.16618873008711169,2.8708806550894317,8.479556326758077,0.42272824274437615,0.21058372255802546,0.4608556757724477
402546,402546,415839,1,1,5.422128430271975,3;1;5,ConnectionState;Protocol;TrafficVolume,2;3;1,Application;ConnectionState;Protocol,2,0.5,0.6300954784335282,-0.1814848606704793,1.848084826592887,0.06350521066190229,0.1969974805717767,2.8708806550894317,8.479556326758077,3.0350091043783687,0.06350412662764407,0.5497201845794328
402797,402797,1777592,1,1,1.3334864563237079,3;4;1,ConnectionState;Ports;Protocol,2;1;4,Application;Protocol;Ports,2,0.5,0.630095478433528,-0.18148486067047953,-1.3038756369745874,-0.9201619268982544,0.24398310775113952,2.8708806550894317,8.479556326758077,0.11695135918910537,0.9365809109640995,0.590255191883316
402840,402840,1269055,1,1,2.8997172221489755,3;1;4,ConnectionState;Protocol;Ports,2;1;5,Application;Protocol;TrafficVolume,1,0.2,0.6300954784335281,-0.18148486067047953,-0.7641960350411057,0.18418362872176175,0.16618871602290944,2.8708806550894317,8.479556326758077,0.42272824274437615,0.18418254468750375,0.4608556898366498
403283,403283,2543566,1,0,-2.280885400252992,3;1;5,ConnectionState;Protocol;TrafficVolume,2;3;1,Application;ConnectionState;Protocol,2,0.5,0.6300954784335281,-0.18148486067047953,-6.018059454933889,0.18287534603249211,0.24075779620299498,2.8708806550894317,8.479556326758077,4.831135177148409,0.20294458711549743,0.5934805034314606
403346,403346,1663817,1,1,1.5875425049481104,3;4;1,ConnectionState;Ports;Protocol,2;1;4,Application;Protocol;Ports,2,0.5,0.6300954784335282,-0.18148486067047953,-1.3038756369745874,-0.6661058782738516,0.24398310775113954,2.8708806550894317,8.479556326758077,0.11695135918910537,0.7199608825783703,0.590255191883316
403731,403731,1552828,1,1,1.3700129117964088,2;3;1,Application;ConnectionState;Protocol,2;1;5,Application;Protocol;TrafficVolume,2,0.5,0.630095478433528,-1.1512184560095486,-0.9486739447275768,0.15273768096784127,-0.17785814155019608,2.8708806550894317,9.449289922097146,0.23825033305790488,0.2330822521801485,0.29124910817644234
403755,403755,1953634,1,1,0.4967962512266717,1;2;3,Protocol;Application;ConnectionState,2;1;5,Application;Protocol;TrafficVolume,2,0.5,-7.698729316728816,6.009024690103391,-0.9486739447275769,0.15525825734090506,0.11498627055640571,5.45794414007291,16.073237693339912,0.23825033305790488,0.2321772824885811,0.3902929348391099
403833,403833,2871004,1,1,2.349646219837049,4;1;5,Ports;Protocol;TrafficVolume,2;1;4,Application;Protocol;Ports,2,0.5,0.630095478433528,-0.18148486067047953,0.049936817686782896,-1.2545893064981384,0.24075779620299498,2.8708806550894317,8.479556326758077,1.2368610954722645,1.3903236158297132,0.5934805034314606
403892,403892,1688682,1,1,0.4981567492839756,4;3;1,Ports;ConnectionState;Protocol,2;1;4,Application;Protocol;Ports,2,0.5,0.630095478433528,-0.18148486067047953,-1.3038756369745874,-1.7554916339379867,0.24398310775113952,2.8708806550894317,8.479556326758077,0.11695135918910537,1.7636964191179711,0.590255191883316
404064,404064,95403,1,1,2.0871667869369044,3;1;5,ConnectionState;Protocol;TrafficVolume,2;1;5,Application;Protocol;TrafficVolume,2,0.5,0.6300954784335282,-0.18148486067047953,-1.3038756369745874,-0.16648159628505785,0.24398310775113954,2.8708806550894317,8.479556326758077,0.11695135918910537,0.2627352150163298,0.590255191883316
405342,405342,2829169,1,1,2.4239458615950262,3;1;5,ConnectionState;Protocol;TrafficVolume,2;1;5,Application;Protocol;TrafficVolume,2,0.5,0.630095478433528,-0.18148486067047953,-1.3038756369745874,0.17191013414713657,0.24237045197706705,2.8708806550894317,8.479556326758077,0.11695135918910537,0.18554716798772605,0.5918678476573883
405712,405712,331980,1,1,5.453980179124395,3;1;5,ConnectionState;Protocol;TrafficVolume,2;3;1,Application;ConnectionState;Protocol,2,0.5,0.6300954784335282,-0.1814848606704793,1.848084826592887,0.09535695929960131,0.19699748078649731,2.8708806550894317,8.479556326758077,3.0350091043783687,0.09535587526534331,0.5497201843647121
405820,405820,76917,1,1,0.6106715653083103,4;3;1,Ports;ConnectionState;Protocol,2;1;4,Application;Protocol;Ports,2,0.5,0.630095478433528,-0.18148486067047953,-1.3038756369745874,-1.6429768179136515,0.24398310775113952,2.8708806550894317,8.479556326758077,0.11695135918910537,1.6429779019479098,0.590255191883316
406216,406216,3057937,1,1,6.068165002046243,2;3;1,Application;ConnectionState;Protocol,2;1;3,Application;Protocol;ConnectionState,3,1.0,0.6300954784335282,1.4197014018641256,1.2681788538573024,0.15743009979451567,-0.27217112658559023,2.8708806550894317,7.546836499107483,2.4551031316427845,0.19805258863045894,0.4067254358520458
408453,408453,3081427,1,1,4.86519639851789,3;1;4,ConnectionState;Protocol;Ports,2;3;1,Application;ConnectionState;Protocol,2,0.5,0.6300954784335282,-0.1814848606704793,1.848084826592887,-0.49665213135200414,0.20022279083159766,2.8708806550894317,8.479556326758077,3.0350091043783687,0.6016595133812432,0.5464948743196121
408755,408755,2312014,1,1,2.1864495472685825,4;1;5,Ports;Protocol;TrafficVolume,2;1;4,Application;Protocol;Ports,2,0.5,0.630095478433528,-0.18148486067047953,0.04993681768678289,-1.4177859790666048,0.24075779620299498,2.8708806550894317,8.479556326758077,1.2368610954722645,1.5516815056680198,0.5934805034314606
410061,410061,2150200,1,1,1.7326412266474267,2;3;1,Application;ConnectionState;Protocol,2;1;5,Application;Protocol;TrafficVolume,2,0.5,0.630095478433528,-1.1512184560095486,-0.9486739447275768,0.18539569236768305,0.1521121619009796,2.8708806550894317,9.449289922097146,0.23825033305790488,0.20042424078030655,0.7442247879721174
410548,410548,3239467,1,1,5.5671568935469775,3;1;4,ConnectionState;Protocol;Ports,2;3;1,Application;ConnectionState;Protocol,2,0.5,0.6300954784335282,-0.1814848606704793,1.848084826592887,0.2085336611610265,0.1969974933476548,2.8708806550894317,8.479556326758077,3.0350091043783687,0.20853257712676856,0.5497201718035545
411991,411991,2912327,1,1,1.0040335215059508,3;4;1,ConnectionState;Ports;Protocol,2;1;4,Application;Protocol;Ports,2,0.5,0.630095478433528,-0.18148486067047953,-1.3038756369745874,-1.2496148617160112,0.24398310775113952,2.8708806550894317,8.479556326758077,0.11695135918910537,1.3763895231861691,0.590255191883316
412066,412066,2282753,1,1,5.50681573595422,3;1;5,ConnectionState;Protocol;TrafficVolume,2;3;1,Application;ConnectionState;Protocol,2,0.5,0.6300954784335281,-0.1814848606704793,1.848084826592887,0.14496720565488452,0.20022279126103878,2.8708806550894317,8.479556326758077,3.0350091043783687,0.24085272749310535,0.5464948738901707
412275,412275,2254198,1,1,5.519504448165284,3;1;5,ConnectionState;Protocol;TrafficVolume,2;3;1,Application;ConnectionState;Protocol,2,0.5,0.6300954784335281,-0.1814848606704793,1.848084826592887,0.15765590852560066,0.20022280060138692,2.8708806550894317,8.479556326758077,3.0350091043783687,0.22816402462238897,0.5464948645498227
412700,412700,1922406,1,1,2.0836529682368568,2;3;1,Application;ConnectionState;Protocol,2;1;5,Application;Protocol;TrafficVolume,2,0.5,0.6300954784335281,-1.1512184560095486,-0.9486739447275768,0.1530252157575269,0.535494380100566,2.8708806550894317,9.449289922097146,0.23825033305790488,0.23279471739046265,1.6195231148841995
414106,414106,1698903,1,1,2.3806264774389128,3;1;5,ConnectionState;Protocol;TrafficVolume,2;1;5,Application;Protocol;TrafficVolume,2,0.5,0.6300954784335281,-0.18148486067047953,-1.3038756369745874,0.128590749991023,0.24237045197706705,2.8708806550894317,8.479556326758077,0.11695135918910537,0.18416847589111002,0.5918678476573883
414657,414657,1686205,1,1,1.151010126986645,3;4;1,ConnectionState;Ports;Protocol,2;1;4,Application;Protocol;Ports,2,0.5,0.630095478433528,-0.18148486067047953,-1.3038756369745874,-1.1026382562353172,0.24398310775113952,2.8708806550894317,8.479556326758077,0.11695135918910537,1.1168350758060748,0.590255191883316
414707,414707,1180967,1,0,-0.4163790898418158,1;2;3,Protocol;Application;ConnectionState,2;1;5,Application;Protocol;TrafficVolume,2,0.5,-7.698729316728816,4.981301397145514,-0.9486739447275767,0.183706222925399,0.2010862568613016,5.45794414007291,15.045514400382036,0.23825033305790488,0.2037293169040871,0.5320343028242353
414710,414710,43008,1,1,2.4061757618247723,3;1;5,ConnectionState;Protocol;TrafficVolume,2;1;5,Application;Protocol;TrafficVolume,2,0.5,0.630095478433528,-0.18148486067047953,-1.3038756369745874,0.15414003437688265,0.24237045197706705,2.8708806550894317,8.479556326758077,0.11695135918910537,0.20995914796233867,0.5918678476573883
414712,414712,2688728,1,1,2.40477724099893,3;1;5,ConnectionState;Protocol;TrafficVolume,2;1;5,Application;Protocol;TrafficVolume,2,0.5,0.630095478433528,-0.18148486067047953,-1.3038756369745874,0.15274151355104013,0.24237045197706705,2.8708806550894317,8.479556326758077,0.11695135918910537,0.21925612362773333,0.5918678476573883
414866,414866,1354818,1,1,6.296650727742999,3;1;2,ConnectionState;Protocol;Application,2;3;1,Application;ConnectionState;Protocol,3,1.0,0.6300954784335281,-0.1814848606704793,2.743394182523506,0.14734042566056102,0.09237520711352089,2.8708806550894317,8.479556326758077,3.9303184603089885,0.21675875667866037,0.3432716910940996
415131,415131,2491990,1,1,6.176873373139079,2;3;1,Application;ConnectionState;Protocol,2;1;3,Application;Protocol;ConnectionState,3,1.0,0.6300954784335282,1.5034706585659576,1.2681788538573024,0.19400233346118512,-0.2838042458612555,2.8708806550894317,7.630605755809315,2.4551031316427845,0.1951086308759215,0.34075213990437425
415891,415891,2472219,1,1,5.516335737494263,3;1;5,ConnectionState;Protocol;TrafficVolume,2;3;1,Application;ConnectionState;Protocol,2,0.5,0.6300954784335281,-0.1814848606704793,1.848084826592887,0.15607438631103945,0.19863561214492645,2.8708806550894317,8.479556326758077,3.0350091043783687,0.22184709199739833,0.5480820530062829
416426,416426,3155597,1,1,5.603889410925867,3;1;4,ConnectionState;Protocol;Ports,2;3;1,Application;ConnectionState;Protocol,2,0.5,0.6300954784335281,-0.1814848606704793,1.8480848265928873,0.24526617317189928,0.19699749871567107,2.8708806550894317,8.479556326758077,3.0350091043783687,0.24526508913764122,0.5497201664355384
416470,416470,2373411,1,1,2.0094732439253535,3;1;4,ConnectionState;Protocol;Ports,2;1;5,Application;Protocol;TrafficVolume,1,0.2,0.630095478433528,-0.18148486067047953,-1.3038756369745874,-0.2425624835225361,0.24237045197706705,2.8708806550894317,8.479556326758077,0.11695135918910537,0.24256356755679415,0.5918678476573883
417180,417180,372121,1,1,5.438292018411378,3;1;5,ConnectionState;Protocol;TrafficVolume,2;3;1,Application;ConnectionState;Protocol,2,0.5,0.6300954784335281,-0.1814848606704793,1.848084826592887,0.07966878613278648,0.19699749324029445,2.8708806550894317,8.479556326758077,3.0350091043783687,0.07966770209852851,0.5497201719109148
417264,417264,916225,1,1,34.89011400114173,5;3;1,TrafficVolume;ConnectionState;Protocol,5;2;3,TrafficVolume;Application;ConnectionState,2,0.5,0.6300954784335266,-0.1814848606704797,2.7433941825235078,0.159040510373684,28.674138395799133,2.8708806550894317,8.479556326758077,3.9303184603089885,0.20505867196553862,28.882855867053323
417477,417477,3024349,1,1,0.5298694663494743,4;3;1,Ports;ConnectionState;Protocol,2;1;4,Application;Protocol;Ports,2,0.5,0.630095478433528,-0.18148486067047953,-1.3038756369745874,-1.7237789168724884,0.24398310775113952,2.8708806550894317,8.479556326758077,0.11695135918910537,1.7443085511025247,0.590255191883316
417680,417680,2155030,1,1,1.7458711370862026,2;3;1,Application;ConnectionState;Protocol,2;1;5,Application;Protocol;TrafficVolume,2,0.5,0.630095478433528,-1.1512184560095486,-0.9486739447275768,0.1931981165978174,0.1575396481096214,2.8708806550894317,9.449289922097146,0.23825033305790488,0.19319703256355922,0.7436352787249403
417724,417724,857947,1,1,6.3221265420761465,3;1;2,ConnectionState;Protocol;Application,2;3;1,Application;ConnectionState;Protocol,3,1.0,0.6300954784335281,-0.1814848606704793,2.743394182523506,0.1752468607084013,0.08994458639882842,2.8708806550894317,8.479556326758077,3.9303184603089885,0.2105730724395883,0.34084107037940725
418515,418515,1650939,1,1,0.6763319890101145,5;3;2,TrafficVolume;ConnectionState;Application,2;5;1,Application;TrafficVolume;Protocol,2,0.5,0.6300954784335282,-1.1512184560095486,1.2681788538573024,0.1591982878443074,-3.0948524697978366,2.8708806550894317,9.449289922097146,2.4551031316427845,0.22662164530368234,3.2896827217015687
418662,418662,2804182,1,1,5.470251592562944,3;1;5,ConnectionState;Protocol;TrafficVolume,2;3;1,Application;ConnectionState;Protocol,2,0.5,0.6300954784335282,-0.1814848606704793,1.848084826592887,0.11001570762373006,0.1986101459009175,2.8708806550894317,8.479556326758077,3.0350091043783687,0.1545749073023603,0.5481075192502918
420360,420360,3293034,1,1,5.548172616959448,3;1;5,ConnectionState;Protocol;TrafficVolume,2;3;1,Application;ConnectionState;Protocol,2,0.5,0.6300954784335282,-0.1814848606704793,1.848084826592887,0.18954939691993375,0.19699748100121803,2.8708806550894317,8.479556326758077,3.0350091043783687,0.18954831288567559,0.5497201841499915
420453,420453,926978,1,1,2.8767218034790423,3;1;2,ConnectionState;Protocol;Application,2;1;5,Application;Protocol;TrafficVolume,2,0.5,0.6300954784335281,-0.18148486067047953,-0.7641960350411057,0.16118813017574937,0.16618879589898852,2.8708806550894317,8.479556326758077,0.42272824274437615,0.20291105216347216,0.4608556099605706
421043,421043,2283287,1,1,5.296053271503535,3;1;5,ConnectionState;Protocol;TrafficVolume,2;3;1,Application;ConnectionState;Protocol,2,0.5,0.6300954784335281,-0.1814848606704793,1.848084826592887,-0.06579526953183222,0.20022280199707088,2.8708806550894317,8.479556326758077,3.0350091043783687,0.0657963535660904,0.5464948631541386
421140,421140,2806556,1,1,5.498135531074329,3;1;5,ConnectionState;Protocol;TrafficVolume,2;3;1,Application;ConnectionState;Protocol,2,0.5,0.6300954784335282,-0.1814848606704793,1.848084826592887,0.13789964592039358,0.19861014611563818,2.8708806550894317,8.479556326758077,3.0350091043783687,0.18245884559902406,0.5481075190355713
422067,422067,1302267,1,1,6.301983455555318,3;1;2,ConnectionState;Protocol;Application,2;3;1,Application;ConnectionState;Protocol,3,1.0,0.6300954784335281,-0.1814848606704793,2.7433941825235064,0.1550556924381701,0.08999266814823126,2.8708806550894317,8.479556326758077,3.9303184603089885,0.23076424070981943,0.3408891521288099
422148,422148,2696327,1,1,2.5943348116337845,4;1;5,Ports;Protocol;TrafficVolume,2;1;3,Application;Protocol;ConnectionState,1,0.2,0.630095478433528,-0.18148486067047953,0.0499368176867829,-1.0099007147014027,0.24075779620299498,2.8708806550894317,8.479556326758077,1.2368610954722645,1.0952245506985911,0.5934805034314606
422179,422179,3338410,1,1,5.530392703059871,3;1;5,ConnectionState;Protocol;TrafficVolume,2;3;1,Application;ConnectionState;Protocol,2,0.5,0.6300954784335282,-0.1814848606704793,1.848084826592887,0.1717694648764612,0.19699749914511247,2.8708806550894317,8.479556326758077,3.0350091043783687,0.17176838084220314,0.5497201660060973
422200,422200,2491579,1,1,2.3880313123145163,3;1;5,ConnectionState;Protocol;TrafficVolume,2;1;5,Application;Protocol;TrafficVolume,2,0.5,0.630095478433528,-0.18148486067047953,-1.3038756369745874,0.13599558486662658,0.24237045197706705,2.8708806550894317,8.479556326758077,0.11695135918910537,0.17760136577827254,0.5918678476573883
423574,423574,1838273,1,1,2.38885773845241,3;1;4,ConnectionState;Protocol;Ports,2;1;5,Application;Protocol;TrafficVolume,1,0.2,0.630095478433528,-0.18148486067047953,-1.3038756369745874,0.1912573312328556,0.1879351317487319,2.8708806550894317,8.479556326758077,0.11695135918910537,0.19809297946248283,0.4271004861836853
424330,424330,275598,1,0,-1.4570110980676683,5;3;1,TrafficVolume;ConnectionState;Protocol,2;5;1,Application;TrafficVolume;Protocol,2,0.5,0.630095478433528,-0.18148486067047953,-1.3038756369745874,0.12128206308045217,-3.587958436618944,2.8708806550894317,8.479556326758077,0.11695135918910537,0.12128097904619403,6.992681088867742
424386,424386,1259242,1,1,3.5610145930992156,1;2;5,Protocol;Application;TrafficVolume,2;1;3,Application;Protocol;ConnectionState,2,0.5,0.6300954784335281,-0.18148486067047953,-0.07440369469235461,0.15036838912056624,0.17150898622559388,2.8708806550894317,8.479556326758077,1.112520583093127,0.213730793218655,0.47078525909931457
424427,424427,625035,1,1,2.8928838845982714,3;1;2,ConnectionState;Protocol;Application,2;1;5,Application;Protocol;TrafficVolume,2,0.5,0.6300954784335281,-0.18148486067047953,-0.7641960350411057,0.17735029492866874,0.16618871226529827,2.8708806550894317,8.479556326758077,0.42272824274437615,0.18674888741055265,0.46085569359426104
425107,425107,2311921,1,1,5.106403015217689,3;1;4,ConnectionState;Protocol;Ports,2;3;1,Application;ConnectionState;Protocol,2,0.5,0.6300954784335281,-0.1814848606704793,1.848084826592887,-0.2538328589854934,0.19861013516488563,2.8708806550894317,8.479556326758077,3.0350091043783687,0.25383394301975154,0.5481075299863241
425128,425128,2731710,1,1,2.167249505851238,3;1;5,ConnectionState;Protocol;TrafficVolume,2;1;5,Application;Protocol;TrafficVolume,2,0.5,0.630095478433528,-0.18148486067047953,-1.3038756369745874,-0.0847862215966515,0.24237045197706705,2.8708806550894317,8.479556326758077,0.11695135918910537,0.08478730563090962,0.5918678476573883
425172,425172,1829544,1,1,1.286339302727567,2;3;1,Application;ConnectionState;Protocol,2;1;5,Application;Protocol;TrafficVolume,2,0.5,0.630095478433528,-1.1512184560095486,-0.9486739447275768,0.16211621167075807,-0.27091028132195516,2.8708806550894317,9.449289922097146,0.23825033305790488,0.22370372147723155,0.2708594290716405
426125,426125,1603686,1,1,0.694870960996226,2;3;5,Application;ConnectionState;TrafficVolume,2;1;5,Application;Protocol;TrafficVolume,2,0.5,0.630095478433528,-1.1512184560095486,-0.9486739447275767,0.20048582258019992,-0.900748233962738,2.8708806550894317,9.449289922097146,0.23825033305790488,0.20048473854594195,0.9431821923018386
426404,426404,1533902,1,1,1.412492304782011,2;3;1,Application;ConnectionState;Protocol,2;1;3,Application;Protocol;ConnectionState,3,1.0,0.630095478433528,-1.1512184560095486,-0.9486739447275768,0.19469257552888122,-0.17733364312563396,2.8708806550894317,9.449289922097146,0.23825033305790488,0.19469149149462306,0.20847898935792153
426742,426742,730039,1,1,6.332552381860189,3;1;4,ConnectionState;Protocol;Ports,2;3;1,Application;ConnectionState;Protocol,2,0.5,0.6300954784335282,-0.1814848606704793,2.743394182523506,0.18577906901924465,0.0898382178720283,2.8708806550894317,8.479556326758077,3.9303184603089885,0.20004086412874494,0.340734701852607
427239,427239,2310308,1,1,5.2281569389351965,3;1;5,ConnectionState;Protocol;TrafficVolume,2;3;1,Application;ConnectionState;Protocol,2,0.5,0.6300954784335281,-0.1814848606704793,1.848084826592887,-0.13207918112312214,0.19861038102002146,2.8708806550894317,8.479556326758077,3.0350091043783687,0.13208026515738036,0.5481072841311878
427329,427329,3287263,1,1,0.6178130364351806,1;2;3,Protocol;Application;ConnectionState,2;1;5,Application;Protocol;TrafficVolume,2,0.5,-7.698729316728816,6.009024690103391,-0.9486739447275769,0.19450643942392354,0.19675487368189623,5.45794414007291,16.073237693339912,0.23825033305790488,0.1945053553896654,0.5293153265228177
427631,427631,3305131,1,1,5.5458589970965395,3;1;5,ConnectionState;Protocol;TrafficVolume,2;3;1,Application;ConnectionState;Protocol,2,0.5,0.6300954784335281,-0.1814848606704793,1.848084826592887,0.18723577716438536,0.1969974808938577,2.8708806550894317,8.479556326758077,3.0350091043783687,0.18723469313012722,0.5497201842573518
428078,428078,3308444,1,1,5.542119219533824,3;1;5,ConnectionState;Protocol;TrafficVolume,2;3;1,Application;ConnectionState;Protocol,2,0.5,0.6300954784335282,-0.1814848606704793,1.848084826592887,0.1834959768412814,0.19699750365424598,2.8708806550894317,8.479556326758077,3.0350091043783687,0.18349489280702325,0.5497201614969638
428895,428895,151433,1,1,5.525036512447453,3;1;5,ConnectionState;Protocol;TrafficVolume,2;3;1,Application;ConnectionState;Protocol,2,0.5,0.6300954784335281,-0.1814848606704793,1.848084826592887,0.1664132929447402,0.19699748046441637,2.8708806550894317,8.479556326758077,3.0350091043783687,0.16641220891048225,0.5497201846867932
428938,428938,2167431,1,1,2.3060940204315252,2;3;5,Application;ConnectionState;TrafficVolume,2;1;5,Application;Protocol;TrafficVolume,2,0.5,0.630095478433528,-1.1512184560095486,-0.9486739447275768,0.16989023770497624,0.7410704103477854,2.8708806550894317,9.449289922097146,0.23825033305790488,0.21592969544301352,2.007405489091335
429209,429209,995486,1,1,6.327776221424202,3;1;2,ConnectionState;Protocol;Application,2;3;1,Application;ConnectionState;Protocol,3,1.0,0.6300954784335281,-0.1814848606704793,2.7433941825235064,0.1787453602219642,0.09209576623332104,2.8708806550894317,8.479556326758077,3.9303184603089885,0.18535382211725743,0.3429922502138999
429225,429225,2704649,1,1,2.4394735524428075,3;1;5,ConnectionState;Protocol;TrafficVolume,2;1;5,Application;Protocol;TrafficVolume,2,0.5,0.6300954784335281,-0.18148486067047953,-1.3038756369745874,0.1874378249949174,0.24237045197706705,2.8708806550894317,8.479556326758077,0.11695135918910537,0.19898048655760667,0.5918678476573883
429779,429779,355979,1,1,5.4456448575862755,3;1;5,ConnectionState;Protocol;TrafficVolume,2;3;1,Application;ConnectionState;Protocol,2,0.5,0.6300954784335282,-0.1814848606704793,1.848084826592887,0.08702162562976577,0.19699749291821347,2.8708806550894317,8.479556326758077,3.0350091043783687,0.08702054159550787,0.5497201722329959
430441,430441,1712071,1,1,1.2372971588670707,3;4;1,ConnectionState;Ports;Protocol,2;1;4,Application;Protocol;Ports,2,0.5,0.6300954784335282,-0.18148486067047953,-1.3038756369745874,-1.0163512243548916,0.24398310775113954,2.8708806550894317,8.479556326758077,0.11695135918910537,1.0163523083891495,0.590255191883316
430565,430565,2316985,1,1,2.4178084032873954,3;1;5,ConnectionState;Protocol;TrafficVolume,2;1;5,Application;Protocol;TrafficVolume,2,0.5,0.630095478433528,-0.18148486067047953,-1.3038756369745874,0.16577267583950575,0.24237045197706705,2.8708806550894317,8.479556326758077,0.11695135918910537,0.19832650649971553,0.5918678476573883
430628,430628,1622221,1,1,2.42539217541195,3;1;5,ConnectionState;Protocol;TrafficVolume,2;1;5,Application;Protocol;TrafficVolume,2,0.5,0.630095478433528,-0.18148486067047953,-1.3038756369745874,0.16690581522852316,0.24882108471260395,2.8708806550894317,8.479556326758077,0.11695135918910537,0.22244449546681536,0.5854172149218513
432270,432270,2043935,1,1,1.4889671473168493,2;3;1,Application;ConnectionState;Protocol,2;1;5,Application;Protocol;TrafficVolume,2,0.5,0.630095478433528,-1.1512184560095486,-0.9486739447275768,0.18669491273108302,-0.09286113779299754,2.8708806550894317,9.449289922097146,0.23825033305790488,0.1991250204169066,0.3030116436485367
432288,432288,3127903,1,0,-5.112822651113983,5;3;1,TrafficVolume;ConnectionState;Protocol,5;2;1,TrafficVolume;Application;Protocol,2,0.5,0.6300954784335282,-0.18148486067047934,-1.3038756369745876,0.2555031069131743,-7.3779910334979775,2.8708806550894317,8.479556326758077,0.11695135918910537,0.25550202287891605,13.943525711844917
433794,433794,1623184,1,1,0.9549163829096461,2;3;5,Application;ConnectionState;TrafficVolume,2;1;5,Application;Protocol;TrafficVolume,2,0.5,0.630095478433528,-1.1512184560095486,-0.9486739447275767,0.19530313838694244,-0.6355201278560605,2.8708806550894317,9.449289922097146,0.23825033305790488,0.19530205435268438,0.7472984290689864
433847,433847,212561,1,1,5.500474250744874,3;1;5,ConnectionState;Protocol;TrafficVolume,2;3;1,Application;ConnectionState;Protocol,2,0.5,0.6300954784335281,-0.1814848606704793,1.848084826592887,0.14185100214751348,0.19699750955906353,2.8708806550894317,8.479556326758077,3.0350091043783687,0.14184991811325548,0.549720155592146
435514,435514,2754967,1,1,1.4689069089777689,3;4;1,ConnectionState;Ports;Protocol,2;1;4,Application;Protocol;Ports,2,0.5,0.630095478433528,-0.18148486067047953,-1.3038756369745874,-0.7831288184701208,0.24237045197706708,2.8708806550894317,8.479556326758077,0.11695135918910537,0.7878335169831461,0.5918678476573883
435623,435623,2402737,1,1,2.1195722826739325,3;1;5,ConnectionState;Protocol;TrafficVolume,2;1;5,Application;Protocol;TrafficVolume,2,0.5,0.630095478433528,-0.18148486067047953,-1.3038756369745874,-0.13246344477395727,0.24237045197706705,2.8708806550894317,8.479556326758077,0.11695135918910537,0.1324645288082154,0.5918678476573883
438531,438531,1576197,1,1,0.9811341528951596,2;3;1,Application;ConnectionState;Protocol,2;1;5,Application;Protocol;TrafficVolume,2,0.5,0.630095478433528,-1.1512184560095486,-0.9486739447275767,0.15461196681992018,-0.5686111863035246,2.8708806550894317,9.449289922097146,0.23825033305790488,0.23120796632806956,0.5685603340532098
438971,438971,1624157,1,1,2.5616458511143,3;1;4,ConnectionState;Protocol;Ports,2;1;5,Application;Protocol;TrafficVolume,1,0.2,0.630095478433528,-0.18148486067047953,-0.9486739447275768,0.19828140657805268,-0.0015025231815859168,2.8708806550894317,8.479556326758077,0.23825033305790488,0.19828032254379446,0.2599848511189441
439343,439343,2935603,1,1,4.539703934011642,3;4;1,ConnectionState;Ports;Protocol,2;3;1,Application;ConnectionState;Protocol,2,0.5,0.6300954784335281,-0.18148486067047934,1.848084826592887,-0.8221465289882006,0.2002247239615453,2.8708806550894317,8.479556326758077,3.0350091043783687,0.8221476130224585,0.546492941189664
439842,439842,573286,1,0,-0.40493979342862696,1;2;3,Protocol;Application;ConnectionState,2;1;5,Application;Protocol;TrafficVolume,2,0.5,-7.698729316728816,4.981301397145514,-0.9486739447275767,0.19454016239143143,0.20169161380845835,5.45794414007291,15.045514400382036,0.23825033305790488,0.19453907835717327,0.5294145492588861
441021,441021,2971840,1,1,3.99859133996243,3;4;1,ConnectionState;Ports;Protocol,2;3;1,Application;ConnectionState;Protocol,2,0.5,0.6300954784335281,-0.18148486067047945,1.848084826592887,-1.3632571904442654,0.20022279136839907,2.8708806550894317,8.479556326758077,3.0350091043783687,1.4721160905500805,0.5464948737828104
441695,441695,2644890,1,1,2.377196816448498,3;1;5,ConnectionState;Protocol;TrafficVolume,2;1;5,Application;Protocol;TrafficVolume,2,0.5,0.630095478433528,-0.18148486067047953,-1.3038756369745874,0.12516108900060807,0.24237045197706705,2.8708806550894317,8.479556326758077,0.11695135918910537,0.20357457509273608,0.5918678476573883
442632,442632,1785055,1,1,2.4266455896155463,3;1;5,ConnectionState;Protocol;TrafficVolume,2;1;5,Application;Protocol;TrafficVolume,2,0.5,0.630095478433528,-0.18148486067047953,-1.3038756369745874,0.1746098621676566,0.24237045197706705,2.8708806550894317,8.479556326758077,0.11695135918910537,0.18948932017156486,0.5918678476573883
444275,444275,2720762,1,1,1.9266508852003306,3;1;4,ConnectionState;Protocol;Ports,2;1;5,Application;Protocol;TrafficVolume,1,0.2,0.630095478433528,-0.18148486067047953,-1.3038756369745874,-0.32538484224755926,0.24237045197706708,2.8708806550894317,8.479556326758077,0.11695135918910537,0.32538592628181723,0.5918678476573883
444845,444845,1506112,1,1,1.3372678186409828,2;3;1,Application;ConnectionState;Protocol,2;1;5,Application;Protocol;TrafficVolume,2,0.5,0.630095478433528,-1.1512184560095486,-0.9486739447275768,0.16650019271691763,-0.22436574645469864,2.8708806550894317,9.449289922097146,0.23825033305790488,0.21931974043107205,0.2571237508708704
445307,445307,1431024,1,1,5.621669328368336,3;1;4,ConnectionState;Protocol;Ports,2;3;1,Application;ConnectionState;Protocol,2,0.5,0.6300954784335282,-0.1814848606704793,1.848084826592887,0.2630461052153716,0.19699748411466708,2.8708806550894317,8.479556326758077,3.0350091043783687,0.2630450211811136,0.5497201810365422
445487,445487,777225,1,0,-0.4345252262229362,1;2;3,Protocol;Application;ConnectionState,2;1;5,Application;Protocol;TrafficVolume,2,0.5,-7.698729316728816,4.981301397145514,-0.9486739447275767,0.16495448964680315,0.20169185375877674,5.45794414007291,15.045514400382036,0.23825033305790488,0.22248105018268288,0.5294143093085677
446442,446442,226714,1,1,5.494706043399446,3;1;5,ConnectionState;Protocol;TrafficVolume,2;3;1,Application;ConnectionState;Protocol,2,0.5,0.6300954784335281,-0.1814848606704793,1.848084826592887,0.13608282400409322,0.19699748035705605,2.8708806550894317,8.479556326758077,3.0350091043783687,0.13608173996983508,0.5497201847941535
447072,447072,2577921,1,1,2.244050368060733,3;1;5,ConnectionState;Protocol;TrafficVolume,2;1;5,Application;Protocol;TrafficVolume,2,0.5,0.630095478433528,-0.18148486067047953,-1.3038756369745874,-0.007985359387156644,0.24237045197706705,2.8708806550894317,8.479556326758077,0.11695135918910537,0.0318526286753964,0.5918678476573883
447514,447514,254884,1,1,5.485261466511663,3;1;5,ConnectionState;Protocol;TrafficVolume,2;3;1,Application;ConnectionState;Protocol,2,0.5,0.6300954784335282,-0.1814848606704793,1.848084826592887,0.1266382287576953,0.19699749871567107,2.8708806550894317,8.479556326758077,3.0350091043783687,0.12663714472343707,0.5497201664355384
447667,447667,356118,1,1,5.445486390608553,3;1;5,ConnectionState;Protocol;TrafficVolume,2;3;1,Application;ConnectionState;Protocol,2,0.5,0.6300954784335281,-0.1814848606704793,1.8480848265928873,0.086863161443411,0.19699749012684542,2.8708806550894317,8.479556326758077,3.0350091043783687,0.08686207740915294,0.5497201750243641
447694,447694,2536641,1,0,-2.2834589941123493,3;1;5,ConnectionState;Protocol;TrafficVolume,2;3;1,Application;ConnectionState;Protocol,2,0.5,0.6300954784335281,-0.18148486067047953,-6.018059454933889,0.18030175217313493,0.24075779620299498,2.8708806550894317,8.479556326758077,4.831135177148409,0.20551818097485455,0.5934805034314606
447934,447934,830610,1,1,6.0300316001232375,2;3;1,Application;ConnectionState;Protocol,2;1;3,Application;Protocol;ConnectionState,3,1.0,0.6300954784335281,3.319040001191167,-0.9486739447275767,0.19668755407313718,-0.03204778352937933,2.8708806550894317,11.025948300774644,0.23825033305790488,0.19668647003887904,0.22551716669052058
448416,448416,2488629,1,1,2.368772985168701,3;1;5,ConnectionState;Protocol;TrafficVolume,2;1;5,Application;Protocol;TrafficVolume,2,0.5,0.6300954784335281,-0.18148486067047953,-1.3038756369745874,0.1167372577208114,0.24237045197706705,2.8708806550894317,8.479556326758077,0.11695135918910537,0.18411446807586923,0.5918678476573883
448673,448673,3097152,1,1,0.9223923510800616,4;3;1,Ports;ConnectionState;Protocol,2;1;4,Application;Protocol;Ports,2,0.5,0.6300954784335282,-0.18148486067047953,-1.3038756369745874,-1.3312560321419007,0.24398310775113952,2.8708806550894317,8.479556326758077,0.11695135918910537,1.4499052361682245,0.590255191883316
448852,448852,446216,1,0,-1.8547412796494145,5;2;3,TrafficVolume;Application;ConnectionState,2;5;1,Application;TrafficVolume;Protocol,2,0.5,0.630095478433528,-1.1512184560095486,-0.9486739447275768,0.1750232245839921,-3.4248978766121696,2.8708806550894317,9.449289922097146,0.23825033305790488,0.21079670856399763,3.517324269979237
449695,449695,2981354,1,1,5.007289327897958,3;1;4,ConnectionState;Protocol;Ports,2;3;1,Application;ConnectionState;Protocol,2,0.5,0.6300954784335281,-0.1814848606704793,1.848084826592887,-0.3545597450004421,0.20022333386010338,2.8708806550894317,8.479556326758077,3.0350091043783687,0.41315371043665117,0.5464943312911061
450465,450465,1598935,1,1,0.9040409132054952,2;3;5,Application;ConnectionState;TrafficVolume,2;1;5,Application;Protocol;TrafficVolume,2,0.5,0.630095478433528,-1.1512184560095486,-0.9486739447275767,0.19013820319796157,-0.6812306623712301,2.8708806550894317,9.449289922097146,0.23825033305790488,0.1956817299500282,0.6811798101209154
450661,450661,1266998,1,1,1.59497900217252,2;3;1,Application;ConnectionState;Protocol,2;1;3,Application;Protocol;ConnectionState,3,1.0,0.630095478433528,-1.1512184560095486,-0.9486739447275768,0.16122166512777453,0.03862396466598195,2.8708806550894317,9.449289922097146,0.23825033305790488,0.22459826802021512,0.228466659294666
451240,451240,2819375,1,1,5.290157795806941,3;1;5,ConnectionState;Protocol;TrafficVolume,2;3;1,Application;ConnectionState;Protocol,2,0.5,0.6300954784335281,-0.1814848606704793,1.848084826592887,-0.07007808365689726,0.19861014042554115,2.8708806550894317,8.479556326758077,3.0350091043783687,0.07007916769115557,0.5481075247256684
451830,451830,2144064,1,1,1.450622605461148,2;3;1,Application;ConnectionState;Protocol,2;1;5,Application;Protocol;TrafficVolume,2,0.5,0.630095478433528,-1.1512184560095486,-0.9486739447275768,0.18748651494699548,-0.13199728186461102,2.8708806550894317,9.449289922097146,0.23825033305790488,0.1983334182009943,0.29699332965364833
452855,452855,3302969,1,1,5.544084176615682,3;1;5,ConnectionState;Protocol;TrafficVolume,2;3;1,Application;ConnectionState;Protocol,2,0.5,0.6300954784335282,-0.1814848606704793,1.848084826592887,0.18546095700560802,0.1969974805717767,2.8708806550894317,8.479556326758077,3.0350091043783687,0.18545987297135003,0.5497201845794328
453255,453255,508484,1,1,2.915536640729572,3;1;4,ConnectionState;Protocol;Ports,2;1;5,Application;Protocol;TrafficVolume,1,0.2,0.6300954784335281,-0.18148486067047953,-0.7641960350411057,0.20000305181149164,0.1661887115137759,2.8708806550894317,8.479556326758077,0.42272824274437615,0.20000196777723367,0.46085569434578333
454180,454180,2110277,1,1,0.5308830380265386,1;2;3,Protocol;Application;ConnectionState,2;1;5,Application;Protocol;TrafficVolume,2,0.5,-7.698729316728816,6.009024690103391,-0.9486739447275769,0.18934505412528155,0.11498626057189582,5.45794414007291,16.073237693339912,0.23825033305790488,0.1980904857042044,0.39029294482361976
454457,454457,2404147,1,1,2.40224678218744,3;1;5,ConnectionState;Protocol;TrafficVolume,2;1;5,Application;Protocol;TrafficVolume,2,0.5,0.6300954784335281,-0.18148486067047953,-1.3038756369745874,0.1502110547395502,0.24237045197706705,2.8708806550894317,8.479556326758077,0.11695135918910537,0.23291622562385694,0.5918678476573883
455454,455454,453169,1,0,-1.8893892780349875,5;2;3,TrafficVolume;Application;ConnectionState,2;5;1,Application;TrafficVolume;Protocol,2,0.5,0.630095478433528,-1.1512184560095486,-0.9486739447275768,0.17465759642537038,-3.459180246839121,2.8708806550894317,9.449289922097146,0.23825033305790488,0.21116233672261925,3.5927294443786386
455846,455846,167947,1,1,5.518032298747205,3;1;5,ConnectionState;Protocol;TrafficVolume,2;3;1,Application;ConnectionState;Protocol,2,0.5,0.6300954784335282,-0.1814848606704793,1.848084826592887,0.159409079566573,0.1969974801423353,2.8708806550894317,8.479556326758077,3.0350091043783687,0.159407995532315,0.549720185008874
456949,456949,441842,1,1,0.5975689022328496,2;5;3,Application;TrafficVolume;ConnectionState,2;1;5,Application;Protocol;TrafficVolume,2,0.5,0.630095478433528,-1.1512184560095486,-0.9486739447275767,0.15557040793748744,-0.9531348780834015,2.8708806550894317,9.449289922097146,0.23825033305790488,0.23024952521050215,1.0270378527475734
457544,457544,2334843,1,1,2.4187650700670056,3;1;5,ConnectionState;Protocol;TrafficVolume,2;1;5,Application;Protocol;TrafficVolume,2,0.5,0.630095478433528,-0.18148486067047953,-1.3038756369745874,0.16672934261911584,0.24237045197706705,2.8708806550894317,8.479556326758077,0.11695135918910537,0.19736983972010555,0.5918678476573883
459191,459191,2427392,1,1,2.1583978364873344,3;1;5,ConnectionState;Protocol;TrafficVolume,2;1;5,Application;Protocol;TrafficVolume,2,0.5,0.630095478433528,-0.18148486067047953,-1.3038756369745874,-0.09363789096055532,0.24237045197706705,2.8708806550894317,8.479556326758077,0.11695135918910537,0.09363897499481334,0.5918678476573883
459555,459555,3189447,1,1,5.588740007347136,3;1;4,ConnectionState;Protocol;Ports,2;3;1,Application;ConnectionState;Protocol,2,0.5,0.6300954784335282,-0.1814848606704793,1.848084826592887,0.23011678709289995,0.1969974812159387,2.8708806550894317,8.479556326758077,3.0350091043783687,0.23011570305864187,0.5497201839352708
459720,459720,2404038,1,1,1.3024289597323886,3;4;1,ConnectionState;Ports;Protocol,2;1;4,Application;Protocol;Ports,2,0.5,0.630095478433528,-0.18148486067047953,-1.3038756369745874,-0.949606767715501,0.24237045197706705,2.8708806550894317,8.479556326758077,0.11695135918910537,0.9510563145166747,0.5918678476573883
460210,460210,1925240,1,1,2.0957382715676367,2;3;1,Application;ConnectionState;Protocol,2;1;5,Application;Protocol;TrafficVolume,2,0.5,0.6300954784335281,-1.1512184560095486,-0.9486739447275768,0.18704634158401623,0.5135585576048566,2.8708806550894317,9.449289922097146,0.23825033305790488,0.1987735915639735,1.4672917667671819
460368,460368,483147,1,1,1.0015355543229092,5;2;3,TrafficVolume;Application;ConnectionState,2;1;5,Application;Protocol;TrafficVolume,2,0.5,0.630095478433528,-1.8697164196210028,1.2681788538573024,0.18743523047935706,-2.0793878835086366,2.8708806550894317,10.167787885708602,2.4551031316427845,0.1874341464450989,2.71205508898191
461414,461414,1364596,1,1,6.3042218439586115,3;1;2,ConnectionState;Protocol;Application,2;3;1,Application;ConnectionState;Protocol,3,1.0,0.6300954784335281,-0.1814848606704793,2.743394182523506,0.15523514349211703,0.09205160549757863,2.8708806550894317,8.479556326758077,3.9303184603089885,0.2088640388471043,0.34294808947815725
461525,461525,144289,1,1,2.131952733662401,3;1;5,ConnectionState;Protocol;TrafficVolume,2;1;5,Application;Protocol;TrafficVolume,2,0.5,0.630095478433528,-0.18148486067047953,-1.3038756369745872,-0.12169564955956108,0.24398310775113954,2.8708806550894317,8.479556326758077,0.11695135918910537,0.18790745020142358,0.590255191883316
461912,461912,436206,1,0,-3.911587800888036,3;2;1,ConnectionState;Application;Protocol,2;3;1,Application;ConnectionState;Protocol,3,1.0,0.6300954784335282,-1.1512184560095489,-6.644039454576472,0.18263396039246965,0.20601037618962525,2.8708806550894317,9.449289922097146,5.45711517679099,0.20318597275551986,0.37411015792298813
462179,462179,2331791,1,1,2.280893991175625,3;1;5,ConnectionState;Protocol;TrafficVolume,2;1;5,Application;Protocol;TrafficVolume,2,0.5,0.630095478433528,-0.18148486067047953,-1.3038756369745874,0.028858263727735298,0.24237045197706705,2.8708806550894317,8.479556326758077,0.11695135918910537,0.1241367676766196,0.5918678476573883
462422,462422,753448,1,1,6.326537944351194,3;1;2,ConnectionState;Protocol;Application,2;3;1,Application;ConnectionState;Protocol,3,1.0,0.6300954784335282,-0.1814848606704793,2.743394182523506,0.17759523026727916,0.09200761911499813,2.8708806550894317,8.479556326758077,3.9303184603089885,0.1865039520719422,0.34290410309557673
462620,462620,359581,1,1,5.44298260981801,3;1;5,ConnectionState;Protocol;TrafficVolume,2;3;1,Application;ConnectionState;Protocol,2,0.5,0.6300954784335282,-0.1814848606704793,1.848084826592887,0.08435939010057593,0.19699748067913705,2.8708806550894317,8.479556326758077,3.0350091043783687,0.084358306066318,0.5497201844720725
462738,462738,2727637,1,1,2.3632422274928544,3;1;5,ConnectionState;Protocol;TrafficVolume,2;1;5,Application;Protocol;TrafficVolume,2,0.5,0.630095478433528,-0.18148486067047953,-1.3038756369745874,0.11120650004496468,0.24237045197706705,2.8708806550894317,8.479556326758077,0.11695135918910537,0.11120541601070659,0.5918678476573883
462973,462973,3290100,1,1,5.550581300745706,3;1;5,ConnectionState;Protocol;TrafficVolume,2;3;1,Application;ConnectionState;Protocol,2,0.5,0.6300954784335281,-0.1814848606704793,1.848084826592887,0.1919580779148233,0.19699748379258608,2.8708806550894317,8.479556326758077,3.0350091043783687,0.19195699388056514,0.5497201813586232
463647,463647,2498774,1,1,5.234331174947323,3;1;5,ConnectionState;Protocol;TrafficVolume,2;3;1,Application;ConnectionState;Protocol,2,0.5,0.6300954784335282,-0.1814848606704793,1.848084826592887,-0.12590470097362425,0.19861013688265047,2.8708806550894317,8.479556326758077,3.0350091043783687,0.12590578500788252,0.5481075282685588
464253,464253,92440,1,1,1.3163020558931087,3;4;1,ConnectionState;Ports;Protocol,2;1;4,Application;Protocol;Ports,2,0.5,0.630095478433528,-0.18148486067047953,-1.3038756369745874,-0.9373463273288535,0.24398310775113952,2.8708806550894317,8.479556326758077,0.11695135918910537,0.9373475624545996,0.590255191883316
464289,464289,1906166,1,1,1.4067180786445765,2;3;1,Application;ConnectionState;Protocol,2;1;5,Application;Protocol;TrafficVolume,2,0.5,0.630095478433528,-1.1512184560095486,-0.9486739447275768,0.16789880873147398,-0.15631410246566124,2.8708806550894317,9.449289922097146,0.23825033305790488,0.21792112441651568,0.37372157376339715
464440,464440,3333245,1,1,5.533213382575096,3;1;5,ConnectionState;Protocol;TrafficVolume,2;3;1,Application;ConnectionState;Protocol,2,0.5,0.6300954784335281,-0.1814848606704793,1.8480848265928873,0.17459016242822067,0.19699748110857837,2.8708806550894317,8.479556326758077,3.0350091043783687,0.17458907839396282,0.5497201840426311
464823,464823,1854716,1,1,2.210697832873353,3;1;5,ConnectionState;Protocol;TrafficVolume,2;1;5,Application;Protocol;TrafficVolume,2,0.5,0.630095478433528,-0.18148486067047953,-0.9486739447275768,0.18230383024240115,-0.33647296508688124,2.8708806550894317,8.479556326758077,0.23825033305790488,0.20351610290558841,0.3541835261642796
464913,464913,924269,1,1,1.491752326640006,2;3;1,Application;ConnectionState;Protocol,2;1;5,Application;Protocol;TrafficVolume,2,0.5,0.630095478433528,-1.1512184560095486,-0.9486739447275768,0.20079110381747958,-0.10417214955623735,2.8708806550894317,9.449289922097146,0.23825033305790488,0.2007900197832214,0.26299234893053264
465174,465174,2689025,1,1,0.7332594800838734,4;3;1,Ports;ConnectionState;Protocol,2;1;4,Application;Protocol;Ports,2,0.5,0.630095478433528,-0.18148486067047953,-1.3038756369745874,-1.5187762473640163,0.24237045197706708,2.8708806550894317,8.479556326758077,0.11695135918910537,1.518905274699444,0.5918678476573883
465621,465621,2825478,1,1,2.4325306429463054,3;1;5,ConnectionState;Protocol;TrafficVolume,2;1;5,Application;Protocol;TrafficVolume,2,0.5,0.6300954784335281,-0.18148486067047953,-1.3038756369745874,0.18049491549841573,0.24237045197706705,2.8708806550894317,8.479556326758077,0.11695135918910537,0.2078980097639964,0.5918678476573883
465669,465669,2844583,1,1,4.916829580157336,3;1;4,ConnectionState;Protocol;Ports,2;3;1,Application;ConnectionState;Protocol,2,0.5,0.6300954784335281,-0.1814848606704793,1.8480848265928873,-0.44382461741883694,0.19902845853787637,2.8708806550894317,8.479556326758077,3.0350091043783687,0.44382570145309486,0.5476892066133332
466210,466210,1913887,1,1,0.5046164182717714,1;2;3,Protocol;Application;ConnectionState,2;1;5,Application;Protocol;TrafficVolume,2,0.5,-7.698729316728816,6.009024690103391,-0.9486739447275769,0.15995817076545427,0.11810652417695591,5.45794414007291,16.073237693339912,0.23825033305790488,0.22747736906403185,0.3982518052529168
467763,467763,781472,1,1,6.316721449229412,3;1;2,ConnectionState;Protocol;Application,2;3;1,Application;ConnectionState;Protocol,3,1.0,0.6300954784335281,-0.1814848606704793,2.7433941825235064,0.16777652824672964,0.09200982601376584,2.8708806550894317,8.479556326758077,3.9303184603089885,0.196322654092492,0.34290630999434446
467804,467804,156916,1,1,5.522722908862113,3;1;5,ConnectionState;Protocol;TrafficVolume,2;3;1,Application;ConnectionState;Protocol,2,0.5,0.6300954784335282,-0.1814848606704793,1.848084826592887,0.16409968978884049,0.19699748003497497,2.8708806550894317,8.479556326758077,3.0350091043783687,0.16409860575458232,0.5497201851162343
468395,468395,2538675,1,1,5.468080803207926,3;1;5,ConnectionState;Protocol;TrafficVolume,2;3;1,Application;ConnectionState;Protocol,2,0.5,0.6300954784335281,-0.1814848606704793,1.8480848265928873,0.10784491762454995,0.19861014654507958,2.8708806550894317,8.479556326758077,3.0350091043783687,0.16177199584231383,0.5481075186061299
468522,468522,3202110,1,1,5.582813370093664,3;1;4,ConnectionState;Protocol;Ports,2;3;1,Application;ConnectionState;Protocol,2,0.5,0.6300954784335282,-0.1814848606704793,1.848084826592887,0.22419015005414877,0.19699748100121803,2.8708806550894317,8.479556326758077,3.0350091043783687,0.2241890660198906,0.5497201841499915
469009,469009,3346382,1,1,0.5761167548824586,1;2;3,Protocol;Application;ConnectionState,2;1;5,Application;Protocol;TrafficVolume,2,0.5,-7.698729316728816,6.009024690103391,-0.9486739447275769,0.15714141590544417,0.19242361564765348,5.45794414007291,16.073237693339912,0.23825033305790488,0.23029412392404197,0.5265962250762373
469788,469788,1830439,1,1,0.9734115993094354,2;3;1,Application;ConnectionState;Protocol,2;1;5,Application;Protocol;TrafficVolume,2,0.5,0.630095478433528,-1.1512184560095486,-0.9486739447275767,0.19064227241386605,-0.6123640454831946,2.8708806550894317,9.449289922097146,0.23825033305790488,0.19517766073412368,0.6123131932328799
470077,470077,68473,1,1,0.8974840593873423,4;3;1,Ports;ConnectionState;Protocol,2;1;4,Application;Protocol;Ports,2,0.5,0.630095478433528,-0.18148486067047953,-1.3038756369745874,-1.3561643238346202,0.24398310775113952,2.8708806550894317,8.479556326758077,0.11695135918910537,1.3863422699509536,0.590255191883316
470209,470209,717193,1,1,3.615593052578835,2;5;3,Application;TrafficVolume;ConnectionState,2;1;5,Application;Protocol;TrafficVolume,2,0.5,0.6300954784335282,2.2551875452127126,-0.7641960350411057,0.15200838872979897,-1.522432619438461,2.8708806550894317,14.292691850542319,0.42272824274437615,0.21209079360942254,1.8897028224342163
470248,470248,983946,1,1,6.327153684822802,3;1;2,ConnectionState;Protocol;Application,2;3;1,Application;ConnectionState;Protocol,3,1.0,0.6300954784335281,-0.1814848606704793,2.7433941825235064,0.17814544658750098,0.09207314326638526,2.8708806550894317,8.479556326758077,3.9303184603089885,0.18595373575172064,0.342969627246964
470263,470263,3082018,1,1,4.4916056626638285,3;4;1,ConnectionState;Ports;Protocol,2;3;1,Application;ConnectionState;Protocol,2,0.5,0.6300954784335281,-0.18148486067047934,1.848084826592887,-0.8702428672060655,0.20022279083159766,2.8708806550894317,8.479556326758077,3.0350091043783687,0.8702439512403236,0.5464948743196121
470611,470611,1970745,1,1,0.508001170889079,1;2;3,Protocol;Application;ConnectionState,2;1;5,Application;Protocol;TrafficVolume,2,0.5,-7.698729316728816,6.009024690103391,-0.9486739447275769,0.16334288967162106,0.11810655788809703,5.45794414007291,16.073237693339912,0.23825033305790488,0.22409265015786506,0.3982517715417759
470615,470615,2702344,1,1,5.5132156482427845,3;1;5,ConnectionState;Protocol;TrafficVolume,2;3;1,Application;ConnectionState;Protocol,2,0.5,0.6300954784335282,-0.1814848606704793,1.848084826592887,0.15297818424796275,0.1986117249565256,2.8708806550894317,8.479556326758077,3.0350091043783687,0.18928058661233033,0.548105940194684
471112,471112,2579406,1,1,2.381147758100698,3;1;5,ConnectionState;Protocol;TrafficVolume,2;1;5,Application;Protocol;TrafficVolume,2,0.5,0.6300954784335281,-0.18148486067047953,-1.3038756369745874,0.12911203065280838,0.24237045197706705,2.8708806550894317,8.479556326758077,0.11695135918910537,0.12911094661855016,0.5918678476573883
471633,471633,2487842,1,1,5.455216228099931,3;1;5,ConnectionState;Protocol;TrafficVolume,2;3;1,Application;ConnectionState;Protocol,2,0.5,0.6300954784335281,-0.1814848606704793,1.848084826592887,0.09498032963331651,0.19861015942831808,2.8708806550894317,8.479556326758077,3.0350091043783687,0.12090316379414362,0.5481075057228915
471931,471931,821908,1,0,-0.4269413032978111,1;2;3,Protocol;Application;ConnectionState,2;1;5,Application;Protocol;TrafficVolume,2,0.5,-7.698729316728816,4.981301397145514,-0.9486739447275767,0.173143841665221,0.20108642466548407,5.45794414007291,15.045514400382036,0.23825033305790488,0.214291698164265,0.5320341350200528
472662,472662,1077847,1,1,6.323687751094555,3;1;2,ConnectionState;Protocol;Application,2;3;1,Application;ConnectionState;Protocol,3,1.0,0.6300954784335281,-0.1814848606704793,2.743394182523506,0.17469860667770276,0.09205404944793583,2.8708806550894317,8.479556326758077,3.9303184603089885,0.18940057566151872,0.3429505334285148
475126,475126,479158,1,0,-1.839112433002997,5;2;3,TrafficVolume;Application;ConnectionState,2;5;1,Application;TrafficVolume;Protocol,2,0.5,0.630095478433528,-1.1512184560095486,-0.9486739447275768,0.16890339695335846,-3.4031492023351193,2.8708806550894317,9.449289922097146,0.23825033305790488,0.2169165361946312,3.5391173979946164
475157,475157,2695583,1,1,2.399336129423185,3;1;5,ConnectionState;Protocol;TrafficVolume,2;1;5,Application;Protocol;TrafficVolume,2,0.5,0.6300954784335281,-0.18148486067047953,-1.3038756369745874,0.14568774620122316,0.2439831077511396,2.8708806550894317,8.479556326758077,0.11695135918910537,0.1559418364962763,0.590255191883316
475403,475403,1442063,1,1,2.424237549112834,3;1;5,ConnectionState;Protocol;TrafficVolume,2;1;5,Application;Protocol;TrafficVolume,2,0.5,0.630095478433528,-0.18148486067047953,-1.3038756369745874,0.1657511889294075,0.24882108471260395,2.8708806550894317,8.479556326758077,0.11695135918910537,0.2200687442185821,0.5854172149218513
475701,475701,1494976,1,1,5.543641760701085,3;1;5,ConnectionState;Protocol;TrafficVolume,2;3;1,Application;ConnectionState;Protocol,2,0.5,0.6300954784335282,-0.1814848606704793,1.848084826592887,0.1769552522593214,0.20506076940346674,2.8708806550894317,8.479556326758077,3.0350091043783687,0.21239505843601686,0.5416568957477426
475778,475778,438778,1,0,-1.8164003728058233,5;2;3,TrafficVolume;Application;ConnectionState,2;5;1,Application;TrafficVolume;Protocol,2,0.5,0.630095478433528,-1.1512184560095486,-0.9486739447275768,0.15289032516583706,-3.3644240703504233,2.8708806550894317,9.449289922097146,0.23825033305790488,0.23292960798215265,3.6713341347137503
476352,476352,2595085,1,1,2.224878210939724,3;1;5,ConnectionState;Protocol;TrafficVolume,2;1;5,Application;Protocol;TrafficVolume,2,0.5,0.6300954784335281,-0.18148486067047953,-1.3038756369745872,-0.028770172282238438,0.2439831077511396,2.8708806550894317,8.479556326758077,0.11695135918910537,0.1184957408865456,0.590255191883316
476450,476450,957010,1,1,2.9733615465500263,3;2;5,ConnectionState;Application;TrafficVolume,2;3;1,Application;ConnectionState;Protocol,2,0.5,0.6300954784335282,-1.8697164196210028,2.743394182523506,0.1823874381880896,-1.5777294276564557,2.8708806550894317,10.167787885708602,3.9303184603089885,0.18238635415383136,1.9466014749913672
476532,476532,536409,1,1,6.364409557388073,3;1;4,ConnectionState;Protocol;Ports,2;3;1,Application;ConnectionState;Protocol,2,0.5,0.6300954784335282,-0.1814848606704793,2.743394182523506,0.18156033860279489,0.12591412381636144,2.8708806550894317,8.479556326758077,3.9303184603089885,0.18253884373642665,0.4187397543152974
476770,476770,384296,1,1,5.433284481000153,3;1;5,ConnectionState;Protocol;TrafficVolume,2;3;1,Application;ConnectionState;Protocol,2,0.5,0.6300954784335281,-0.1814848606704793,1.848084826592887,0.07466124657435545,0.1969974953875011,2.8708806550894317,8.479556326758077,3.0350091043783687,0.07466016254009755,0.5497201697637084
477024,477024,2680353,1,1,5.4825126309997225,3;1;5,ConnectionState;Protocol;TrafficVolume,2;3;1,Application;ConnectionState;Protocol,2,0.5,0.6300954784335281,-0.1814848606704793,1.8480848265928873,0.12227675421989238,0.19861013774153327,2.8708806550894317,8.479556326758077,3.0350091043783687,0.1502123155457498,0.5481075274096763
477845,477845,136271,1,1,0.7192993079155556,4;3;1,Ports;ConnectionState;Protocol,2;1;4,Application;Protocol;Ports,2,0.5,0.630095478433528,-0.18148486067047953,-1.3038756369745874,-1.5343490753064066,0.24398310775113952,2.8708806550894317,8.479556326758077,0.11695135918910537,1.5343501593406645,0.590255191883316
478234,478234,2798902,1,1,2.435047213510881,3;1;5,ConnectionState;Protocol;TrafficVolume,2;1;5,Application;Protocol;TrafficVolume,2,0.5,0.630095478433528,-0.18148486067047953,-1.3038756369745874,0.18301148606299125,0.24237045197706705,2.8708806550894317,8.479556326758077,0.11695135918910537,0.1830104020287331,0.5918678476573883
478388,478388,1499689,1,1,1.370846536612443,2;3;1,Application;ConnectionState;Protocol,2;1;3,Application;Protocol;ConnectionState,3,1.0,0.630095478433528,-1.1512184560095486,-0.9486739447275768,0.15304651190370858,-0.17733334767002928,2.8708806550894317,9.449289922097146,0.23825033305790488,0.23277342124428105,0.20847869390231688
478620,478620,1820348,1,1,0.962333297215225,2;3;1,Application;ConnectionState;Protocol,2;1;5,Application;Protocol;TrafficVolume,2,0.5,0.630095478433528,-1.1512184560095486,-0.9486739447275767,0.16404374402433008,-0.596843819187869,2.8708806550894317,9.449289922097146,0.23825033305790488,0.2217761891236596,0.6763689374446147
479708,479708,942246,1,1,6.298470649437567,3;1;2,ConnectionState;Protocol;Application,2;3;1,Application;ConnectionState;Protocol,3,1.0,0.6300954784335281,-0.1814848606704793,2.7433941825235064,0.14933895198589298,0.09219660248275718,2.8708806550894317,8.479556326758077,3.9303184603089885,0.21476023035332859,0.3430930864633358
480998,480998,3315334,1,1,5.539742195854186,3;1;5,ConnectionState;Protocol;TrafficVolume,2;3;1,Application;ConnectionState;Protocol,2,0.5,0.6300954784335281,-0.1814848606704793,1.848084826592887,0.18111897602939184,0.19699748078649731,2.8708806550894317,8.479556326758077,3.0350091043783687,0.18111789199513367,0.5497201843647121
481485,481485,522216,1,1,2.7257856038082817,3;1;2,ConnectionState;Protocol;Application,2;1;3,Application;Protocol;ConnectionState,3,1.0,0.630095478433528,-0.18148486067047953,-0.7641960350411057,0.17303889500766576,0.0034018313963115688,2.8708806550894317,8.479556326758077,0.42272824274437615,0.21278103814032379,0.23402226892212072
481557,481557,2443982,1,1,5.491392074837336,3;1;5,ConnectionState;Protocol;TrafficVolume,2;3;1,Application;ConnectionState;Protocol,2,0.5,0.6300954784335281,-0.1814848606704793,1.848084826592887,0.13115607094288476,0.19861026485615363,2.8708806550894317,8.479556326758077,3.0350091043783687,0.13977726000320823,0.5481074002950557
481607,481607,1130260,1,1,2.7888170789240534,3;2;5,ConnectionState;Application;TrafficVolume,2;3;1,Application;ConnectionState;Protocol,2,0.5,0.6300954784335282,-1.8697164196210028,2.743394182523506,0.1653626759371978,-1.7452491330315372,2.8708806550894317,10.167787885708602,3.9303184603089885,0.19873650640202367,2.1013821892087257
482067,482067,1484062,1,1,0.6968254180753175,2;3;5,Application;ConnectionState;TrafficVolume,2;1;5,Application;Protocol;TrafficVolume,2,0.5,0.630095478433528,-1.1512184560095486,-0.9486739447275767,0.1865777701209965,-0.8848857244244429,2.8708806550894317,9.449289922097146,0.23825033305790488,0.19924216302699324,0.9273196827635438
482140,482140,576394,1,1,2.8642934222375533,3;1;2,ConnectionState;Protocol;Application,2;1;3,Application;Protocol;ConnectionState,3,1.0,0.630095478433528,-0.18148486067047953,-0.7641960350411057,0.17605107456526883,0.13889747026798063,2.8708806550894317,8.479556326758077,0.42272824274437615,0.1880481077739526,0.38979390011073833
482389,482389,2960718,1,1,1.495534186101959,3;4;1,ConnectionState;Ports;Protocol,2;1;4,Application;Protocol;Ports,2,0.5,0.6300954784335282,-0.18148486067047953,-1.3038756369745874,-0.758114197120003,0.24398310775113954,2.8708806550894317,8.479556326758077,0.11695135918910537,0.7914266017446744,0.590255191883316
482612,482612,3128663,1,1,5.613587553392274,3;1;4,ConnectionState;Protocol;Ports,2;3;1,Application;ConnectionState;Protocol,2,0.5,0.6300954784335281,-0.1814848606704793,1.8480848265928873,0.2549643198253586,0.19699749452861862,2.8708806550894317,8.479556326758077,3.0350091043783687,0.2549632357911006,0.5497201706225909
482901,482901,212433,1,1,5.498794478686277,3;1;5,ConnectionState;Protocol;TrafficVolume,2;3;1,Application;ConnectionState;Protocol,2,0.5,0.6300954784335282,-0.1814848606704793,1.848084826592887,0.14017125982772605,0.19699747982025428,2.8708806550894317,8.479556326758077,3.0350091043783687,0.14017017579346794,0.549720185330955
483295,483295,565176,1,1,3.586303216783601,1;5;2,Protocol;TrafficVolume;Application,2;1;3,Application;Protocol;ConnectionState,2,0.5,0.6300954784335281,-0.18148486067047953,-0.07440369469235465,0.14835211327962175,0.1988138857509241,2.8708806550894317,8.479556326758077,1.112520583093127,0.21574706905959992,0.5418606182285585
483402,483402,1853946,1,1,1.3340406049821616,2;3;1,Application;ConnectionState;Protocol,2;1;5,Application;Protocol;TrafficVolume,2,0.5,0.630095478433528,-1.1512184560095486,-0.9486739447275768,0.16276937052837284,-0.223862137924975,2.8708806550894317,9.449289922097146,0.23825033305790488,0.22305056261961675,0.25662014234114694
483418,483418,2933706,1,1,5.056329324850278,3;1;4,ConnectionState;Protocol;Ports,2;3;1,Application;ConnectionState;Protocol,2,0.5,0.6300954784335282,-0.1814848606704793,1.848084826592887,-0.30551920491225626,0.20022279072423727,2.8708806550894317,8.479556326758077,3.0350091043783687,0.4009812255183086,0.5464948744269724
483948,483948,402903,1,1,5.426090091333533,3;1;5,ConnectionState;Protocol;TrafficVolume,2;3;1,Application;ConnectionState;Protocol,2,0.5,0.6300954784335282,-0.1814848606704793,1.848084826592887,0.06746687204554111,0.19699748024969566,2.8708806550894317,8.479556326758077,3.0350091043783687,0.06746578801128285,0.5497201849015139
485073,485073,3129129,1,1,5.611876100655078,3;1;4,ConnectionState;Protocol;Ports,2;3;1,Application;ConnectionState;Protocol,2,0.5,0.6300954784335282,-0.1814848606704793,1.848084826592887,0.25325288072292285,0.1969974808938577,2.8708806550894317,8.479556326758077,3.0350091043783687,0.2532517966886646,0.5497201842573518
485286,485286,891309,1,1,6.309987022647409,3;1;2,ConnectionState;Protocol;Application,2;3;1,Application;ConnectionState;Protocol,3,1.0,0.6300954784335281,-0.1814848606704793,2.743394182523506,0.16048527349255617,0.09256665418593647,2.8708806550894317,8.479556326758077,3.9303184603089885,0.20361390884666516,0.3434631381665153
485612,485612,1449979,1,1,2.434933994295261,3;1;5,ConnectionState;Protocol;TrafficVolume,2;1;5,Application;Protocol;TrafficVolume,2,0.5,0.630095478433528,-0.18148486067047953,-1.3038756369745874,0.17644763411183373,0.24882108471260395,2.8708806550894317,8.479556326758077,0.11695135918910537,0.21290267658350448,0.5854172149218513
486270,486270,2643394,1,1,0.9439559240617466,4;3;1,Ports;ConnectionState;Protocol,2;1;4,Application;Protocol;Ports,2,0.5,0.630095478433528,-0.18148486067047953,-1.3038756369745874,-1.308079803386143,0.24237045197706705,2.8708806550894317,8.479556326758077,0.11695135918910537,1.3080808874204013,0.5918678476573883
486473,486473,1599051,1,1,1.3698969774660192,2;3;1,Application;ConnectionState;Protocol,2;1;5,Application;Protocol;TrafficVolume,2,0.5,0.630095478433528,-1.1512184560095486,-0.9486739447275768,0.19862573603380967,-0.22386213094655416,2.8708806550894317,9.449289922097146,0.23825033305790488,0.19862465199955157,0.25662013536272604
486485,486485,1559595,1,1,2.4286189281289214,3;1;5,ConnectionState;Protocol;TrafficVolume,2;1;5,Application;Protocol;TrafficVolume,2,0.5,0.630095478433528,-0.18148486067047953,-1.3038756369745874,0.17013256794549486,0.24882108471260395,2.8708806550894317,8.479556326758077,0.11695135918910537,0.21921774274984346,0.5854172149218513
486532,486532,464099,1,1,0.9941608021211685,5;2;3,TrafficVolume;Application;ConnectionState,2;1;5,Application;Protocol;TrafficVolume,2,0.5,0.6300954784335282,-1.8697164196210028,1.2681788538573024,0.1462293403449979,-2.045556745576018,2.8708806550894317,10.167787885708602,2.4551031316427845,0.2178698419942236,2.6362948045309347
486568,486568,2085681,1,1,1.5142663382396402,2;3;1,Application;ConnectionState;Protocol,2;1;5,Application;Protocol;TrafficVolume,2,0.5,0.630095478433528,-1.1512184560095486,-0.9486739447275768,0.15672053891484555,-0.037587573053969085,2.8708806550894317,9.449289922097146,0.23825033305790488,0.22909939423314418,0.2871931404436484
486855,486855,3043051,1,1,1.0654296490277766,3;4;1,ConnectionState;Ports;Protocol,2;1;4,Application;Protocol;Ports,2,0.5,0.6300954784335282,-0.18148486067047953,-1.3038756369745874,-1.1882187341941857,0.24398310775113952,2.8708806550894317,8.479556326758077,0.11695135918910537,1.1882198182284434,0.590255191883316
487820,487820,1396465,1,1,2.8678252505852955,3;1;4,ConnectionState;Protocol;Ports,2;1;3,Application;Protocol;ConnectionState,2,0.5,0.630095478433528,-0.18148486067047953,-0.7641960350411057,0.19769924220353413,0.12078113097745734,2.8708806550894317,8.479556326758077,0.42272824274437615,0.19769815816927608,0.4136067614763932
488231,488231,2424462,1,1,2.380254977415301,3;1;5,ConnectionState;Protocol;TrafficVolume,2;1;5,Application;Protocol;TrafficVolume,2,0.5,0.6300954784335281,-0.18148486067047953,-1.3038756369745874,0.12821924996741133,0.24237045197706705,2.8708806550894317,8.479556326758077,0.11695135918910537,0.19884096460040074,0.5918678476573883
488498,488498,579686,1,1,6.313254009806613,3;1;2,ConnectionState;Protocol;Application,2;3;1,Application;ConnectionState;Protocol,3,1.0,0.6300954784335282,-0.1814848606704793,2.743394182523506,0.16645049693668576,0.08986841790101073,2.8708806550894317,8.479556326758077,3.9303184603089885,0.21936943621130392,0.3407649018815896
489192,489192,158922,1,1,5.520916394147674,3;1;5,ConnectionState;Protocol;TrafficVolume,2;3;1,Application;ConnectionState;Protocol,2,0.5,0.6300954784335282,-0.1814848606704793,1.848084826592887,0.1622931665929368,0.19699748851644028,2.8708806550894317,8.479556326758077,3.0350091043783687,0.16229208255867883,0.549720176634769
489295,489295,2102310,1,1,2.4673335964341514,2;3;5,Application;ConnectionState;TrafficVolume,2;1;5,Application;Protocol;TrafficVolume,2,0.5,0.630095478433528,-1.1512184560095486,-0.9486739447275768,0.19621188295727304,0.8759883410981147,2.8708806550894317,9.449289922097146,0.23825033305790488,0.19621079892301505,1.4197789866275112
489398,489398,3222197,1,1,5.5774888931028865,3;1;4,ConnectionState;Protocol;Ports,2;3;1,Application;ConnectionState;Protocol,2,0.5,0.6300954784335282,-0.1814848606704793,1.848084826592887,0.21886567274129126,0.19699748132329906,2.8708806550894317,8.479556326758077,3.0350091043783687,0.21886458870703304,0.5497201838279107
491896,491896,430971,1,1,5.4161384013746545,3;1;5,ConnectionState;Protocol;TrafficVolume,2;3;1,Application;ConnectionState;Protocol,2,0.5,0.6300954784335281,-0.1814848606704793,1.848084826592887,0.057515182194022296,0.1969974801423353,2.8708806550894317,8.479556326758077,3.0350091043783687,0.0575140981597643,0.549720185008874
492435,492435,55844,1,1,2.166841474828831,3;1;5,ConnectionState;Protocol;TrafficVolume,2;1;5,Application;Protocol;TrafficVolume,2,0.5,0.6300954784335281,-0.18148486067047953,-1.3038756369745874,-0.08680690839313066,0.2439831077511396,2.8708806550894317,8.479556326758077,0.11695135918910537,0.08680799242738875,0.590255191883316
492491,492491,975661,1,1,2.903250864831057,3;1;4,ConnectionState;Protocol;Ports,2;1;5,Application;Protocol;TrafficVolume,1,0.2,0.6300954784335281,-0.18148486067047953,-0.7641960350411057,0.18771725046858068,0.16618873695817182,2.8708806550894317,8.479556326758077,0.42272824274437615,0.198102682679409,0.46085566890138707
492559,492559,1741817,1,1,1.0059237076103982,3;4;1,ConnectionState;Ports;Protocol,2;1;4,Application;Protocol;Ports,2,0.5,0.6300954784335282,-0.18148486067047953,-1.3038756369745874,-1.2477246756115639,0.24398310775113952,2.8708806550894317,8.479556326758077,0.11695135918910537,1.3740911104946978,0.590255191883316
493008,493008,1892391,1,1,1.4983621273953671,2;3;1,Application;ConnectionState;Protocol,2;1;5,Application;Protocol;TrafficVolume,2,0.5,0.630095478433528,-1.1512184560095486,-0.9486739447275768,0.19364893915243614,-0.09042018413583276,2.8708806550894317,9.449289922097146,0.23825033305790488,0.193647855118178,0.3054086669528365
494286,494286,401031,1,1,5.427928311672659,3;1;5,ConnectionState;Protocol;TrafficVolume,2;3;1,Application;ConnectionState;Protocol,2,0.5,0.6300954784335281,-0.1814848606704793,1.8480848265928873,0.06930508089711275,0.19699749173724987,2.8708806550894317,8.479556326758077,3.0350091043783687,0.06930399686285452,0.5497201734139594
494640,494640,781216,1,0,-0.4383400931121688,1;2;3,Protocol;Application;ConnectionState,2;1;5,Application;Protocol;TrafficVolume,2,0.5,-7.698729316728816,4.981301397145514,-0.9486739447275767,0.16174548644544445,0.20108599007090283,5.45794414007291,15.045514400382036,0.23825033305790488,0.22569005338404163,0.532034569614634
495635,495635,2624979,1,1,3.744362901534418,1;5;2,Protocol;TrafficVolume;Application,2;1;3,Application;Protocol;ConnectionState,2,0.5,0.6300954784335281,-0.18148486067047953,0.04993681768678293,0.17717794276056142,0.2037072286416639,2.8708806550894317,8.479556326758077,1.2368610954722645,0.20864199038742837,0.5209297374264019
495682,495682,2206742,1,0,-3.0967500421446754,3;4;5,ConnectionState;Ports;TrafficVolume,2;3;1,Application;ConnectionState;Protocol,1,0.2,0.6300954784335281,-0.1814848606704795,-6.018059454933889,-1.2216098679407963,0.8293783682845997,2.8708806550894317,8.479556326758077,4.831135177148409,1.329538724517747,0.9060857104347319
496618,496618,2856347,1,1,2.105521465336734,3;1;5,ConnectionState;Protocol;TrafficVolume,2;1;5,Application;Protocol;TrafficVolume,2,0.5,0.630095478433528,-0.18148486067047953,-1.3038756369745874,-0.14651426211115556,0.24237045197706708,2.8708806550894317,8.479556326758077,0.11695135918910537,0.14651534614541356,0.5918678476573883
497572,497572,699386,1,1,2.9086500606222425,3;1;4,ConnectionState;Protocol;Ports,2;1;5,Application;Protocol;TrafficVolume,1,0.2,0.630095478433528,-0.18148486067047953,-0.7641960350411057,0.19311647159680187,0.16618871162113627,2.8708806550894317,8.479556326758077,0.42272824274437615,0.19311538756254396,0.460855694238423
497609,497609,1075632,1,0,-0.4419192828370342,1;2;3,Protocol;Application;ConnectionState,2;1;5,Application;Protocol;TrafficVolume,2,0.5,-7.698729316728816,4.981301397145514,-0.9486739447275767,0.15756029056555876,0.20169199622592335,5.45794414007291,15.045514400382036,0.23825033305790488,0.2298752492639273,0.5294141668414211
497997,497997,1508295,1,1,1.4067333301538056,2;3;1,Application;ConnectionState;Protocol,2;1;5,Application;Protocol;TrafficVolume,2,0.5,0.630095478433528,-1.1512184560095486,-0.9486739447275768,0.1894743934549047,-0.17787443567986283,2.8708806550894317,9.449289922097146,0.23825033305790488,0.19634553969308502,0.2912654023061089
498089,498089,2268794,1,1,5.273826306166367,3;1;5,ConnectionState;Protocol;TrafficVolume,2;3;1,Application;ConnectionState;Protocol,2,0.5,0.6300954784335281,-0.1814848606704793,1.848084826592887,-0.08802223851925196,0.20022280564732167,2.8708806550894317,8.479556326758077,3.0350091043783687,0.08802332255351014,0.5464948595038877
499364,499364,2884310,1,1,2.4573278982756532,3;1;5,ConnectionState;Protocol;TrafficVolume,2;1;5,Application;Protocol;TrafficVolume,2,0.5,0.6300954784335281,-0.18148486067047953,-1.3038756369745874,0.20367951505369095,0.2439831077511396,2.8708806550894317,8.479556326758077,0.11695135918910537,0.20367843101943292,0.590255191883316
499744,499744,2538340,1,1,3.789595323959609,1;5;4,Protocol;TrafficVolume;Ports,2;1;3,Application;Protocol;ConnectionState,1,0.2,0.630095478433528,-0.18148486067047953,0.04993681768678293,0.18535979762442165,0.24075779620299498,2.8708806550894317,8.479556326758077,1.2368610954722645,0.18535871359016357,0.5934805034314606
500598,500598,246267,1,1,5.488050455498717,3;1;5,ConnectionState;Protocol;TrafficVolume,2;3;1,Application;ConnectionState;Protocol,2,0.5,0.6300954784335282,-0.1814848606704793,1.848084826592887,0.129427235781284,0.19699748067913705,2.8708806550894317,8.479556326758077,3.0350091043783687,0.12942615174702612,0.5497201844720725
500920,500920,2615416,1,1,5.4805129541832205,3;1;5,ConnectionState;Protocol;TrafficVolume,2;3;1,Application;ConnectionState;Protocol,2,0.5,0.6300954784335281,-0.1814848606704793,1.848084826592887,0.12027707998003859,0.1986101351648854,2.8708806550894317,8.479556326758077,3.0350091043783687,0.20917662318800018,0.5481075299863241
500966,500966,814208,1,1,2.8895061218715217,3;1;2,ConnectionState;Protocol;Application,2;1;5,Application;Protocol;TrafficVolume,2,0.5,0.6300954784335281,-0.18148486067047953,-0.7641960350411057,0.17397248925779074,0.16618875520942653,2.8708806550894317,8.479556326758077,0.42272824274437615,0.21184744389019913,0.46085565065013245
501966,501966,32443,1,1,2.137096612934685,3;1;5,ConnectionState;Protocol;TrafficVolume,2;1;5,Application;Protocol;TrafficVolume,2,0.5,0.630095478433528,-0.18148486067047953,-1.3038756369745874,-0.11493911451320481,0.24237045197706705,2.8708806550894317,8.479556326758077,0.11695135918910537,0.11494019854746296,0.5918678476573883
502205,502205,2255920,1,1,5.279333788870529,3;1;5,ConnectionState;Protocol;TrafficVolume,2;3;1,Application;ConnectionState;Protocol,2,0.5,0.6300954784335281,-0.1814848606704793,1.848084826592887,-0.08251475076915415,0.20022280060138692,2.8708806550894317,8.479556326758077,3.0350091043783687,0.08251583480341237,0.5464948645498227
